       0  2.0000000E+03  1.3314394E+00  9.8987405E-01  3.4156532E-01  1.1465188E-01  1.1818850E-01 -3.5366213E-03 -1.4913592E-03  2.5397294E-03 -4.0310886E-03
       1  2.0000094E+03  1.3313792E+00  9.8982760E-01  3.4155157E-01  1.1545934E-01  1.1859879E-01 -3.1394511E-03 -8.0531669E-04  3.2355665E-03 -4.0408832E-03
       2  2.0000188E+03  1.3313671E+00  9.8982490E-01  3.4154215E-01  1.2071336E-01  1.2331710E-01 -2.6037371E-03 -6.9373277E-04  3.3558152E-03 -4.0495480E-03
       3  2.0000283E+03  1.3313798E+00  9.8984777E-01  3.4153208E-01  1.2358602E-01  1.2583823E-01 -2.2522074E-03 -1.1094271E-03  2.9472463E-03 -4.0566734E-03
       4  2.0000377E+03  1.3313565E+00  9.8983475E-01  3.4152176E-01  1.2675140E-01  1.2859922E-01 -1.8478182E-03 -1.1054485E-03  2.9578185E-03 -4.0632670E-03
       5  2.0000471E+03  1.3313720E+00  9.8985728E-01  3.4151475E-01  1.2950579E-01  1.3092005E-01 -1.4142629E-03 -1.1985712E-03  2.8711030E-03 -4.0696741E-03
       6  2.0000565E+03  1.3313648E+00  9.8985991E-01  3.4150487E-01  1.3256590E-01  1.3353002E-01 -9.6412366E-04 -1.2941034E-03  2.7817741E-03 -4.0758775E-03
       7  2.0000660E+03  1.3313741E+00  9.8987952E-01  3.4149453E-01  1.3546435E-01  1.3600221E-01 -5.3786155E-04 -1.3929197E-03  2.6888255E-03 -4.0817452E-03
       8  2.0000754E+03  1.3313845E+00  9.8989919E-01  3.4148532E-01  1.3838397E-01  1.3848822E-01 -1.0425056E-04 -1.4362686E-03  2.6513590E-03 -4.0876276E-03
       9  2.0000848E+03  1.3314000E+00  9.8992158E-01  3.4147846E-01  1.4132928E-01  1.4101254E-01  3.1674195E-04 -1.5573677E-03  2.5357092E-03 -4.0930769E-03
      10  2.0000942E+03  1.3313992E+00  9.8993013E-01  3.4146909E-01  1.4416722E-01  1.4340778E-01  7.5944662E-04 -1.5512377E-03  2.5474459E-03 -4.0986835E-03
      11  2.0001037E+03  1.3314410E+00  9.8997921E-01  3.4146179E-01  1.4709288E-01  1.4591510E-01  1.1777813E-03 -1.7197678E-03  2.3838335E-03 -4.1036013E-03
      12  2.0001131E+03  1.3314471E+00  9.8999269E-01  3.4145442E-01  1.4994735E-01  1.4833465E-01  1.6127026E-03 -1.7190660E-03  2.3896507E-03 -4.1087167E-03
      13  2.0001225E+03  1.3314817E+00  9.9003241E-01  3.4144925E-01  1.5279331E-01  1.5074966E-01  2.0436564E-03 -1.8013944E-03  2.3120160E-03 -4.1134104E-03
      14  2.0001319E+03  1.3315120E+00  9.9007082E-01  3.4144116E-01  1.5564607E-01  1.5316068E-01  2.4853935E-03 -1.8713832E-03  2.2463320E-03 -4.1177152E-03
      15  2.0001413E+03  1.3315431E+00  9.9010819E-01  3.4143491E-01  1.5847529E-01  1.5557063E-01  2.9046533E-03 -1.9494086E-03  2.1723273E-03 -4.1217359E-03
      16  2.0001508E+03  1.3315763E+00  9.9014633E-01  3.4142996E-01  1.6126829E-01  1.5792786E-01  3.3404298E-03 -1.9811102E-03  2.1446649E-03 -4.1257751E-03
      17  2.0001602E+03  1.3316218E+00  9.9019761E-01  3.4142420E-01  1.6405660E-01  1.6028783E-01  3.7687654E-03 -2.0154535E-03  2.1137407E-03 -4.1291941E-03
      18  2.0001696E+03  1.3316618E+00  9.9024231E-01  3.4141948E-01  1.6684599E-01  1.6265291E-01  4.1930821E-03 -2.0779206E-03  2.0546423E-03 -4.1325628E-03
      19  2.0001790E+03  1.3317088E+00  9.9029464E-01  3.4141414E-01  1.6959730E-01  1.6497932E-01  4.6179744E-03 -2.1595172E-03  1.9761582E-03 -4.1356754E-03
      20  2.0001885E+03  1.3317618E+00  9.9035104E-01  3.4141080E-01  1.7236033E-01  1.6730728E-01  5.0530428E-03 -2.1862512E-03  1.9520503E-03 -4.1383015E-03
      21  2.0001979E+03  1.3318094E+00  9.9040288E-01  3.4140651E-01  1.7505287E-01  1.6958378E-01  5.4690982E-03 -2.1759798E-03  1.9646906E-03 -4.1406704E-03
      22  2.0002073E+03  1.3318717E+00  9.9046940E-01  3.4140228E-01  1.7781204E-01  1.7189726E-01  5.9147807E-03 -2.3195153E-03  1.8233092E-03 -4.1428245E-03
      23  2.0002167E+03  1.3319305E+00  9.9053066E-01  3.4139986E-01  1.8046545E-01  1.7413727E-01  6.3281779E-03 -2.3191657E-03  1.8250853E-03 -4.1442510E-03
      24  2.0002262E+03  1.3319900E+00  9.9059320E-01  3.4139680E-01  1.8315512E-01  1.7639885E-01  6.7562663E-03 -2.2827952E-03  1.8630249E-03 -4.1458202E-03
      25  2.0002356E+03  1.3320586E+00  9.9066476E-01  3.4139379E-01  1.8582888E-01  1.7863920E-01  7.1896833E-03 -2.4048182E-03  1.7420192E-03 -4.1468374E-03
      26  2.0002450E+03  1.3321286E+00  9.9073628E-01  3.4139233E-01  1.8846010E-01  1.8085261E-01  7.6074855E-03 -2.4403388E-03  1.7069901E-03 -4.1473289E-03
      27  2.0002544E+03  1.3322030E+00  9.9081242E-01  3.4139060E-01  1.9107386E-01  1.8303632E-01  8.0375411E-03 -2.4283865E-03  1.7193945E-03 -4.1477809E-03
      28  2.0002639E+03  1.3322748E+00  9.9088584E-01  3.4138895E-01  1.9368662E-01  1.8522497E-01  8.4616477E-03 -2.4392725E-03  1.7083458E-03 -4.1476182E-03
      29  2.0002733E+03  1.3323585E+00  9.9097020E-01  3.4138826E-01  1.9628051E-01  1.8740527E-01  8.8752396E-03 -2.5348579E-03  1.6123352E-03 -4.1471931E-03
      30  2.0002827E+03  1.3324381E+00  9.9105061E-01  3.4138746E-01  1.9882681E-01  1.8952352E-01  9.3032910E-03 -2.4989924E-03  1.6475037E-03 -4.1464961E-03
      31  2.0002921E+03  1.3325255E+00  9.9113802E-01  3.4138751E-01  2.0140421E-01  1.9167741E-01  9.7268058E-03 -2.5610307E-03  1.5842158E-03 -4.1452464E-03
      32  2.0003015E+03  1.3326126E+00  9.9122474E-01  3.4138783E-01  2.0390281E-01  1.9376597E-01  1.0136839E-02 -2.5649535E-03  1.5787171E-03 -4.1436705E-03
      33  2.0003110E+03  1.3327023E+00  9.9131469E-01  3.4138761E-01  2.0643224E-01  1.9586698E-01  1.0565252E-02 -2.5718890E-03  1.5699529E-03 -4.1418419E-03
      34  2.0003204E+03  1.3327988E+00  9.9140932E-01  3.4138947E-01  2.0891992E-01  1.9794407E-01  1.0975857E-02 -2.6002459E-03  1.5391700E-03 -4.1394159E-03
      35  2.0003298E+03  1.3328990E+00  9.9150919E-01  3.4138980E-01  2.1135701E-01  1.9996209E-01  1.1394920E-02 -2.6339515E-03  1.5028009E-03 -4.1367523E-03
      36  2.0003392E+03  1.3329945E+00  9.9160310E-01  3.4139141E-01  2.1384632E-01  2.0202748E-01  1.1818843E-02 -2.6324273E-03  1.5011700E-03 -4.1335973E-03
      37  2.0003487E+03  1.3331015E+00  9.9170602E-01  3.4139546E-01  2.1624644E-01  2.0402300E-01  1.2223440E-02 -2.6410420E-03  1.4889784E-03 -4.1300204E-03
      38  2.0003581E+03  1.3332079E+00  9.9181142E-01  3.4139650E-01  2.1866994E-01  2.0602539E-01  1.2644546E-02 -2.6743315E-03  1.4517982E-03 -4.1261298E-03
      39  2.0003675E+03  1.3333106E+00  9.9191063E-01  3.4139993E-01  2.2105313E-01  2.0800325E-01  1.3049880E-02 -2.6493240E-03  1.4724321E-03 -4.1217561E-03
      40  2.0003769E+03  1.3334327E+00  9.9202918E-01  3.4140348E-01  2.2338382E-01  2.0992269E-01  1.3461130E-02 -2.6789876E-03  1.4380498E-03 -4.1170374E-03
      41  2.0003864E+03  1.3335367E+00  9.9213112E-01  3.4140560E-01  2.2577680E-01  2.1190278E-01  1.3874018E-02 -2.6829085E-03  1.4289773E-03 -4.1118858E-03
      42  2.0003958E+03  1.3336569E+00  9.9224603E-01  3.4141084E-01  2.2807224E-01  2.1379375E-01  1.4278490E-02 -2.6818438E-03  1.4244455E-03 -4.1062893E-03
      43  2.0004052E+03  1.3337833E+00  9.9236902E-01  3.4141424E-01  2.3034904E-01  2.1565869E-01  1.4690351E-02 -2.6951957E-03  1.4051252E-03 -4.1003209E-03
      44  2.0004146E+03  1.3338965E+00  9.9247769E-01  3.4141884E-01  2.3265947E-01  2.1756292E-01  1.5096554E-02 -2.6937116E-03  1.4001860E-03 -4.0938976E-03
      45  2.0004240E+03  1.3340269E+00  9.9260251E-01  3.4142442E-01  2.3490237E-01  2.1940329E-01  1.5499079E-02 -2.6940035E-03  1.3930400E-03 -4.0870434E-03
      46  2.0004335E+03  1.3341563E+00  9.9272675E-01  3.4142956E-01  2.3709133E-01  2.2119012E-01  1.5901209E-02 -2.6952800E-03  1.3845041E-03 -4.0797841E-03
      47  2.0004429E+03  1.3342821E+00  9.9284692E-01  3.4143516E-01  2.3936514E-01  2.2306278E-01  1.6302355E-02 -2.6916047E-03  1.3805039E-03 -4.0721086E-03
      48  2.0004523E+03  1.3344158E+00  9.9297433E-01  3.4144148E-01  2.4149131E-01  2.2479049E-01  1.6700819E-02 -2.6908949E-03  1.3730778E-03 -4.0639727E-03
      49  2.0004617E+03  1.3345486E+00  9.9310099E-01  3.4144763E-01  2.4369393E-01  2.2659217E-01  1.7101756E-02 -2.6829686E-03  1.3724832E-03 -4.0554518E-03
      50  2.0004712E+03  1.3346872E+00  9.9323250E-01  3.4145471E-01  2.4580587E-01  2.2830902E-01  1.7496848E-02 -2.6848088E-03  1.3616542E-03 -4.0464630E-03
      51  2.0004806E+03  1.3348261E+00  9.9336468E-01  3.4146146E-01  2.4791773E-01  2.3002653E-01  1.7891195E-02 -2.6742814E-03  1.3627536E-03 -4.0370351E-03
      52  2.0004900E+03  1.3349657E+00  9.9349623E-01  3.4146949E-01  2.5001980E-01  2.3173510E-01  1.8284705E-02 -2.6623865E-03  1.3648243E-03 -4.0272108E-03
      53  2.0004994E+03  1.3351137E+00  9.9363612E-01  3.4147759E-01  2.5207186E-01  2.3339676E-01  1.8675100E-02 -2.6637635E-03  1.3532015E-03 -4.0169650E-03
      54  2.0005089E+03  1.3352552E+00  9.9376972E-01  3.4148548E-01  2.5414364E-01  2.3507812E-01  1.9065518E-02 -2.6505629E-03  1.3557248E-03 -4.0062877E-03
      55  2.0005183E+03  1.3354088E+00  9.9391465E-01  3.4149418E-01  2.5606032E-01  2.3660973E-01  1.9450583E-02 -2.6375885E-03  1.3575774E-03 -3.9951659E-03
      56  2.0005277E+03  1.3355513E+00  9.9404813E-01  3.4150313E-01  2.5817599E-01  2.3833495E-01  1.9841035E-02 -2.6229686E-03  1.3605895E-03 -3.9835581E-03
      57  2.0005371E+03  1.3357041E+00  9.9419257E-01  3.4151157E-01  2.6006775E-01  2.3984814E-01  2.0219613E-02 -2.6184536E-03  1.3531493E-03 -3.9716029E-03
      58  2.0005465E+03  1.3358648E+00  9.9434221E-01  3.4152257E-01  2.6201162E-01  2.4140738E-01  2.0604238E-02 -2.5989118E-03  1.3602101E-03 -3.9591219E-03
      59  2.0005560E+03  1.3360113E+00  9.9447984E-01  3.4153150E-01  2.6393320E-01  2.4294906E-01  2.0984132E-02 -2.5836060E-03  1.3626728E-03 -3.9462788E-03
      60  2.0005654E+03  1.3361759E+00  9.9463442E-01  3.4154146E-01  2.6582953E-01  2.4446895E-01  2.1360581E-02 -2.5709703E-03  1.3619729E-03 -3.9329433E-03
      61  2.0005748E+03  1.3363267E+00  9.9477459E-01  3.4155215E-01  2.6768318E-01  2.4594557E-01  2.1737612E-02 -2.5603256E-03  1.3589416E-03 -3.9192672E-03
      62  2.0005842E+03  1.3364966E+00  9.9493272E-01  3.4156383E-01  2.6949909E-01  2.4739087E-01  2.2108225E-02 -2.5282554E-03  1.3768096E-03 -3.9050650E-03
      63  2.0005937E+03  1.3366531E+00  9.9507918E-01  3.4157395E-01  2.7133598E-01  2.4885276E-01  2.2483225E-02 -2.5217554E-03  1.3688249E-03 -3.8905804E-03
      64  2.0006031E+03  1.3368159E+00  9.9523025E-01  3.4158564E-01  2.7310910E-01  2.5025922E-01  2.2849879E-02 -2.4963127E-03  1.3790381E-03 -3.8753508E-03
      65  2.0006125E+03  1.3369831E+00  9.9538495E-01  3.4159814E-01  2.7485203E-01  2.5163713E-01  2.3214906E-02 -2.4850091E-03  1.3750018E-03 -3.8600109E-03
      66  2.0006219E+03  1.3371477E+00  9.9553805E-01  3.4160969E-01  2.7659477E-01  2.5301386E-01  2.3580905E-02 -2.4494966E-03  1.3946172E-03 -3.8441138E-03
      67  2.0006314E+03  1.3373179E+00  9.9569685E-01  3.4162106E-01  2.7828417E-01  2.5433634E-01  2.3947835E-02 -2.4408945E-03  1.3868649E-03 -3.8277594E-03
      68  2.0006408E+03  1.3374822E+00  9.9584847E-01  3.4163372E-01  2.7998218E-01  2.5567602E-01  2.4306159E-02 -2.4121325E-03  1.3987892E-03 -3.8109217E-03
      69  2.0006502E+03  1.3376565E+00  9.9600915E-01  3.4164734E-01  2.8161694E-01  2.5695558E-01  2.4661364E-02 -2.3897386E-03  1.4040173E-03 -3.7937560E-03
      70  2.0006596E+03  1.3378285E+00  9.9616890E-01  3.4165964E-01  2.8321723E-01  2.5819705E-01  2.5020181E-02 -2.3682183E-03  1.4079833E-03 -3.7762016E-03
      71  2.0006690E+03  1.3379974E+00  9.9632446E-01  3.4167289E-01  2.8484088E-01  2.5946735E-01  2.5373535E-02 -2.3426563E-03  1.4154276E-03 -3.7580839E-03
      72  2.0006785E+03  1.3381710E+00  9.9648375E-01  3.4168728E-01  2.8640134E-01  2.6067907E-01  2.5722277E-02 -2.3148440E-03  1.4247862E-03 -3.7396302E-03
      73  2.0006879E+03  1.3383467E+00  9.9664612E-01  3.4170062E-01  2.8792231E-01  2.6185145E-01  2.6070868E-02 -2.2911504E-03  1.4296424E-03 -3.7207928E-03
      74  2.0006973E+03  1.3385224E+00  9.9680714E-01  3.4171525E-01  2.8943095E-01  2.6301398E-01  2.6416966E-02 -2.2655142E-03  1.4359054E-03 -3.7014195E-03
      75  2.0007067E+03  1.3386959E+00  9.9696646E-01  3.4172947E-01  2.9092930E-01  2.6417047E-01  2.6758834E-02 -2.2353267E-03  1.4463604E-03 -3.6816870E-03
      76  2.0007162E+03  1.3388762E+00  9.9713173E-01  3.4174443E-01  2.9235844E-01  2.6526020E-01  2.7098242E-02 -2.2078592E-03  1.4537003E-03 -3.6615595E-03
      77  2.0007256E+03  1.3390491E+00  9.9729007E-01  3.4175906E-01  2.9382387E-01  2.6638621E-01  2.7437656E-02 -2.1746173E-03  1.4663452E-03 -3.6409625E-03
      78  2.0007350E+03  1.3392313E+00  9.9745694E-01  3.4177432E-01  2.9513600E-01  2.6736638E-01  2.7769621E-02 -2.1557473E-03  1.4642164E-03 -3.6199637E-03
      79  2.0007444E+03  1.3394070E+00  9.9761697E-01  3.4179006E-01  2.9658499E-01  2.6847950E-01  2.8105487E-02 -2.1117625E-03  1.4867797E-03 -3.5985422E-03
      80  2.0007539E+03  1.3395860E+00  9.9778079E-01  3.4180525E-01  2.9787286E-01  2.6943964E-01  2.8433219E-02 -2.0942514E-03  1.4824796E-03 -3.5767309E-03
      81  2.0007633E+03  1.3397692E+00  9.9794760E-01  3.4182160E-01  2.9920160E-01  2.7044124E-01  2.8760356E-02 -2.0553533E-03  1.4991077E-03 -3.5544610E-03
      82  2.0007727E+03  1.3399404E+00  9.9810452E-01  3.4183590E-01  3.0049461E-01  2.7140834E-01  2.9086277E-02 -2.0245235E-03  1.5073267E-03 -3.5318502E-03
      83  2.0007821E+03  1.3401287E+00  9.9827560E-01  3.4185308E-01  3.0168330E-01  2.7227688E-01  2.9406429E-02 -1.9926849E-03  1.5160668E-03 -3.5087517E-03
      84  2.0007916E+03  1.3403040E+00  9.9843459E-01  3.4186941E-01  3.0297736E-01  2.7325011E-01  2.9727249E-02 -1.9576170E-03  1.5276334E-03 -3.4852504E-03
      85  2.0008010E+03  1.3404864E+00  9.9859966E-01  3.4188675E-01  3.0412042E-01  2.7408348E-01  3.0036935E-02 -1.9284374E-03  1.5329949E-03 -3.4614323E-03
      86  2.0008104E+03  1.3406661E+00  9.9876327E-01  3.4190287E-01  3.0529567E-01  2.7494350E-01  3.0352170E-02 -1.8909489E-03  1.5462635E-03 -3.4372124E-03
      87  2.0008198E+03  1.3408444E+00  9.9892465E-01  3.4191980E-01  3.0641533E-01  2.7575334E-01  3.0661995E-02 -1.8561696E-03  1.5563482E-03 -3.4125178E-03
      88  2.0008292E+03  1.3410273E+00  9.9908986E-01  3.4193740E-01  3.0753346E-01  2.7656534E-01  3.0968118E-02 -1.8251090E-03  1.5623556E-03 -3.3874646E-03
      89  2.0008387E+03  1.3412053E+00  9.9925099E-01  3.4195436E-01  3.0857896E-01  2.7730697E-01  3.1271992E-02 -1.7876344E-03  1.5744365E-03 -3.3620709E-03
      90  2.0008481E+03  1.3413878E+00  9.9941594E-01  3.4197181E-01  3.0964987E-01  2.7807738E-01  3.1572485E-02 -1.7530813E-03  1.5831007E-03 -3.3361820E-03
      91  2.0008575E+03  1.3415656E+00  9.9957631E-01  3.4198931E-01  3.1064190E-01  2.7877100E-01  3.1870892E-02 -1.7125894E-03  1.5973940E-03 -3.3099834E-03
      92  2.0008669E+03  1.3417402E+00  9.9973371E-01  3.4200648E-01  3.1159987E-01  2.7943340E-01  3.2166472E-02 -1.6758505E-03  1.6074905E-03 -3.2833410E-03
      93  2.0008764E+03  1.3419269E+00  9.9990164E-01  3.4202523E-01  3.1262023E-01  2.8016181E-01  3.2458422E-02 -1.6386529E-03  1.6176416E-03 -3.2562944E-03
      94  2.0008858E+03  1.3420965E+00  1.0000537E+00  3.4204278E-01  3.1346899E-01  2.8072763E-01  3.2741353E-02 -1.5996712E-03  1.6292562E-03 -3.2289274E-03
      95  2.0008952E+03  1.3422835E+00  1.0002218E+00  3.4206162E-01  3.1440425E-01  2.8137463E-01  3.3029616E-02 -1.5622171E-03  1.6390004E-03 -3.2012174E-03
      96  2.0009046E+03  1.3424521E+00  1.0003738E+00  3.4207832E-01  3.1521605E-01  2.8190315E-01  3.3312893E-02 -1.5247380E-03  1.6482966E-03 -3.1730346E-03
      97  2.0009141E+03  1.3426347E+00  1.0005369E+00  3.4209779E-01  3.1609023E-01  2.8250098E-01  3.3589245E-02 -1.4791863E-03  1.6652476E-03 -3.1444339E-03
      98  2.0009235E+03  1.3428045E+00  1.0006887E+00  3.4211581E-01  3.1687883E-01  2.8301218E-01  3.3866646E-02 -1.4507895E-03  1.6648892E-03 -3.1156787E-03
      99  2.0009329E+03  1.3429828E+00  1.0008486E+00  3.4213419E-01  3.1759071E-01  2.8345187E-01  3.4138842E-02 -1.4041496E-03  1.6822004E-03 -3.0863500E-03
     100  2.0009423E+03  1.3431540E+00  1.0010009E+00  3.4215313E-01  3.1840080E-01  2.8399569E-01  3.4405106E-02 -1.3628432E-03  1.6938707E-03 -3.0567139E-03
     101  2.0009517E+03  1.3433285E+00  1.0011570E+00  3.4217158E-01  3.1905428E-01  2.8438330E-01  3.4670983E-02 -1.3204440E-03  1.7063917E-03 -3.0268357E-03
     102  2.0009612E+03  1.3435005E+00  1.0013101E+00  3.4219042E-01  3.1974572E-01  2.8481079E-01  3.4934930E-02 -1.2853880E-03  1.7110303E-03 -2.9964182E-03
     103  2.0009706E+03  1.3436687E+00  1.0014591E+00  3.4220958E-01  3.2039055E-01  2.8520284E-01  3.5187707E-02 -1.2385022E-03  1.7272298E-03 -2.9657320E-03
     104  2.0009800E+03  1.3438418E+00  1.0016128E+00  3.4222903E-01  3.2098645E-01  2.8554306E-01  3.5443384E-02 -1.1976434E-03  1.7371783E-03 -2.9348217E-03
     105  2.0009894E+03  1.3440057E+00  1.0017586E+00  3.4224713E-01  3.2157814E-01  2.8588232E-01  3.5695822E-02 -1.1534380E-03  1.7499626E-03 -2.9034007E-03
     106  2.0009989E+03  1.3441771E+00  1.0019102E+00  3.4226696E-01  3.2212961E-01  2.8618436E-01  3.5945245E-02 -1.1158316E-03  1.7558786E-03 -2.8717102E-03
     107  2.0010083E+03  1.3443390E+00  1.0020538E+00  3.4228521E-01  3.2261237E-01  2.8642240E-01  3.6189969E-02 -1.0697945E-03  1.7697766E-03 -2.8395711E-03
     108  2.0010177E+03  1.3445045E+00  1.0022004E+00  3.4230407E-01  3.2315475E-01  2.8672294E-01  3.6431805E-02 -1.0246523E-03  1.7825178E-03 -2.8071701E-03
     109  2.0010271E+03  1.3446649E+00  1.0023413E+00  3.4232357E-01  3.2356199E-01  2.8689630E-01  3.6665691E-02 -9.8695370E-04  1.7875267E-03 -2.7744804E-03
     110  2.0010366E+03  1.3448293E+00  1.0024866E+00  3.4234276E-01  3.2401090E-01  2.8710874E-01  3.6902154E-02 -9.3770030E-04  1.8037391E-03 -2.7414394E-03
     111  2.0010460E+03  1.3449871E+00  1.0026249E+00  3.4236213E-01  3.2438616E-01  2.8725487E-01  3.7131285E-02 -8.9491769E-04  1.8131021E-03 -2.7080198E-03
     112  2.0010554E+03  1.3451444E+00  1.0027633E+00  3.4238105E-01  3.2475229E-01  2.8739420E-01  3.7358085E-02 -8.4873645E-04  1.8255719E-03 -2.6743083E-03
     113  2.0010648E+03  1.3453037E+00  1.0029035E+00  3.4240015E-01  3.2508654E-01  2.8750428E-01  3.7582263E-02 -8.0441807E-04  1.8358568E-03 -2.6402748E-03
     114  2.0010742E+03  1.3454530E+00  1.0030348E+00  3.4241821E-01  3.2536890E-01  2.8756698E-01  3.7801917E-02 -7.6192924E-04  1.8439809E-03 -2.6059101E-03
     115  2.0010837E+03  1.3456060E+00  1.0031679E+00  3.4243809E-01  3.2564361E-01  2.8762597E-01  3.8017639E-02 -7.1204921E-04  1.8591491E-03 -2.5711983E-03
     116  2.0010931E+03  1.3457582E+00  1.0033008E+00  3.4245740E-01  3.2588364E-01  2.8765522E-01  3.8228417E-02 -6.6611412E-04  1.8701287E-03 -2.5362428E-03
     117  2.0011025E+03  1.3459073E+00  1.0034318E+00  3.4247549E-01  3.2607211E-01  2.8763447E-01  3.8437637E-02 -6.2498012E-04  1.8760072E-03 -2.5009873E-03
     118  2.0011119E+03  1.3460520E+00  1.0035571E+00  3.4249485E-01  3.2624539E-01  2.8760108E-01  3.8644307E-02 -5.7473941E-04  1.8906144E-03 -2.4653539E-03
     119  2.0011214E+03  1.3461967E+00  1.0036826E+00  3.4251402E-01  3.2639892E-01  2.8755511E-01  3.8843802E-02 -5.2963517E-04  1.8998177E-03 -2.4294528E-03
     120  2.0011308E+03  1.3463404E+00  1.0038077E+00  3.4253265E-01  3.2649261E-01  2.8745274E-01  3.9039873E-02 -4.8365472E-04  1.9096594E-03 -2.3933141E-03
     121  2.0011402E+03  1.3464783E+00  1.0039269E+00  3.4255142E-01  3.2658387E-01  2.8734948E-01  3.9234387E-02 -4.3585908E-04  1.9209912E-03 -2.3568502E-03
     122  2.0011496E+03  1.3466175E+00  1.0040472E+00  3.4257024E-01  3.2660176E-01  2.8717871E-01  3.9423053E-02 -3.8790192E-04  1.9321409E-03 -2.3200428E-03
     123  2.0011591E+03  1.3467515E+00  1.0041634E+00  3.4258811E-01  3.2662921E-01  2.8701781E-01  3.9611400E-02 -3.3770991E-04  1.9452880E-03 -2.2829979E-03
     124  2.0011685E+03  1.3468853E+00  1.0042774E+00  3.4260786E-01  3.2661804E-01  2.8682646E-01  3.9791575E-02 -2.9823064E-04  1.9474174E-03 -2.2456480E-03
     125  2.0011779E+03  1.3470155E+00  1.0043894E+00  3.4262619E-01  3.2654857E-01  2.8657935E-01  3.9969220E-02 -2.4279600E-04  1.9652915E-03 -2.2080875E-03
     126  2.0011873E+03  1.3471463E+00  1.0045026E+00  3.4264379E-01  3.2648429E-01  2.8633966E-01  4.0144633E-02 -1.9990936E-04  1.9702764E-03 -2.1701857E-03
     127  2.0011968E+03  1.3472684E+00  1.0046062E+00  3.4266220E-01  3.2635536E-01  2.8603959E-01  4.0315769E-02 -1.4505436E-04  1.9869908E-03 -2.1320452E-03
     128  2.0012062E+03  1.3473951E+00  1.0047149E+00  3.4268024E-01  3.2622561E-01  2.8574538E-01  4.0480229E-02 -1.0345538E-04  1.9901746E-03 -2.0936299E-03
     129  2.0012156E+03  1.3475124E+00  1.0048145E+00  3.4269797E-01  3.2604320E-01  2.8540154E-01  4.0641664E-02 -5.0542713E-05  2.0044585E-03 -2.0550013E-03
     130  2.0012250E+03  1.3476308E+00  1.0049152E+00  3.4271566E-01  3.2583392E-01  2.8503087E-01  4.0803050E-02 -2.1682619E-06  2.0139323E-03 -2.0161006E-03
     131  2.0012344E+03  1.3477468E+00  1.0050128E+00  3.4273400E-01  3.2559437E-01  2.8463789E-01  4.0956479E-02  4.5630126E-05  2.0225447E-03 -1.9769146E-03
     132  2.0012439E+03  1.3478594E+00  1.0051083E+00  3.4275111E-01  3.2532699E-01  2.8422150E-01  4.1105483E-02  9.7547347E-05  2.0350273E-03 -1.9374800E-03
     133  2.0012533E+03  1.3479697E+00  1.0052013E+00  3.4276846E-01  3.2502620E-01  2.8377230E-01  4.1253903E-02  1.4311411E-04  2.0409776E-03 -1.8978635E-03
     134  2.0012627E+03  1.3480752E+00  1.0052891E+00  3.4278606E-01  3.2468500E-01  2.8328888E-01  4.1396126E-02  1.9449752E-04  2.0524662E-03 -1.8579687E-03
     135  2.0012721E+03  1.3481820E+00  1.0053786E+00  3.4280342E-01  3.2433126E-01  2.8279785E-01  4.1533406E-02  2.4557835E-04  2.0633833E-03 -1.8178050E-03
     136  2.0012816E+03  1.3482799E+00  1.0054603E+00  3.4281951E-01  3.2392737E-01  2.8225925E-01  4.1668116E-02  2.9275200E-04  2.0702528E-03 -1.7775008E-03
     137  2.0012910E+03  1.3483783E+00  1.0055416E+00  3.4283676E-01  3.2349339E-01  2.8169484E-01  4.1798547E-02  3.4462340E-04  2.0815431E-03 -1.7369197E-03
     138  2.0013004E+03  1.3484763E+00  1.0056229E+00  3.4285337E-01  3.2307123E-01  2.8114495E-01  4.1926279E-02  3.9596982E-04  2.0920928E-03 -1.6961230E-03
     139  2.0013098E+03  1.3485622E+00  1.0056929E+00  3.4286929E-01  3.2250951E-01  2.8046211E-01  4.2047401E-02  4.4195872E-04  2.0970237E-03 -1.6550650E-03
     140  2.0013193E+03  1.3486614E+00  1.0057752E+00  3.4288626E-01  3.2208551E-01  2.7991685E-01  4.2168668E-02  4.9791400E-04  2.1117089E-03 -1.6137949E-03
     141  2.0013287E+03  1.3487380E+00  1.0058365E+00  3.4290148E-01  3.2145332E-01  2.7917274E-01  4.2280580E-02  5.4204791E-04  2.1144085E-03 -1.5723606E-03
     142  2.0013381E+03  1.3488283E+00  1.0059109E+00  3.4291740E-01  3.2092828E-01  2.7853413E-01  4.2394150E-02  5.9862128E-04  2.1292947E-03 -1.5306735E-03
     143  2.0013475E+03  1.3489076E+00  1.0059737E+00  3.4293391E-01  3.2029344E-01  2.7779539E-01  4.2498053E-02  6.4952696E-04  2.1383892E-03 -1.4888622E-03
     144  2.0013569E+03  1.3489760E+00  1.0060284E+00  3.4294752E-01  3.1963062E-01  2.7702677E-01  4.2603850E-02  6.9436808E-04  2.1411492E-03 -1.4467812E-03
     145  2.0013664E+03  1.3490582E+00  1.0060947E+00  3.4296345E-01  3.1898311E-01  2.7628262E-01  4.2700498E-02  7.4784074E-04  2.1523008E-03 -1.4044601E-03
     146  2.0013758E+03  1.3491219E+00  1.0061428E+00  3.4297908E-01  3.1826909E-01  2.7547939E-01  4.2789704E-02  8.0101207E-04  2.1631129E-03 -1.3621008E-03
     147  2.0013852E+03  1.3491917E+00  1.0061996E+00  3.4299212E-01  3.1753422E-01  2.7465564E-01  4.2878583E-02  8.5046027E-04  2.1700085E-03 -1.3195483E-03
     148  2.0013946E+03  1.3492558E+00  1.0062481E+00  3.4300765E-01  3.1676714E-01  2.7379981E-01  4.2967332E-02  9.0191072E-04  2.1786858E-03 -1.2767750E-03
     149  2.0014041E+03  1.3493177E+00  1.0062955E+00  3.4302215E-01  3.1596239E-01  2.7291317E-01  4.3049222E-02  9.5420061E-04  2.1879640E-03 -1.2337634E-03
     150  2.0014135E+03  1.3493702E+00  1.0063350E+00  3.4303522E-01  3.1516881E-01  2.7204185E-01  4.3126962E-02  1.0060196E-03  2.1966111E-03 -1.1905915E-03
     151  2.0014229E+03  1.3494298E+00  1.0063802E+00  3.4304963E-01  3.1428525E-01  2.7108694E-01  4.3198309E-02  1.0564502E-03  2.2037538E-03 -1.1473036E-03
     152  2.0014323E+03  1.3494744E+00  1.0064122E+00  3.4306224E-01  3.1341247E-01  2.7014570E-01  4.3266768E-02  1.1081479E-03  2.2120121E-03 -1.1038642E-03
     153  2.0014418E+03  1.3495220E+00  1.0064467E+00  3.4307532E-01  3.1249277E-01  2.6915967E-01  4.3333102E-02  1.1603845E-03  2.2206691E-03 -1.0602846E-03
     154  2.0014512E+03  1.3495671E+00  1.0064783E+00  3.4308876E-01  3.1151835E-01  2.6812235E-01  4.3395999E-02  1.2122695E-03  2.2287287E-03 -1.0164592E-03
     155  2.0014606E+03  1.3496085E+00  1.0065078E+00  3.4310070E-01  3.1059487E-01  2.6714418E-01  4.3450690E-02  1.2624347E-03  2.2349175E-03 -9.7248284E-04
     156  2.0014700E+03  1.3496420E+00  1.0065287E+00  3.4311333E-01  3.0955317E-01  2.6605291E-01  4.3500261E-02  1.3152535E-03  2.2437653E-03 -9.2851179E-04
     157  2.0014794E+03  1.3496782E+00  1.0065522E+00  3.4312596E-01  3.0852449E-01  2.6497058E-01  4.3553901E-02  1.3656728E-03  2.2500223E-03 -8.8434942E-04
     158  2.0014889E+03  1.3497071E+00  1.0065705E+00  3.4313661E-01  3.0747843E-01  2.6388633E-01  4.3592109E-02  1.4190831E-03  2.2590143E-03 -8.3993123E-04
     159  2.0014983E+03  1.3497264E+00  1.0065779E+00  3.4314851E-01  3.0633869E-01  2.6270770E-01  4.3630984E-02  1.4696305E-03  2.2652058E-03 -7.9557532E-04
     160  2.0015077E+03  1.3497590E+00  1.0065992E+00  3.4315976E-01  3.0527001E-01  2.6159880E-01  4.3671202E-02  1.5205925E-03  2.2715856E-03 -7.5099309E-04
     161  2.0015171E+03  1.3497684E+00  1.0065986E+00  3.4316987E-01  3.0407842E-01  2.6038032E-01  4.3698104E-02  1.5748902E-03  2.2811345E-03 -7.0624429E-04
     162  2.0015266E+03  1.3497935E+00  1.0066131E+00  3.4318037E-01  3.0292863E-01  2.5920181E-01  4.3726818E-02  1.6265734E-03  2.2880327E-03 -6.6145935E-04
     163  2.0015360E+03  1.3497956E+00  1.0066049E+00  3.4319071E-01  3.0168806E-01  2.5793951E-01  4.3748547E-02  1.6777908E-03  2.2943543E-03 -6.1656355E-04
     164  2.0015454E+03  1.3498159E+00  1.0066151E+00  3.4320078E-01  3.0046794E-01  2.5669859E-01  4.3769356E-02  1.7283485E-03  2.2998672E-03 -5.7151869E-04
     165  2.0015548E+03  1.3498132E+00  1.0066033E+00  3.4320992E-01  2.9920701E-01  2.5542353E-01  4.3783476E-02  1.7831452E-03  2.3095043E-03 -5.2635911E-04
     166  2.0015643E+03  1.3498113E+00  1.0065916E+00  3.4321969E-01  2.9788055E-01  2.5408834E-01  4.3792209E-02  1.8339286E-03  2.3150702E-03 -4.8114161E-04
     167  2.0015737E+03  1.3498171E+00  1.0065887E+00  3.4322837E-01  2.9660042E-01  2.5280164E-01  4.3798777E-02  1.8886359E-03  2.3244389E-03 -4.3580299E-04
     168  2.0015831E+03  1.3498035E+00  1.0065673E+00  3.4323619E-01  2.9520314E-01  2.5140589E-01  4.3797250E-02  1.9355937E-03  2.3260062E-03 -3.9041248E-04
     169  2.0015925E+03  1.3498030E+00  1.0065581E+00  3.4324493E-01  2.9385192E-01  2.5005544E-01  4.3796489E-02  1.9903627E-03  2.3353160E-03 -3.4495332E-04
     170  2.0016019E+03  1.3497792E+00  1.0065272E+00  3.4325203E-01  2.9241339E-01  2.4862375E-01  4.3789646E-02  2.0414254E-03  2.3407983E-03 -2.9937293E-04
     171  2.0016114E+03  1.3497793E+00  1.0065189E+00  3.4326043E-01  2.9101932E-01  2.4723901E-01  4.3780308E-02  2.0947139E-03  2.3484035E-03 -2.5368952E-04
     172  2.0016208E+03  1.3497415E+00  1.0064750E+00  3.4326653E-01  2.8952486E-01  2.4576202E-01  4.3762837E-02  2.1453942E-03  2.3533870E-03 -2.0799282E-04
     173  2.0016302E+03  1.3497334E+00  1.0064590E+00  3.4327441E-01  2.8804489E-01  2.4429903E-01  4.3745854E-02  2.1982993E-03  2.3605256E-03 -1.6222631E-04
     174  2.0016396E+03  1.3496875E+00  1.0064074E+00  3.4328011E-01  2.8651409E-01  2.4279215E-01  4.3721941E-02  2.2467281E-03  2.3630906E-03 -1.1636250E-04
     175  2.0016491E+03  1.3496784E+00  1.0063915E+00  3.4328685E-01  2.8497092E-01  2.4127372E-01  4.3697205E-02  2.3019191E-03  2.3723658E-03 -7.0446679E-05
     176  2.0016585E+03  1.3496354E+00  1.0063435E+00  3.4329193E-01  2.8343696E-01  2.3977271E-01  4.3664249E-02  2.3530018E-03  2.3774305E-03 -2.4428641E-05
     177  2.0016679E+03  1.3495957E+00  1.0062983E+00  3.4329742E-01  2.8176507E-01  2.3814016E-01  4.3624913E-02  2.4047732E-03  2.3832630E-03  2.1510173E-05
     178  2.0016773E+03  1.3495600E+00  1.0062571E+00  3.4330290E-01  2.8019715E-01  2.3660903E-01  4.3588118E-02  2.4526915E-03  2.3851719E-03  6.7519608E-05
     179  2.0016868E+03  1.3495108E+00  1.0062041E+00  3.4330668E-01  2.7851137E-01  2.3497040E-01  4.3540965E-02  2.5086860E-03  2.3950830E-03  1.1360304E-04
     180  2.0016962E+03  1.3494661E+00  1.0061542E+00  3.4331188E-01  2.7684814E-01  2.3335479E-01  4.3493345E-02  2.5612584E-03  2.4015158E-03  1.5974262E-04
     181  2.0017056E+03  1.3494139E+00  1.0060987E+00  3.4331520E-01  2.7513609E-01  2.3169595E-01  4.3440140E-02  2.6103264E-03  2.4044707E-03  2.0585563E-04
     182  2.0017150E+03  1.3493615E+00  1.0060423E+00  3.4331913E-01  2.7341380E-01  2.3002942E-01  4.3384380E-02  2.6584324E-03  2.4064138E-03  2.5201856E-04
     183  2.0017245E+03  1.3492993E+00  1.0059776E+00  3.4332166E-01  2.7162198E-01  2.2830051E-01  4.3321469E-02  2.7133379E-03  2.4151304E-03  2.9820751E-04
     184  2.0017339E+03  1.3492428E+00  1.0059174E+00  3.4332537E-01  2.6986629E-01  2.2660619E-01  4.3260106E-02  2.7662824E-03  2.4218925E-03  3.4438992E-04
     185  2.0017433E+03  1.3491797E+00  1.0058522E+00  3.4332743E-01  2.6806256E-01  2.2487500E-01  4.3187563E-02  2.8150623E-03  2.4244217E-03  3.9064063E-04
     186  2.0017527E+03  1.3491061E+00  1.0057771E+00  3.4332903E-01  2.6619557E-01  2.2308157E-01  4.3114004E-02  2.8662460E-03  2.4294442E-03  4.3680182E-04
     187  2.0017621E+03  1.3490394E+00  1.0057082E+00  3.4333125E-01  2.6437127E-01  2.2133328E-01  4.3037993E-02  2.9177689E-03  2.4347405E-03  4.8302836E-04
     188  2.0017716E+03  1.3489646E+00  1.0056322E+00  3.4333244E-01  2.6247297E-01  2.1951821E-01  4.2954760E-02  2.9701744E-03  2.4409146E-03  5.2925977E-04
     189  2.0017810E+03  1.3488820E+00  1.0055489E+00  3.4333312E-01  2.6053416E-01  2.1766461E-01  4.2869550E-02  3.0202307E-03  2.4447527E-03  5.7547799E-04
     190  2.0017904E+03  1.3488104E+00  1.0054762E+00  3.4333418E-01  2.5865008E-01  2.1586973E-01  4.2780352E-02  3.0667515E-03  2.4450745E-03  6.2167697E-04
     191  2.0017998E+03  1.3487180E+00  1.0053843E+00  3.4333367E-01  2.5663692E-01  2.1395450E-01  4.2682428E-02  3.1208198E-03  2.4529961E-03  6.6782366E-04
     192  2.0018093E+03  1.3486367E+00  1.0053024E+00  3.4333433E-01  2.5469514E-01  2.1210726E-01  4.2587883E-02  3.1743053E-03  2.4603587E-03  7.1394655E-04
     193  2.0018187E+03  1.3485441E+00  1.0052110E+00  3.4333302E-01  2.5266365E-01  2.1017961E-01  4.2484039E-02  3.2214835E-03  2.4613880E-03  7.6009551E-04
     194  2.0018281E+03  1.3484510E+00  1.0051183E+00  3.4333272E-01  2.5063754E-01  2.0825905E-01  4.2378493E-02  3.2688331E-03  2.4626266E-03  8.0620657E-04
     195  2.0018375E+03  1.3483562E+00  1.0050253E+00  3.4333085E-01  2.4858642E-01  2.0631862E-01  4.2267805E-02  3.3215333E-03  2.4692793E-03  8.5225404E-04
     196  2.0018470E+03  1.3482562E+00  1.0049262E+00  3.4332995E-01  2.4649778E-01  2.0434378E-01  4.2154005E-02  3.3725891E-03  2.4743185E-03  8.9827067E-04
     197  2.0018564E+03  1.3481541E+00  1.0048268E+00  3.4332730E-01  2.4440801E-01  2.0237241E-01  4.2035598E-02  3.4219143E-03  2.4776619E-03  9.4425237E-04
     198  2.0018658E+03  1.3480482E+00  1.0047228E+00  3.4332542E-01  2.4225204E-01  2.0033831E-01  4.1913728E-02  3.4683696E-03  2.4781868E-03  9.9018277E-04
     199  2.0018752E+03  1.3479418E+00  1.0046193E+00  3.4332251E-01  2.4014071E-01  1.9835259E-01  4.1788121E-02  3.5198643E-03  2.4837969E-03  1.0360674E-03
     200  2.0018846E+03  1.3478330E+00  1.0045141E+00  3.4331887E-01  2.3794944E-01  1.9629499E-01  4.1654455E-02  3.5722108E-03  2.4903656E-03  1.0818453E-03
     201  2.0018941E+03  1.3477147E+00  1.0043989E+00  3.4331577E-01  2.3574977E-01  1.9422825E-01  4.1521516E-02  3.6175513E-03  2.4899676E-03  1.1275837E-03
     202  2.0019035E+03  1.3476022E+00  1.0042907E+00  3.4331147E-01  2.3354349E-01  1.9215787E-01  4.1385620E-02  3.6680390E-03  2.4947344E-03  1.1733046E-03
     203  2.0019129E+03  1.3474812E+00  1.0041740E+00  3.4330727E-01  2.3130092E-01  1.9006009E-01  4.1240824E-02  3.7198041E-03  2.5008256E-03  1.2189785E-03
     204  2.0019223E+03  1.3473595E+00  1.0040567E+00  3.4330281E-01  2.2903243E-01  1.8793680E-01  4.1095623E-02  3.7645278E-03  2.5000463E-03  1.2644815E-03
     205  2.0019318E+03  1.3472382E+00  1.0039400E+00  3.4329816E-01  2.2676890E-01  1.8582241E-01  4.0946484E-02  3.8150488E-03  2.5050720E-03  1.3099768E-03
     206  2.0019412E+03  1.3471078E+00  1.0038152E+00  3.4329259E-01  2.2444417E-01  1.8365315E-01  4.0791026E-02  3.8641360E-03  2.5087770E-03  1.3553590E-03
     207  2.0019506E+03  1.3469810E+00  1.0036943E+00  3.4328669E-01  2.2213305E-01  1.8150006E-01  4.0632987E-02  3.9129680E-03  2.5123127E-03  1.4006553E-03
     208  2.0019600E+03  1.3468480E+00  1.0035675E+00  3.4328047E-01  2.1976839E-01  1.7929991E-01  4.0468485E-02  3.9618674E-03  2.5159755E-03  1.4458919E-03
     209  2.0019695E+03  1.3467154E+00  1.0034408E+00  3.4327458E-01  2.1741979E-01  1.7711324E-01  4.0306546E-02  4.0047327E-03  2.5137871E-03  1.4909456E-03
     210  2.0019789E+03  1.3465758E+00  1.0033089E+00  3.4326689E-01  2.1502059E-01  1.7488660E-01  4.0133986E-02  4.0582452E-03  2.5222663E-03  1.5359788E-03
     211  2.0019883E+03  1.3464429E+00  1.0031820E+00  3.4326089E-01  2.1262417E-01  1.7266190E-01  3.9962276E-02  4.1039893E-03  2.5230903E-03  1.5808990E-03
     212  2.0019977E+03  1.3462935E+00  1.0030405E+00  3.4325299E-01  2.1016413E-01  1.7037678E-01  3.9787350E-02  4.1488450E-03  2.5231538E-03  1.6256912E-03
     213  2.0020071E+03  1.3461612E+00  1.0029156E+00  3.4324563E-01  2.0776226E-01  1.6815468E-01  3.9607582E-02  4.1953657E-03  2.5249358E-03  1.6704299E-03
     214  2.0020166E+03  1.3460038E+00  1.0027674E+00  3.4323640E-01  2.0526094E-01  1.6584366E-01  3.9417284E-02  4.2491863E-03  2.5342068E-03  1.7149796E-03
     215  2.0020260E+03  1.3458659E+00  1.0026373E+00  3.4322860E-01  2.0278447E-01  1.6355281E-01  3.9231655E-02  4.2898142E-03  2.5305083E-03  1.7593059E-03
     216  2.0020354E+03  1.3457126E+00  1.0024932E+00  3.4321939E-01  2.0028139E-01  1.6124371E-01  3.9037680E-02  4.3357182E-03  2.5320649E-03  1.8036533E-03
     217  2.0020448E+03  1.3455573E+00  1.0023468E+00  3.4321051E-01  1.9771588E-01  1.5887454E-01  3.8841344E-02  4.3860716E-03  2.5382375E-03  1.8478340E-03
     218  2.0020543E+03  1.3454082E+00  1.0022073E+00  3.4320093E-01  1.9521494E-01  1.5657224E-01  3.8642697E-02  4.4332879E-03  2.5413816E-03  1.8919063E-03
     219  2.0020637E+03  1.3452549E+00  1.0020632E+00  3.4319172E-01  1.9264001E-01  1.5419918E-01  3.8440831E-02  4.4771916E-03  2.5413717E-03  1.9358199E-03
     220  2.0020731E+03  1.3450913E+00  1.0019102E+00  3.4318114E-01  1.9004634E-01  1.5181207E-01  3.8234274E-02  4.5234408E-03  2.5438022E-03  1.9796386E-03
     221  2.0020825E+03  1.3449391E+00  1.0017683E+00  3.4317081E-01  1.8745594E-01  1.4943505E-01  3.8020890E-02  4.5675397E-03  2.5443027E-03  2.0232370E-03
     222  2.0020920E+03  1.3447749E+00  1.0016149E+00  3.4316002E-01  1.8484732E-01  1.4703705E-01  3.7810268E-02  4.6152368E-03  2.5485489E-03  2.0666879E-03
     223  2.0021014E+03  1.3446149E+00  1.0014664E+00  3.4314849E-01  1.8218641E-01  1.4460046E-01  3.7585954E-02  4.6592721E-03  2.5492116E-03  2.1100605E-03
     224  2.0021108E+03  1.3444461E+00  1.0013085E+00  3.4313757E-01  1.7953467E-01  1.4216460E-01  3.7370074E-02  4.7038379E-03  2.5507235E-03  2.1531144E-03
     225  2.0021202E+03  1.3442890E+00  1.0011628E+00  3.4312626E-01  1.7689197E-01  1.3974712E-01  3.7144850E-02  4.7479014E-03  2.5516899E-03  2.1962115E-03
     226  2.0021297E+03  1.3441172E+00  1.0010038E+00  3.4311340E-01  1.7417982E-01  1.3726869E-01  3.6911133E-02  4.7939953E-03  2.5549623E-03  2.2390330E-03
     227  2.0021391E+03  1.3439510E+00  1.0008495E+00  3.4310147E-01  1.7148551E-01  1.3480549E-01  3.6680018E-02  4.8367585E-03  2.5551599E-03  2.2815986E-03
     228  2.0021485E+03  1.3437793E+00  1.0006907E+00  3.4308861E-01  1.6876136E-01  1.3231684E-01  3.6444516E-02  4.8807511E-03  2.5567048E-03  2.3240463E-03
     229  2.0021579E+03  1.3436108E+00  1.0005349E+00  3.4307599E-01  1.6602946E-01  1.2982519E-01  3.6204266E-02  4.9229497E-03  2.5565872E-03  2.3663625E-03
     230  2.0021673E+03  1.3434386E+00  1.0003759E+00  3.4306267E-01  1.6325790E-01  1.2729639E-01  3.5961506E-02  4.9679107E-03  2.5594656E-03  2.4084451E-03
     231  2.0021768E+03  1.3432679E+00  1.0002181E+00  3.4304985E-01  1.6051986E-01  1.2480221E-01  3.5717649E-02  5.0117664E-03  2.5613951E-03  2.4503713E-03
     232  2.0021862E+03  1.3430935E+00  1.0000575E+00  3.4303596E-01  1.5770949E-01  1.2224403E-01  3.5465464E-02  5.0546721E-03  2.5625717E-03  2.4921005E-03
     233  2.0021956E+03  1.3429151E+00  9.9989327E-01  3.4302185E-01  1.5492305E-01  1.1971025E-01  3.5212802E-02  5.0950135E-03  2.5614065E-03  2.5336070E-03
     234  2.0022050E+03  1.3427439E+00  9.9973605E-01  3.4300781E-01  1.5210668E-01  1.1714900E-01  3.4957672E-02  5.1399807E-03  2.5650369E-03  2.5749437E-03
     235  2.0022145E+03  1.3425645E+00  9.9957053E-01  3.4299394E-01  1.4928112E-01  1.1458207E-01  3.4699043E-02  5.1811839E-03  2.5650649E-03  2.6161190E-03
     236  2.0022239E+03  1.3423885E+00  9.9941013E-01  3.4297840E-01  1.4643440E-01  1.1200128E-01  3.4433122E-02  5.2229392E-03  2.5658989E-03  2.6570403E-03
     237  2.0022333E+03  1.3422093E+00  9.9924522E-01  3.4296408E-01  1.4357461E-01  1.0940678E-01  3.4167832E-02  5.2660982E-03  2.5683840E-03  2.6977141E-03
     238  2.0022427E+03  1.3420336E+00  9.9908432E-01  3.4294926E-01  1.4071261E-01  1.0681068E-01  3.3901928E-02  5.3042368E-03  2.5660142E-03  2.7382226E-03
     239  2.0022522E+03  1.3418517E+00  9.9891842E-01  3.4293331E-01  1.3782606E-01  1.0419995E-01  3.3626107E-02  5.3501698E-03  2.5715905E-03  2.7785793E-03
     240  2.0022616E+03  1.3416748E+00  9.9875639E-01  3.4291841E-01  1.3491967E-01  1.0156883E-01  3.3350844E-02  5.3861741E-03  2.5675731E-03  2.8186011E-03
     241  2.0022710E+03  1.3414911E+00  9.9858891E-01  3.4290224E-01  1.3202450E-01  9.8951481E-02  3.3073020E-02  5.4265580E-03  2.5681386E-03  2.8584194E-03
     242  2.0022804E+03  1.3413146E+00  9.9842818E-01  3.4288644E-01  1.2909110E-01  9.6304044E-02  3.2787060E-02  5.4708268E-03  2.5727949E-03  2.8980319E-03
     243  2.0022898E+03  1.3411273E+00  9.9825739E-01  3.4286990E-01  1.2614916E-01  9.3645382E-02  3.2503781E-02  5.5075323E-03  2.5701758E-03  2.9373566E-03
     244  2.0022993E+03  1.3409556E+00  9.9810132E-01  3.4285426E-01  1.2322064E-01  9.1006157E-02  3.2214480E-02  5.5496057E-03  2.5730600E-03  2.9765457E-03
     245  2.0023087E+03  1.3407697E+00  9.9793269E-01  3.4283700E-01  1.2025477E-01  8.8331195E-02  3.1923577E-02  5.5833688E-03  2.5679731E-03  3.0153957E-03
     246  2.0023181E+03  1.3405878E+00  9.9776707E-01  3.4282071E-01  1.1725864E-01  8.5628617E-02  3.1630022E-02  5.6278618E-03  2.5737846E-03  3.0540772E-03
     247  2.0023275E+03  1.3404114E+00  9.9760785E-01  3.4280356E-01  1.1431922E-01  8.2988802E-02  3.1330418E-02  5.6635491E-03  2.5710755E-03  3.0924736E-03
     248  2.0023370E+03  1.3402251E+00  9.9743869E-01  3.4278639E-01  1.1127802E-01  8.0249210E-02  3.1028812E-02  5.7027092E-03  2.5721514E-03  3.1305578E-03
     249  2.0023464E+03  1.3400458E+00  9.9727676E-01  3.4276904E-01  1.0830247E-01  7.7576339E-02  3.0726129E-02  5.7382955E-03  2.5698460E-03  3.1684496E-03
     250  2.0023558E+03  1.3398678E+00  9.9711606E-01  3.4275177E-01  1.0528242E-01  7.4862545E-02  3.0419877E-02  5.7813524E-03  2.5752698E-03  3.2060825E-03
     251  2.0023652E+03  1.3396805E+00  9.9694651E-01  3.4273403E-01  1.0224935E-01  7.2139394E-02  3.0109953E-02  5.8141314E-03  2.5706559E-03  3.2434755E-03
     252  2.0023747E+03  1.3395100E+00  9.9679391E-01  3.4271610E-01  9.9233819E-02  6.9439680E-02  2.9794139E-02  5.8540421E-03  2.5734878E-03  3.2805544E-03
     253  2.0023841E+03  1.3393204E+00  9.9662150E-01  3.4269886E-01  9.6155858E-02  6.6675875E-02  2.9479983E-02  5.8896088E-03  2.5723092E-03  3.3172997E-03
     254  2.0023935E+03  1.3391523E+00  9.9647216E-01  3.4268017E-01  9.3123803E-02  6.3959954E-02  2.9163850E-02  5.9261579E-03  2.5722706E-03  3.3538872E-03
     255  2.0024029E+03  1.3389647E+00  9.9630167E-01  3.4266298E-01  9.0053824E-02  6.1212061E-02  2.8841762E-02  5.9609145E-03  2.5706923E-03  3.3902223E-03
     256  2.0024123E+03  1.3387911E+00  9.9614725E-01  3.4264382E-01  8.6982764E-02  5.8465462E-02  2.8517303E-02  5.9986337E-03  2.5724665E-03  3.4261672E-03
     257  2.0024218E+03  1.3386107E+00  9.9598442E-01  3.4262633E-01  8.3893481E-02  5.5702407E-02  2.8191074E-02  6.0344590E-03  2.5725868E-03  3.4618722E-03
     258  2.0024312E+03  1.3384355E+00  9.9582770E-01  3.4260778E-01  8.0812780E-02  5.2949383E-02  2.7863396E-02  6.0689098E-03  2.5715860E-03  3.4973238E-03
     259  2.0024406E+03  1.3382638E+00  9.9567474E-01  3.4258903E-01  7.7712151E-02  5.0181292E-02  2.7530859E-02  6.1030454E-03  2.5705601E-03  3.5324854E-03
     260  2.0024500E+03  1.3380831E+00  9.9551281E-01  3.4257025E-01  7.4604157E-02  4.7410617E-02  2.7193540E-02  6.1360048E-03  2.5686884E-03  3.5673164E-03
     261  2.0024595E+03  1.3379139E+00  9.9536176E-01  3.4255217E-01  7.1490459E-02  4.4630368E-02  2.6860091E-02  6.1724789E-03  2.5706635E-03  3.6018154E-03
     262  2.0024689E+03  1.3377390E+00  9.9520618E-01  3.4253285E-01  6.8373804E-02  4.1853618E-02  2.6520186E-02  6.2067064E-03  2.5705630E-03  3.6361434E-03
     263  2.0024783E+03  1.3375679E+00  9.9505393E-01  3.4251402E-01  6.5249359E-02  3.9074124E-02  2.6175234E-02  6.2388433E-03  2.5687427E-03  3.6701006E-03
     264  2.0024877E+03  1.3373969E+00  9.9490158E-01  3.4249529E-01  6.2110916E-02  3.6279972E-02  2.5830943E-02  6.2704999E-03  2.5668442E-03  3.7036557E-03
     265  2.0024972E+03  1.3372275E+00  9.9475120E-01  3.4247626E-01  5.8966478E-02  3.3482248E-02  2.5484230E-02  6.3041914E-03  2.5672173E-03  3.7369741E-03
     266  2.0025066E+03  1.3370616E+00  9.9460421E-01  3.4245738E-01  5.5835832E-02  3.0700039E-02  2.5135793E-02  6.3365763E-03  2.5665782E-03  3.7699981E-03
     267  2.0025160E+03  1.3368904E+00  9.9445275E-01  3.4243764E-01  5.2665751E-02  2.7882455E-02  2.4783296E-02  6.3682171E-03  2.5655042E-03  3.8027128E-03
     268  2.0025254E+03  1.3367331E+00  9.9431397E-01  3.4241916E-01  4.9526813E-02  2.5098469E-02  2.4428344E-02  6.3991431E-03  2.5640489E-03  3.8350942E-03
     269  2.0025349E+03  1.3365617E+00  9.9416173E-01  3.4239994E-01  4.6348119E-02  2.2276809E-02  2.4071311E-02  6.4316809E-03  2.5645282E-03  3.8671527E-03
     270  2.0025443E+03  1.3364053E+00  9.9402464E-01  3.4238063E-01  4.3198555E-02  1.9486056E-02  2.3712500E-02  6.4619668E-03  2.5630912E-03  3.8988756E-03
     271  2.0025537E+03  1.3362389E+00  9.9387667E-01  3.4236221E-01  4.0010236E-02  1.6659828E-02  2.3350409E-02  6.4922181E-03  2.5619454E-03  3.9302727E-03
     272  2.0025631E+03  1.3360849E+00  9.9374219E-01  3.4234267E-01  3.6854127E-02  1.3868067E-02  2.2986060E-02  6.5229742E-03  2.5616548E-03  3.9613194E-03
     273  2.0025725E+03  1.3359251E+00  9.9360139E-01  3.4232374E-01  3.3658437E-02  1.1038691E-02  2.2619746E-02  6.5502564E-03  2.5582261E-03  3.9920303E-03
     274  2.0025820E+03  1.3357726E+00  9.9346766E-01  3.4230492E-01  3.0484031E-02  8.2326208E-03  2.2251410E-02  6.5834305E-03  2.5609978E-03  4.0224328E-03
     275  2.0025914E+03  1.3356190E+00  9.9333347E-01  3.4228556E-01  2.7293768E-02  5.4127495E-03  2.1881018E-02  6.6094177E-03  2.5569280E-03  4.0524896E-03
     276  2.0026008E+03  1.3354639E+00  9.9319724E-01  3.4226669E-01  2.4107840E-02  2.5997462E-03  2.1508093E-02  6.6406533E-03  2.5584460E-03  4.0822073E-03
     277  2.0026102E+03  1.3353217E+00  9.9307378E-01  3.4224796E-01  2.0915077E-02 -2.1956226E-04  2.1134640E-02  6.6658531E-03  2.5542855E-03  4.1115676E-03
     278  2.0026197E+03  1.3351648E+00  9.9293643E-01  3.4222839E-01  1.7721390E-02 -3.0367397E-03  2.0758130E-02  6.6939749E-03  2.5533821E-03  4.1405928E-03
     279  2.0026291E+03  1.3350274E+00  9.9281736E-01  3.4221000E-01  1.4528425E-02 -5.8486220E-03  2.0377047E-02  6.7226789E-03  2.5534517E-03  4.1692272E-03
     280  2.0026385E+03  1.3348776E+00  9.9268696E-01  3.4219064E-01  1.1320195E-02 -8.6773133E-03  1.9997508E-02  6.7489843E-03  2.5514922E-03  4.1974920E-03
     281  2.0026479E+03  1.3347418E+00  9.9256958E-01  3.4217220E-01  8.1319057E-03 -1.1483376E-02  1.9615282E-02  6.7740638E-03  2.5485924E-03  4.2254714E-03
     282  2.0026574E+03  1.3346035E+00  9.9244946E-01  3.4215406E-01  4.9256127E-03 -1.4304910E-02  1.9230523E-02  6.8020379E-03  2.5490001E-03  4.2530378E-03
     283  2.0026668E+03  1.3344630E+00  9.9232861E-01  3.4213437E-01  1.7245391E-03 -1.7120693E-02  1.8845232E-02  6.8267589E-03  2.5464929E-03  4.2802660E-03
     284  2.0026762E+03  1.3343339E+00  9.9221745E-01  3.4211649E-01 -1.4743095E-03 -1.9929228E-02  1.8454919E-02  6.8524724E-03  2.5453447E-03  4.3071278E-03
     285  2.0026856E+03  1.3342002E+00  9.9210254E-01  3.4209767E-01 -4.6756144E-03 -2.2740398E-02  1.8064783E-02  6.8754642E-03  2.5418962E-03  4.3335680E-03
     286  2.0026950E+03  1.3340675E+00  9.9198784E-01  3.4207961E-01 -7.8863181E-03 -2.5561334E-02  1.7675016E-02  6.9028599E-03  2.5431676E-03  4.3596923E-03
     287  2.0027045E+03  1.3339472E+00  9.9188543E-01  3.4206177E-01 -1.1071773E-02 -2.8353460E-02  1.7281686E-02  6.9259857E-03  2.5405008E-03  4.3854849E-03
     288  2.0027139E+03  1.3338145E+00  9.9177109E-01  3.4204337E-01 -1.4290200E-02 -3.1176261E-02  1.6886061E-02  6.9508036E-03  2.5399384E-03  4.4108652E-03
     289  2.0027233E+03  1.3337035E+00  9.9167811E-01  3.4202544E-01 -1.7475766E-02 -3.3965248E-02  1.6489482E-02  6.9753064E-03  2.5394554E-03  4.4358510E-03
     290  2.0027327E+03  1.3335787E+00  9.9157107E-01  3.4200767E-01 -2.0686237E-02 -3.6777542E-02  1.6091306E-02  6.9968391E-03  2.5363554E-03  4.4604837E-03
     291  2.0027422E+03  1.3334675E+00  9.9147766E-01  3.4198983E-01 -2.3869027E-02 -3.9559432E-02  1.5690405E-02  7.0177980E-03  2.5330703E-03  4.4847276E-03
     292  2.0027516E+03  1.3333479E+00  9.9137495E-01  3.4197298E-01 -2.7081831E-02 -4.2371235E-02  1.5289404E-02  7.0407751E-03  2.5322411E-03  4.5085340E-03
     293  2.0027610E+03  1.3332415E+00  9.9128729E-01  3.4195418E-01 -3.0256679E-02 -4.5141797E-02  1.4885118E-02  7.0627920E-03  2.5307930E-03  4.5319990E-03
     294  2.0027704E+03  1.3331312E+00  9.9119351E-01  3.4193766E-01 -3.3460033E-02 -4.7941196E-02  1.4481163E-02  7.0799330E-03  2.5249057E-03  4.5550273E-03
     295  2.0027799E+03  1.3330295E+00  9.9110888E-01  3.4192061E-01 -3.6641671E-02 -5.0716929E-02  1.4075258E-02  7.1067912E-03  2.5291072E-03  4.5776840E-03
     296  2.0027893E+03  1.3329272E+00  9.9102351E-01  3.4190370E-01 -3.9829274E-02 -5.3497630E-02  1.3668356E-02  7.1231678E-03  2.5232056E-03  4.5999622E-03
     297  2.0027987E+03  1.3328250E+00  9.9093787E-01  3.4188711E-01 -4.3011714E-02 -5.6270827E-02  1.3259113E-02  7.1458068E-03  2.5239645E-03  4.6218422E-03
     298  2.0028081E+03  1.3327381E+00  9.9086775E-01  3.4187034E-01 -4.6174394E-02 -5.9023740E-02  1.2849346E-02  7.1601335E-03  2.5168415E-03  4.6432921E-03
     299  2.0028175E+03  1.3326339E+00  9.9078006E-01  3.4185382E-01 -4.9370958E-02 -6.1807936E-02  1.2436979E-02  7.1840420E-03  2.5196920E-03  4.6643499E-03
     300  2.0028270E+03  1.3325537E+00  9.9071553E-01  3.4183815E-01 -5.2515887E-02 -6.4543246E-02  1.2027358E-02  7.2010718E-03  2.5160538E-03  4.6850180E-03
     301  2.0028364E+03  1.3324606E+00  9.9063911E-01  3.4182153E-01 -5.5699430E-02 -6.7310807E-02  1.1611377E-02  7.2201473E-03  2.5148368E-03  4.7053104E-03
     302  2.0028458E+03  1.3323772E+00  9.9057121E-01  3.4180597E-01 -5.8853038E-02 -7.0050854E-02  1.1197816E-02  7.2360691E-03  2.5109317E-03  4.7251374E-03
     303  2.0028552E+03  1.3323023E+00  9.9051117E-01  3.4179114E-01 -6.1997582E-02 -7.2779603E-02  1.0782021E-02  7.2542299E-03  2.5096455E-03  4.7445844E-03
     304  2.0028647E+03  1.3322245E+00  9.9044967E-01  3.4177484E-01 -6.5148273E-02 -7.5511468E-02  1.0363195E-02  7.2708960E-03  2.5072923E-03  4.7636037E-03
     305  2.0028741E+03  1.3321476E+00  9.9038753E-01  3.4176009E-01 -6.8292923E-02 -7.8239975E-02  9.9470529E-03  7.2882196E-03  2.5059868E-03  4.7822328E-03
     306  2.0028835E+03  1.3320779E+00  9.9033281E-01  3.4174512E-01 -7.1431521E-02 -8.0958559E-02  9.5270379E-03  7.3025189E-03  2.5020744E-03  4.8004445E-03
     307  2.0028929E+03  1.3320108E+00  9.9028008E-01  3.4173068E-01 -7.4560968E-02 -8.3665328E-02  9.1043605E-03  7.3213447E-03  2.5031452E-03  4.8181995E-03
     308  2.0029024E+03  1.3319481E+00  9.9023171E-01  3.4171642E-01 -7.7680688E-02 -8.6366430E-02  8.6857416E-03  7.3349740E-03  2.4994298E-03  4.8355443E-03
     309  2.0029118E+03  1.3318863E+00  9.9018443E-01  3.4170188E-01 -8.0792490E-02 -8.9058752E-02  8.2662613E-03  7.3498177E-03  2.4973136E-03  4.8525041E-03
     310  2.0029212E+03  1.3318303E+00  9.9014206E-01  3.4168826E-01 -8.3907456E-02 -9.1748964E-02  7.8415078E-03  7.3621622E-03  2.4930927E-03  4.8690695E-03
     311  2.0029306E+03  1.3317739E+00  9.9009950E-01  3.4167442E-01 -8.6998317E-02 -9.4416549E-02  7.4182321E-03  7.3773899E-03  2.4922627E-03  4.8851271E-03
     312  2.0029400E+03  1.3317281E+00  9.9006689E-01  3.4166120E-01 -9.0103062E-02 -9.7098373E-02  6.9953104E-03  7.3898044E-03  2.4890362E-03  4.9007682E-03
     313  2.0029495E+03  1.3316743E+00  9.9002584E-01  3.4164847E-01 -9.3176776E-02 -9.9746079E-02  6.5693030E-03  7.4027232E-03  2.4866734E-03  4.9160498E-03
     314  2.0029589E+03  1.3316401E+00  9.9000462E-01  3.4163544E-01 -9.6253736E-02 -1.0239690E-01  6.1431591E-03  7.4135096E-03  2.4827185E-03  4.9307911E-03
     315  2.0029683E+03  1.3315888E+00  9.8996616E-01  3.4162267E-01 -9.9329809E-02 -1.0504941E-01  5.7196011E-03  7.4270953E-03  2.4819489E-03  4.9451464E-03
     316  2.0029777E+03  1.3315632E+00  9.8995216E-01  3.4161102E-01 -1.0236953E-01 -1.0766162E-01  5.2920925E-03  7.4374270E-03  2.4782829E-03  4.9591441E-03
     317  2.0029872E+03  1.3315247E+00  9.8992604E-01  3.4159862E-01 -1.0542298E-01 -1.1028619E-01  4.8632079E-03  7.4492470E-03  2.4766198E-03  4.9726273E-03
     318  2.0029966E+03  1.3314909E+00  9.8990389E-01  3.4158699E-01 -1.0848116E-01 -1.1291665E-01  4.4354923E-03  7.4592678E-03  2.4736312E-03  4.9856366E-03
     319  2.0030060E+03  1.3314826E+00  9.8990663E-01  3.4157594E-01 -1.1145426E-01 -1.1546463E-01  4.0103662E-03  7.4704733E-03  2.4721837E-03  4.9982896E-03
     320  2.0030154E+03  1.3314386E+00  9.8987427E-01  3.4156431E-01 -1.1453023E-01 -1.1810969E-01  3.5794626E-03  7.4801402E-03  2.4696182E-03  5.0105220E-03
     321  2.0030249E+03  1.3314313E+00  9.8987680E-01  3.4155447E-01 -1.1749714E-01 -1.2065000E-01  3.1528535E-03  7.4881448E-03  2.4658760E-03  5.0222688E-03
     322  2.0030343E+03  1.3314134E+00  9.8986976E-01  3.4154364E-01 -1.2051367E-01 -1.2323508E-01  2.7214019E-03  7.4983855E-03  2.4648046E-03  5.0335809E-03
     323  2.0030437E+03  1.3313990E+00  9.8986659E-01  3.4153238E-01 -1.2349012E-01 -1.2578347E-01  2.2933513E-03  7.5052374E-03  2.4608089E-03  5.0444284E-03
     324  2.0030531E+03  1.3313932E+00  9.8986897E-01  3.4152425E-01 -1.2646265E-01 -1.2832388E-01  1.8612276E-03  7.5115436E-03  2.4566690E-03  5.0548745E-03
     325  2.0030626E+03  1.3313891E+00  9.8987440E-01  3.4151466E-01 -1.2941362E-01 -1.3084674E-01  1.4331262E-03  7.5203195E-03  2.4555247E-03  5.0647948E-03
     326  2.0030720E+03  1.3313887E+00  9.8988348E-01  3.4150520E-01 -1.3236610E-01 -1.3336901E-01  1.0029118E-03  7.5290851E-03  2.4547178E-03  5.0743672E-03
     327  2.0030814E+03  1.3313864E+00  9.8989069E-01  3.4149576E-01 -1.3530318E-01 -1.3587472E-01  5.7154238E-04  7.5326414E-03  2.4491929E-03  5.0834485E-03
     328  2.0030908E+03  1.3313978E+00  9.8990957E-01  3.4148820E-01 -1.3822542E-01 -1.3836673E-01  1.4131790E-04  7.5402904E-03  2.4482339E-03  5.0920565E-03
     329  2.0031002E+03  1.3314040E+00  9.8992434E-01  3.4147970E-01 -1.4113313E-01 -1.4084380E-01 -2.8933412E-04  7.5423362E-03  2.4421012E-03  5.1002350E-03
     330  2.0031097E+03  1.3314201E+00  9.8994828E-01  3.4147180E-01 -1.4402856E-01 -1.4330972E-01 -7.1883207E-04  7.5501302E-03  2.4421646E-03  5.1079656E-03
     331  2.0031191E+03  1.3314335E+00  9.8996881E-01  3.4146473E-01 -1.4690832E-01 -1.4575884E-01 -1.1494863E-03  7.5551135E-03  2.4398471E-03  5.1152664E-03
     332  2.0031285E+03  1.3314551E+00  9.8999780E-01  3.4145726E-01 -1.4978139E-01 -1.4820054E-01 -1.5808461E-03  7.5573617E-03  2.4352704E-03  5.1220913E-03
     333  2.0031379E+03  1.3314779E+00  9.9002736E-01  3.4145054E-01 -1.5262659E-01 -1.5061704E-01 -2.0095498E-03  7.5619839E-03  2.4335431E-03  5.1284407E-03
     334  2.0031474E+03  1.3315065E+00  9.9006205E-01  3.4144444E-01 -1.5547359E-01 -1.5303345E-01 -2.4401359E-03  7.5637128E-03  2.4293403E-03  5.1343725E-03
     335  2.0031568E+03  1.3315337E+00  9.9009587E-01  3.4143783E-01 -1.5830069E-01 -1.5543065E-01 -2.8700399E-03  7.5684154E-03  2.4285719E-03  5.1398435E-03
     336  2.0031662E+03  1.3315760E+00  9.9014358E-01  3.4143245E-01 -1.6107554E-01 -1.5777691E-01 -3.2986307E-03  7.5675915E-03  2.4227473E-03  5.1448443E-03
     337  2.0031756E+03  1.3316033E+00  9.9017633E-01  3.4142700E-01 -1.6392185E-01 -1.6019146E-01 -3.7303914E-03  7.5717462E-03  2.4223510E-03  5.1493952E-03
     338  2.0031851E+03  1.3316494E+00  9.9022737E-01  3.4142205E-01 -1.6667651E-01 -1.6251976E-01 -4.1567437E-03  7.5721054E-03  2.4186084E-03  5.1534970E-03
     339  2.0031945E+03  1.3317000E+00  9.9028275E-01  3.4141725E-01 -1.6940883E-01 -1.6482244E-01 -4.5863885E-03  7.5713333E-03  2.4141926E-03  5.1571407E-03
     340  2.0032039E+03  1.3317351E+00  9.9032265E-01  3.4141241E-01 -1.7220546E-01 -1.6718866E-01 -5.0167963E-03  7.5742526E-03  2.4139435E-03  5.1603091E-03
     341  2.0032133E+03  1.3317986E+00  9.9038819E-01  3.4141038E-01 -1.7488940E-01 -1.6944819E-01 -5.4412076E-03  7.5710895E-03  2.4080646E-03  5.1630249E-03
     342  2.0032227E+03  1.3318472E+00  9.9044148E-01  3.4140569E-01 -1.7763141E-01 -1.7176083E-01 -5.8705813E-03  7.5723911E-03  2.4070809E-03  5.1653102E-03
     343  2.0032322E+03  1.3319059E+00  9.9050276E-01  3.4140311E-01 -1.8031518E-01 -1.7401926E-01 -6.2959142E-03  7.5707631E-03  2.4036722E-03  5.1670909E-03
     344  2.0032416E+03  1.3319692E+00  9.9056860E-01  3.4140056E-01 -1.8299186E-01 -1.7627116E-01 -6.7206949E-03  7.5673155E-03  2.3988852E-03  5.1684303E-03
     345  2.0032510E+03  1.3320335E+00  9.9063656E-01  3.4139693E-01 -1.8565486E-01 -1.7850459E-01 -7.1502702E-03  7.5648674E-03  2.3955569E-03  5.1693105E-03
     346  2.0032604E+03  1.3321007E+00  9.9070490E-01  3.4139580E-01 -1.8828777E-01 -1.8071481E-01 -7.5729661E-03  7.5670431E-03  2.3973202E-03  5.1697228E-03
     347  2.0032699E+03  1.3321760E+00  9.9078128E-01  3.4139471E-01 -1.9093142E-01 -1.8293510E-01 -7.9963256E-03  7.5609426E-03  2.3912572E-03  5.1696855E-03
     348  2.0032793E+03  1.3322455E+00  9.9085358E-01  3.4139196E-01 -1.9351579E-01 -1.8509567E-01 -8.4201186E-03  7.5549068E-03  2.3857033E-03  5.1692035E-03
     349  2.0032887E+03  1.3323266E+00  9.9093567E-01  3.4139095E-01 -1.9611139E-01 -1.8726761E-01 -8.8437743E-03  7.5547044E-03  2.3864772E-03  5.1682272E-03
     350  2.0032981E+03  1.3324049E+00  9.9101270E-01  3.4139220E-01 -1.9868482E-01 -1.8942071E-01 -9.2641119E-03  7.5473524E-03  2.3805498E-03  5.1668027E-03
     351  2.0033076E+03  1.3324945E+00  9.9110346E-01  3.4139107E-01 -2.0121862E-01 -1.9153355E-01 -9.6850674E-03  7.5443445E-03  2.3793986E-03  5.1649459E-03
     352  2.0033170E+03  1.3325764E+00  9.9118576E-01  3.4139066E-01 -2.0376343E-01 -1.9365750E-01 -1.0105929E-02  7.5383105E-03  2.3757233E-03  5.1625872E-03
     353  2.0033264E+03  1.3326700E+00  9.9127764E-01  3.4139233E-01 -2.0626689E-01 -1.9574361E-01 -1.0523284E-02  7.5323078E-03  2.3725154E-03  5.1597923E-03
     354  2.0033358E+03  1.3327627E+00  9.9137011E-01  3.4139260E-01 -2.0875398E-01 -1.9781317E-01 -1.0940812E-02  7.5256706E-03  2.3691072E-03  5.1565634E-03
     355  2.0033452E+03  1.3328640E+00  9.9146976E-01  3.4139425E-01 -2.1121788E-01 -1.9985840E-01 -1.1359481E-02  7.5182084E-03  2.3653734E-03  5.1528350E-03
     356  2.0033547E+03  1.3329533E+00  9.9155767E-01  3.4139567E-01 -2.1368100E-01 -2.0190575E-01 -1.1775242E-02  7.5104099E-03  2.3617836E-03  5.1486264E-03
     357  2.0033641E+03  1.3330623E+00  9.9166382E-01  3.4139846E-01 -2.1611623E-01 -2.0392683E-01 -1.2189400E-02  7.5038560E-03  2.3598674E-03  5.1439887E-03
     358  2.0033735E+03  1.3331729E+00  9.9177291E-01  3.4139995E-01 -2.1846644E-01 -2.0586368E-01 -1.2602758E-02  7.4942229E-03  2.3553475E-03  5.1388754E-03
     359  2.0033829E+03  1.3332686E+00  9.9186683E-01  3.4140175E-01 -2.2092829E-01 -2.0791013E-01 -1.3018154E-02  7.4863673E-03  2.3530892E-03  5.1332780E-03
     360  2.0033924E+03  1.3333905E+00  9.9198327E-01  3.4140721E-01 -2.2324720E-01 -2.0982332E-01 -1.3423884E-02  7.4760383E-03  2.3487796E-03  5.1272587E-03
     361  2.0034018E+03  1.3334990E+00  9.9208873E-01  3.4141026E-01 -2.2560502E-01 -2.1176978E-01 -1.3835236E-02  7.4679977E-03  2.3471792E-03  5.1208185E-03
     362  2.0034112E+03  1.3336194E+00  9.9220552E-01  3.4141387E-01 -2.2792562E-01 -2.1368091E-01 -1.4244701E-02  7.4574155E-03  2.3435534E-03  5.1138621E-03
     363  2.0034206E+03  1.3337361E+00  9.9231783E-01  3.4141825E-01 -2.3020726E-01 -2.1555685E-01 -1.4650412E-02  7.4444859E-03  2.3380386E-03  5.1064473E-03
     364  2.0034301E+03  1.3338616E+00  9.9243851E-01  3.4142311E-01 -2.3250583E-01 -2.1744757E-01 -1.5058266E-02  7.4335384E-03  2.3349172E-03  5.0986212E-03
     365  2.0034395E+03  1.3339793E+00  9.9255183E-01  3.4142749E-01 -2.3476211E-01 -2.1930055E-01 -1.5461565E-02  7.4259440E-03  2.3356560E-03  5.0902880E-03
     366  2.0034489E+03  1.3341135E+00  9.9267999E-01  3.4143347E-01 -2.3694364E-01 -2.2108066E-01 -1.5862978E-02  7.4119668E-03  2.3304241E-03  5.0815427E-03
     367  2.0034583E+03  1.3342386E+00  9.9279896E-01  3.4143963E-01 -2.3923475E-01 -2.2296885E-01 -1.6265897E-02  7.4002102E-03  2.3278782E-03  5.0723320E-03
     368  2.0034678E+03  1.3343739E+00  9.9292814E-01  3.4144579E-01 -2.4133199E-01 -2.2466985E-01 -1.6662132E-02  7.3862249E-03  2.3235424E-03  5.0626825E-03
     369  2.0034772E+03  1.3345082E+00  9.9305637E-01  3.4145181E-01 -2.4355106E-01 -2.2648670E-01 -1.7064359E-02  7.3730070E-03  2.3204450E-03  5.0525621E-03
     370  2.0034866E+03  1.3346412E+00  9.9318281E-01  3.4145842E-01 -2.4566645E-01 -2.2820702E-01 -1.7459429E-02  7.3583909E-03  2.3164226E-03  5.0419684E-03
     371  2.0034960E+03  1.3347837E+00  9.9331837E-01  3.4146533E-01 -2.4779610E-01 -2.2994079E-01 -1.7855312E-02  7.3440440E-03  2.3131083E-03  5.0309357E-03
     372  2.0035054E+03  1.3349221E+00  9.9344857E-01  3.4147355E-01 -2.4986431E-01 -2.3161844E-01 -1.8245875E-02  7.3298115E-03  2.3103428E-03  5.0194687E-03
     373  2.0035149E+03  1.3350710E+00  9.9358993E-01  3.4148109E-01 -2.5194441E-01 -2.3330634E-01 -1.8638069E-02  7.3151284E-03  2.3075645E-03  5.0075639E-03
     374  2.0035243E+03  1.3352114E+00  9.9372266E-01  3.4148875E-01 -2.5398083E-01 -2.3495253E-01 -1.9028295E-02  7.2977212E-03  2.3025426E-03  4.9951787E-03
     375  2.0035337E+03  1.3353640E+00  9.9386688E-01  3.4149710E-01 -2.5597345E-01 -2.3655695E-01 -1.9416496E-02  7.2815086E-03  2.2991910E-03  4.9823176E-03
     376  2.0035431E+03  1.3355098E+00  9.9400418E-01  3.4150560E-01 -2.5800474E-01 -2.3820123E-01 -1.9803516E-02  7.2658113E-03  2.2967992E-03  4.9690122E-03
     377  2.0035526E+03  1.3356610E+00  9.9414501E-01  3.4151601E-01 -2.5994636E-01 -2.3976248E-01 -2.0183884E-02  7.2497035E-03  2.2943786E-03  4.9553249E-03
     378  2.0035620E+03  1.3358177E+00  9.9429270E-01  3.4152502E-01 -2.6188961E-01 -2.4132306E-01 -2.0566551E-02  7.2307358E-03  2.2895227E-03  4.9412131E-03
     379  2.0035714E+03  1.3359722E+00  9.9443730E-01  3.4153485E-01 -2.6380937E-01 -2.4286195E-01 -2.0947421E-02  7.2107115E-03  2.2841301E-03  4.9265814E-03
     380  2.0035808E+03  1.3361276E+00  9.9458285E-01  3.4154475E-01 -2.6567715E-01 -2.4435312E-01 -2.1324027E-02  7.1963122E-03  2.2847902E-03  4.9115220E-03
     381  2.0035903E+03  1.3362890E+00  9.9473327E-01  3.4155569E-01 -2.6757877E-01 -2.4587746E-01 -2.1701317E-02  7.1761203E-03  2.2800614E-03  4.8960589E-03
     382  2.0035997E+03  1.3364477E+00  9.9488221E-01  3.4156549E-01 -2.6936751E-01 -2.4729196E-01 -2.2075550E-02  7.1556853E-03  2.2755694E-03  4.8801159E-03
     383  2.0036091E+03  1.3366123E+00  9.9503498E-01  3.4157734E-01 -2.7122262E-01 -2.4877451E-01 -2.2448107E-02  7.1365930E-03  2.2728847E-03  4.8637083E-03
     384  2.0036185E+03  1.3367708E+00  9.9518118E-01  3.4158959E-01 -2.7298115E-01 -2.5017015E-01 -2.2811000E-02  7.1171175E-03  2.2701299E-03  4.8469877E-03
     385  2.0036279E+03  1.3369453E+00  9.9534446E-01  3.4160088E-01 -2.7474463E-01 -2.5156217E-01 -2.3182469E-02  7.0977190E-03  2.2678687E-03  4.8298503E-03
     386  2.0036374E+03  1.3371032E+00  9.9549137E-01  3.4161185E-01 -2.7645194E-01 -2.5290337E-01 -2.3548571E-02  7.0756831E-03  2.2635758E-03  4.8121073E-03
     387  2.0036468E+03  1.3372768E+00  9.9565302E-01  3.4162379E-01 -2.7820534E-01 -2.5429202E-01 -2.3913313E-02  7.0528894E-03  2.2589180E-03  4.7939713E-03
     388  2.0036562E+03  1.3374398E+00  9.9580268E-01  3.4163710E-01 -2.7983693E-01 -2.5556736E-01 -2.4269563E-02  7.0315442E-03  2.2560715E-03  4.7754727E-03
     389  2.0036656E+03  1.3376179E+00  9.9596824E-01  3.4164971E-01 -2.8151770E-01 -2.5688698E-01 -2.4630722E-02  7.0088706E-03  2.2522777E-03  4.7565929E-03
     390  2.0036751E+03  1.3377824E+00  9.9611960E-01  3.4166284E-01 -2.8310890E-01 -2.5812717E-01 -2.4981734E-02  6.9864345E-03  2.2492550E-03  4.7371796E-03
     391  2.0036845E+03  1.3379610E+00  9.9628470E-01  3.4167631E-01 -2.8472428E-01 -2.5938790E-01 -2.5336380E-02  6.9639991E-03  2.2465155E-03  4.7174836E-03
     392  2.0036939E+03  1.3381309E+00  9.9644106E-01  3.4168987E-01 -2.8628168E-01 -2.6059341E-01 -2.5688269E-02  6.9402243E-03  2.2429525E-03  4.6972718E-03
     393  2.0037033E+03  1.3383067E+00  9.9660260E-01  3.4170412E-01 -2.8782960E-01 -2.6179467E-01 -2.6034933E-02  6.9165684E-03  2.2400011E-03  4.6765673E-03
     394  2.0037128E+03  1.3384818E+00  9.9676389E-01  3.4171790E-01 -2.8931071E-01 -2.6293178E-01 -2.6378928E-02  6.8894771E-03  2.2338947E-03  4.6555825E-03
     395  2.0037222E+03  1.3386599E+00  9.9692746E-01  3.4173244E-01 -2.9082851E-01 -2.6410255E-01 -2.6725963E-02  6.8667508E-03  2.2326064E-03  4.6341444E-03
     396  2.0037316E+03  1.3388330E+00  9.9708618E-01  3.4174682E-01 -2.9227494E-01 -2.6521199E-01 -2.7062948E-02  6.8413798E-03  2.2291821E-03  4.6121977E-03
     397  2.0037410E+03  1.3390154E+00  9.9725315E-01  3.4176228E-01 -2.9368242E-01 -2.6628415E-01 -2.7398265E-02  6.8155051E-03  2.2255033E-03  4.5900018E-03
     398  2.0037504E+03  1.3391924E+00  9.9741594E-01  3.4177649E-01 -2.9506733E-01 -2.6732670E-01 -2.7740635E-02  6.7879300E-03  2.2205846E-03  4.5673454E-03
     399  2.0037599E+03  1.3393687E+00  9.9757670E-01  3.4179203E-01 -2.9646949E-01 -2.6839225E-01 -2.8077238E-02  6.7629631E-03  2.2188299E-03  4.5441332E-03
     400  2.0037693E+03  1.3395531E+00  9.9774504E-01  3.4180802E-01 -2.9779668E-01 -2.6940027E-01 -2.8396409E-02  6.7358664E-03  2.2152616E-03  4.5206047E-03
     401  2.0037787E+03  1.3397299E+00  9.9790653E-01  3.4182336E-01 -2.9909148E-01 -2.7036186E-01 -2.8729619E-02  6.7096861E-03  2.2128211E-03  4.4968650E-03
     402  2.0037881E+03  1.3399080E+00  9.9806862E-01  3.4183941E-01 -3.0037692E-01 -2.7132293E-01 -2.9053987E-02  6.6808598E-03  2.2084079E-03  4.4724520E-03
     403  2.0037976E+03  1.3400927E+00  9.9823661E-01  3.4185612E-01 -3.0163775E-01 -2.7227092E-01 -2.9366828E-02  6.6529270E-03  2.2052062E-03  4.4477208E-03
     404  2.0038070E+03  1.3402727E+00  9.9840092E-01  3.4187177E-01 -3.0284576E-01 -2.7315152E-01 -2.9694236E-02  6.6236891E-03  2.2008986E-03  4.4227905E-03
     405  2.0038164E+03  1.3404475E+00  9.9855884E-01  3.4188867E-01 -3.0405631E-01 -2.7405188E-01 -3.0004438E-02  6.5974489E-03  2.2002691E-03  4.3971798E-03
     406  2.0038258E+03  1.3406347E+00  9.9872914E-01  3.4190554E-01 -3.0519863E-01 -2.7487933E-01 -3.0319306E-02  6.5667619E-03  2.1953919E-03  4.3713700E-03
     407  2.0038353E+03  1.3408110E+00  9.9888897E-01  3.4192200E-01 -3.0633826E-01 -2.7570757E-01 -3.0630696E-02  6.5379412E-03  2.1928462E-03  4.3450950E-03
     408  2.0038447E+03  1.3409970E+00  9.9905762E-01  3.4193936E-01 -3.0743615E-01 -2.7650018E-01 -3.0935971E-02  6.5031968E-03  2.1847182E-03  4.3184786E-03
     409  2.0038541E+03  1.3411722E+00  9.9921597E-01  3.4195622E-01 -3.0851671E-01 -2.7727480E-01 -3.1241907E-02  6.4774656E-03  2.1860139E-03  4.2914517E-03
     410  2.0038635E+03  1.3413557E+00  9.9938215E-01  3.4197351E-01 -3.0955511E-01 -2.7801103E-01 -3.1544085E-02  6.4454846E-03  2.1814624E-03  4.2640222E-03
     411  2.0038729E+03  1.3415338E+00  9.9954259E-01  3.4199123E-01 -3.1056021E-01 -2.7871926E-01 -3.1840952E-02  6.4137294E-03  2.1775133E-03  4.2362160E-03
     412  2.0038824E+03  1.3417160E+00  9.9970658E-01  3.4200940E-01 -3.1156755E-01 -2.7943545E-01 -3.2132099E-02  6.3830232E-03  2.1749464E-03  4.2080768E-03
     413  2.0038918E+03  1.3418930E+00  9.9986634E-01  3.4202662E-01 -3.1246686E-01 -2.8003959E-01 -3.2427268E-02  6.3507513E-03  2.1710938E-03  4.1796576E-03
     414  2.0039012E+03  1.3420726E+00  1.0000278E+00  3.4204473E-01 -3.1345224E-01 -2.8074061E-01 -3.2711621E-02  6.3192129E-03  2.1685857E-03  4.1506272E-03
     415  2.0039106E+03  1.3422489E+00  1.0001858E+00  3.4206313E-01 -3.1430052E-01 -2.8130470E-01 -3.2995818E-02  6.2848462E-03  2.1633549E-03  4.1214914E-03
     416  2.0039201E+03  1.3424310E+00  1.0003498E+00  3.4208117E-01 -3.1517222E-01 -2.8188979E-01 -3.3282423E-02  6.2534665E-03  2.1615650E-03  4.0919015E-03
     417  2.0039295E+03  1.3426020E+00  1.0005028E+00  3.4209922E-01 -3.1598636E-01 -2.8242648E-01 -3.3559883E-02  6.2212147E-03  2.1593841E-03  4.0618307E-03
     418  2.0039389E+03  1.3427838E+00  1.0006659E+00  3.4211796E-01 -3.1684002E-01 -2.8300509E-01 -3.3834934E-02  6.1844806E-03  2.1529721E-03  4.0315085E-03
     419  2.0039483E+03  1.3429524E+00  1.0008167E+00  3.4213576E-01 -3.1752040E-01 -2.8341329E-01 -3.4107107E-02  6.1538311E-03  2.1529428E-03  4.0008884E-03
     420  2.0039578E+03  1.3431348E+00  1.0009797E+00  3.4215510E-01 -3.1833059E-01 -2.8394995E-01 -3.4380639E-02  6.1183950E-03  2.1485524E-03  3.9698426E-03
     421  2.0039672E+03  1.3433010E+00  1.0011279E+00  3.4217318E-01 -3.1901569E-01 -2.8437539E-01 -3.4640300E-02  6.0831876E-03  2.1447184E-03  3.9384692E-03
     422  2.0039766E+03  1.3434780E+00  1.0012854E+00  3.4219257E-01 -3.1966795E-01 -2.8476510E-01 -3.4902848E-02  6.0488909E-03  2.1420874E-03  3.9068035E-03
     423  2.0039860E+03  1.3436450E+00  1.0014339E+00  3.4221103E-01 -3.2032809E-01 -2.8516881E-01 -3.5159288E-02  6.0128374E-03  2.1381000E-03  3.8747374E-03
     424  2.0039955E+03  1.3438195E+00  1.0015894E+00  3.4223006E-01 -3.2094830E-01 -2.8553137E-01 -3.5416930E-02  5.9774890E-03  2.1350895E-03  3.8423995E-03
     425  2.0040049E+03  1.3439852E+00  1.0017361E+00  3.4224911E-01 -3.2150348E-01 -2.8583717E-01 -3.5666305E-02  5.9406196E-03  2.1309873E-03  3.8096323E-03
     426  2.0040143E+03  1.3441552E+00  1.0018870E+00  3.4226820E-01 -3.2207780E-01 -2.8616443E-01 -3.5913375E-02  5.9057572E-03  2.1291227E-03  3.7766345E-03
     427  2.0040237E+03  1.3443190E+00  1.0020323E+00  3.4228668E-01 -3.2256784E-01 -2.8640854E-01 -3.6159299E-02  5.8681132E-03  2.1248479E-03  3.7432653E-03
     428  2.0040331E+03  1.3444862E+00  1.0021806E+00  3.4230560E-01 -3.2309447E-01 -2.8669058E-01 -3.6403890E-02  5.8263404E-03  2.1168535E-03  3.7094870E-03
     429  2.0040426E+03  1.3446456E+00  1.0023209E+00  3.4232478E-01 -3.2350560E-01 -2.8686506E-01 -3.6640536E-02  5.7939887E-03  2.1185659E-03  3.6754228E-03
     430  2.0040520E+03  1.3448108E+00  1.0024673E+00  3.4234343E-01 -3.2399617E-01 -2.8712231E-01 -3.6873868E-02  5.7574292E-03  2.1163547E-03  3.6410745E-03
     431  2.0040614E+03  1.3449688E+00  1.0026055E+00  3.4236326E-01 -3.2429139E-01 -2.8718569E-01 -3.7105693E-02  5.7181837E-03  2.1116936E-03  3.6064901E-03
     432  2.0040708E+03  1.3451284E+00  1.0027466E+00  3.4238173E-01 -3.2476598E-01 -2.8743271E-01 -3.7333261E-02  5.6803534E-03  2.1088804E-03  3.5714730E-03
     433  2.0040803E+03  1.3452850E+00  1.0028839E+00  3.4240116E-01 -3.2501044E-01 -2.8745823E-01 -3.7552202E-02  5.6422914E-03  2.1060332E-03  3.5362582E-03
     434  2.0040897E+03  1.3454393E+00  1.0030192E+00  3.4242004E-01 -3.2535064E-01 -2.8757563E-01 -3.7775002E-02  5.6037458E-03  2.1029979E-03  3.5007479E-03
     435  2.0040991E+03  1.3455926E+00  1.0031534E+00  3.4243920E-01 -3.2560198E-01 -2.8761087E-01 -3.7991109E-02  5.5636102E-03  2.0987516E-03  3.4648586E-03
     436  2.0041085E+03  1.3457433E+00  1.0032853E+00  3.4245799E-01 -3.2583976E-01 -2.8763842E-01 -3.8201338E-02  5.5250766E-03  2.0963978E-03  3.4286788E-03
     437  2.0041180E+03  1.3458932E+00  1.0034162E+00  3.4247705E-01 -3.2604391E-01 -2.8763425E-01 -3.8409664E-02  5.4867639E-03  2.0944801E-03  3.3922838E-03
     438  2.0041274E+03  1.3460422E+00  1.0035462E+00  3.4249602E-01 -3.2623930E-01 -2.8762354E-01 -3.8615756E-02  5.4432725E-03  2.0877040E-03  3.3555686E-03
     439  2.0041368E+03  1.3461800E+00  1.0036655E+00  3.4251453E-01 -3.2629713E-01 -2.8748137E-01 -3.8815756E-02  5.4073300E-03  2.0888206E-03  3.3185094E-03
     440  2.0041462E+03  1.3463338E+00  1.0037998E+00  3.4253405E-01 -3.2653122E-01 -2.8751285E-01 -3.9018370E-02  5.3622039E-03  2.0810428E-03  3.2811611E-03
     441  2.0041556E+03  1.3464635E+00  1.0039119E+00  3.4255162E-01 -3.2651154E-01 -2.8730694E-01 -3.9204606E-02  5.3230864E-03  2.0794800E-03  3.2436064E-03
     442  2.0041651E+03  1.3466092E+00  1.0040379E+00  3.4257134E-01 -3.2659790E-01 -2.8719922E-01 -3.9398681E-02  5.2822999E-03  2.0765120E-03  3.2057878E-03
     443  2.0041745E+03  1.3467426E+00  1.0041532E+00  3.4258933E-01 -3.2660806E-01 -2.8702297E-01 -3.9585089E-02  5.2421211E-03  2.0744923E-03  3.1676288E-03
     444  2.0041839E+03  1.3468786E+00  1.0042702E+00  3.4260840E-01 -3.2659373E-01 -2.8682734E-01 -3.9766395E-02  5.1998790E-03  2.0706397E-03  3.1292392E-03
     445  2.0041933E+03  1.3470043E+00  1.0043779E+00  3.4262641E-01 -3.2654415E-01 -2.8659843E-01 -3.9945718E-02  5.1576656E-03  2.0670774E-03  3.0905882E-03
     446  2.0042028E+03  1.3471416E+00  1.0044968E+00  3.4264482E-01 -3.2643446E-01 -2.8631414E-01 -4.0120316E-02  5.1145311E-03  2.0628825E-03  3.0516487E-03
     447  2.0042122E+03  1.3472584E+00  1.0045959E+00  3.4266245E-01 -3.2637887E-01 -2.8608950E-01 -4.0289369E-02  5.0763008E-03  2.0637930E-03  3.0125078E-03
     448  2.0042216E+03  1.3473937E+00  1.0047125E+00  3.4268123E-01 -3.2617494E-01 -2.8572167E-01 -4.0453275E-02  5.0319885E-03  2.0588189E-03  2.9731696E-03
     449  2.0042310E+03  1.3475022E+00  1.0048037E+00  3.4269847E-01 -3.2605277E-01 -2.8543312E-01 -4.0619654E-02  4.9871363E-03  2.0536174E-03  2.9335189E-03
     450  2.0042405E+03  1.3476317E+00  1.0049148E+00  3.4271688E-01 -3.2580333E-01 -2.8502692E-01 -4.0776416E-02  4.9480749E-03  2.0544900E-03  2.8935849E-03
     451  2.0042499E+03  1.3477399E+00  1.0050055E+00  3.4273436E-01 -3.2560244E-01 -2.8467021E-01 -4.0932230E-02  4.9025649E-03  2.0490954E-03  2.8534695E-03
     452  2.0042593E+03  1.3478589E+00  1.0051069E+00  3.4275191E-01 -3.2531003E-01 -2.8422752E-01 -4.1082509E-02  4.8590102E-03  2.0458918E-03  2.8131184E-03
     453  2.0042687E+03  1.3479655E+00  1.0051964E+00  3.4276908E-01 -3.2502457E-01 -2.8379467E-01 -4.1229902E-02  4.8171285E-03  2.0446126E-03  2.7725160E-03
     454  2.0042781E+03  1.3480753E+00  1.0052886E+00  3.4278673E-01 -3.2467700E-01 -2.8330526E-01 -4.1371732E-02  4.7696975E-03  2.0379930E-03  2.7317045E-03
     455  2.0042876E+03  1.3481782E+00  1.0053746E+00  3.4280352E-01 -3.2433282E-01 -2.8282122E-01 -4.1511598E-02  4.7282090E-03  2.0375496E-03  2.6906594E-03
     456  2.0042970E+03  1.3482839E+00  1.0054635E+00  3.4282040E-01 -3.2395321E-01 -2.8230809E-01 -4.1645123E-02  4.6831463E-03  2.0337675E-03  2.6493789E-03
     457  2.0043064E+03  1.3483734E+00  1.0055365E+00  3.4283695E-01 -3.2344607E-01 -2.8167172E-01 -4.1774354E-02  4.6398460E-03  2.0319045E-03  2.6079415E-03
     458  2.0043158E+03  1.3484822E+00  1.0056275E+00  3.4285463E-01 -3.2308953E-01 -2.8118493E-01 -4.1904601E-02  4.5952361E-03  2.0289511E-03  2.5662850E-03
     459  2.0043253E+03  1.3485624E+00  1.0056935E+00  3.4286888E-01 -3.2254073E-01 -2.8051743E-01 -4.2023298E-02  4.5501032E-03  2.0256801E-03  2.5244231E-03
     460  2.0043347E+03  1.3486612E+00  1.0057746E+00  3.4288660E-01 -3.2204207E-01 -2.7989720E-01 -4.2144871E-02  4.5061795E-03  2.0238516E-03  2.4823280E-03
     461  2.0043441E+03  1.3487474E+00  1.0058453E+00  3.4290206E-01 -3.2151815E-01 -2.7925749E-01 -4.2260655E-02  4.4579914E-03  2.0179769E-03  2.4400145E-03
     462  2.0043535E+03  1.3488225E+00  1.0059052E+00  3.4291726E-01 -3.2088229E-01 -2.7851330E-01 -4.2368991E-02  4.4146754E-03  2.0171374E-03  2.3975380E-03
     463  2.0043630E+03  1.3489189E+00  1.0059849E+00  3.4293396E-01 -3.2034056E-01 -2.7786176E-01 -4.2478798E-02  4.3689633E-03  2.0140842E-03  2.3548790E-03
     464  2.0043724E+03  1.3489790E+00  1.0060310E+00  3.4294799E-01 -3.1965419E-01 -2.7707624E-01 -4.2577950E-02  4.3231611E-03  2.0111066E-03  2.3120545E-03
     465  2.0043818E+03  1.3490646E+00  1.0060995E+00  3.4296510E-01 -3.1897467E-01 -2.7629514E-01 -4.2679529E-02  4.2760746E-03  2.0070729E-03  2.2690017E-03
     466  2.0043912E+03  1.3491284E+00  1.0061496E+00  3.4297877E-01 -3.1829840E-01 -2.7552519E-01 -4.2773210E-02  4.2327059E-03  2.0069301E-03  2.2257758E-03
     467  2.0044007E+03  1.3492024E+00  1.0062087E+00  3.4299377E-01 -3.1755968E-01 -2.7469905E-01 -4.2860626E-02  4.1842529E-03  2.0018276E-03  2.1824253E-03
     468  2.0044101E+03  1.3492602E+00  1.0062526E+00  3.4300760E-01 -3.1676981E-01 -2.7382155E-01 -4.2948264E-02  4.1374741E-03  1.9985591E-03  2.1389149E-03
     469  2.0044195E+03  1.3493235E+00  1.0063017E+00  3.4302178E-01 -3.1601486E-01 -2.7298593E-01 -4.3028932E-02  4.0926446E-03  1.9974666E-03  2.0951780E-03
     470  2.0044289E+03  1.3493825E+00  1.0063469E+00  3.4303566E-01 -3.1513723E-01 -2.7202798E-01 -4.3109252E-02  4.0463257E-03  1.9949438E-03  2.0513818E-03
     471  2.0044383E+03  1.3494347E+00  1.0063848E+00  3.4304990E-01 -3.1436923E-01 -2.7119077E-01 -4.3178457E-02  3.9997617E-03  1.9925292E-03  2.0072325E-03
     472  2.0044478E+03  1.3494884E+00  1.0064256E+00  3.4306283E-01 -3.1338275E-01 -2.7013026E-01 -4.3252488E-02  3.9494627E-03  1.9861832E-03  1.9632795E-03
     473  2.0044572E+03  1.3495326E+00  1.0064569E+00  3.4307577E-01 -3.1256326E-01 -2.6925091E-01 -4.3312353E-02  3.9086800E-03  1.9898709E-03  1.9188091E-03
     474  2.0044666E+03  1.3495834E+00  1.0064947E+00  3.4308868E-01 -3.1155489E-01 -2.6818489E-01 -4.3369999E-02  3.8567998E-03  1.9822587E-03  1.8745412E-03
     475  2.0044760E+03  1.3496131E+00  1.0065124E+00  3.4310073E-01 -3.1060077E-01 -2.6716985E-01 -4.3430919E-02  3.8105056E-03  1.9804609E-03  1.8300447E-03
     476  2.0044855E+03  1.3496603E+00  1.0065461E+00  3.4311422E-01 -3.0959135E-01 -2.6610544E-01 -4.3485906E-02  3.7645711E-03  1.9793164E-03  1.7852547E-03
     477  2.0044949E+03  1.3496854E+00  1.0065607E+00  3.4312478E-01 -3.0858025E-01 -2.6504886E-01 -4.3531388E-02  3.7147470E-03  1.9744126E-03  1.7403344E-03
     478  2.0045043E+03  1.3497224E+00  1.0065853E+00  3.4313708E-01 -3.0750351E-01 -2.6392928E-01 -4.3574232E-02  3.6684797E-03  1.9729997E-03  1.6954800E-03
     479  2.0045137E+03  1.3497453E+00  1.0065963E+00  3.4314893E-01 -3.0638102E-01 -2.6276107E-01 -4.3619951E-02  3.6183564E-03  1.9679701E-03  1.6503863E-03
     480  2.0045232E+03  1.3497698E+00  1.0066104E+00  3.4315948E-01 -3.0531751E-01 -2.6166305E-01 -4.3654459E-02  3.5726487E-03  1.9675610E-03  1.6050877E-03
     481  2.0045326E+03  1.3497913E+00  1.0066209E+00  3.4317039E-01 -3.0415052E-01 -2.6046626E-01 -4.3684259E-02  3.5232888E-03  1.9633862E-03  1.5599027E-03
     482  2.0045420E+03  1.3498014E+00  1.0066206E+00  3.4318077E-01 -3.0289636E-01 -2.5918365E-01 -4.3712707E-02  3.4761823E-03  1.9617917E-03  1.5143907E-03
     483  2.0045514E+03  1.3498200E+00  1.0066288E+00  3.4319120E-01 -3.0180895E-01 -2.5807301E-01 -4.3735946E-02  3.4274650E-03  1.9585754E-03  1.4688896E-03
     484  2.0045608E+03  1.3498276E+00  1.0066279E+00  3.4319967E-01 -3.0047612E-01 -2.5673127E-01 -4.3744844E-02  3.3817135E-03  1.9582969E-03  1.4234166E-03
     485  2.0045703E+03  1.3498304E+00  1.0066199E+00  3.4321048E-01 -2.9926062E-01 -2.5549270E-01 -4.3767922E-02  3.3321079E-03  1.9542918E-03  1.3778161E-03
     486  2.0045797E+03  1.3498359E+00  1.0066166E+00  3.4321930E-01 -2.9793055E-01 -2.5415063E-01 -4.3779915E-02  3.2838178E-03  1.9518886E-03  1.3319292E-03
     487  2.0045891E+03  1.3498306E+00  1.0066023E+00  3.4322828E-01 -2.9666787E-01 -2.5288242E-01 -4.3785452E-02  3.2367092E-03  1.9507017E-03  1.2860075E-03
     488  2.0045985E+03  1.3498299E+00  1.0065932E+00  3.4323673E-01 -2.9523571E-01 -2.5145168E-01 -4.3784029E-02  3.1878466E-03  1.9476984E-03  1.2401482E-03
     489  2.0046080E+03  1.3498180E+00  1.0065728E+00  3.4324525E-01 -2.9395020E-01 -2.5016459E-01 -4.3785613E-02  3.1378093E-03  1.9436162E-03  1.1941930E-03
     490  2.0046174E+03  1.3498091E+00  1.0065563E+00  3.4325281E-01 -2.9244998E-01 -2.4867394E-01 -4.3776044E-02  3.0926032E-03  1.9444804E-03  1.1481228E-03
     491  2.0046268E+03  1.3497884E+00  1.0065284E+00  3.4325996E-01 -2.9107846E-01 -2.4731225E-01 -4.3766213E-02  3.0408590E-03  1.9388658E-03  1.1019932E-03
     492  2.0046362E+03  1.3497733E+00  1.0065065E+00  3.4326682E-01 -2.8958194E-01 -2.4583163E-01 -4.3750310E-02  2.9950873E-03  1.9392672E-03  1.0558200E-03
     493  2.0046457E+03  1.3497480E+00  1.0064736E+00  3.4327440E-01 -2.8811442E-01 -2.4438156E-01 -4.3732857E-02  2.9428491E-03  1.9333089E-03  1.0095402E-03
     494  2.0046551E+03  1.3497226E+00  1.0064421E+00  3.4328053E-01 -2.8657309E-01 -2.4286426E-01 -4.3708830E-02  2.8936577E-03  1.9304184E-03  9.6323930E-04
     495  2.0046645E+03  1.3496955E+00  1.0064090E+00  3.4328645E-01 -2.8505344E-01 -2.4137167E-01 -4.3681768E-02  2.8478682E-03  1.9310215E-03  9.1684669E-04
     496  2.0046739E+03  1.3496576E+00  1.0063657E+00  3.4329194E-01 -2.8346707E-01 -2.3981961E-01 -4.3647460E-02  2.7960224E-03  1.9255542E-03  8.7046817E-04
     497  2.0046833E+03  1.3496246E+00  1.0063272E+00  3.4329737E-01 -2.8187695E-01 -2.3826580E-01 -4.3611145E-02  2.7511186E-03  1.9270088E-03  8.2410988E-04
     498  2.0046928E+03  1.3495797E+00  1.0062775E+00  3.4330224E-01 -2.8023303E-01 -2.3666125E-01 -4.3571789E-02  2.6974054E-03  1.9197332E-03  7.7767215E-04
     499  2.0047022E+03  1.3495403E+00  1.0062328E+00  3.4330753E-01 -2.7859597E-01 -2.3506514E-01 -4.3530833E-02  2.6551342E-03  1.9240021E-03  7.3113206E-04
     500  2.0047116E+03  1.3494922E+00  1.0061811E+00  3.4331117E-01 -2.7692669E-01 -2.3344825E-01 -4.3478439E-02  2.6032280E-03  1.9186254E-03  6.8460261E-04
     501  2.0047210E+03  1.3494415E+00  1.0061265E+00  3.4331506E-01 -2.7519522E-01 -2.3176833E-01 -4.3426896E-02  2.5547124E-03  1.9165505E-03  6.3816181E-04
     502  2.0047305E+03  1.3493868E+00  1.0060680E+00  3.4331875E-01 -2.7349050E-01 -2.3011826E-01 -4.3372239E-02  2.5062752E-03  1.9146923E-03  5.9158283E-04
     503  2.0047399E+03  1.3493304E+00  1.0060083E+00  3.4332209E-01 -2.7172668E-01 -2.2841679E-01 -4.3309892E-02  2.4568529E-03  1.9118300E-03  5.4502291E-04
     504  2.0047493E+03  1.3492687E+00  1.0059437E+00  3.4332497E-01 -2.6992364E-01 -2.2667720E-01 -4.3246449E-02  2.4096536E-03  1.9111655E-03  4.9848807E-04
     505  2.0047587E+03  1.3492071E+00  1.0058791E+00  3.4332798E-01 -2.6813838E-01 -2.2495740E-01 -4.3180979E-02  2.3597155E-03  1.9078454E-03  4.5187015E-04
     506  2.0047682E+03  1.3491363E+00  1.0058070E+00  3.4332927E-01 -2.6629871E-01 -2.2319480E-01 -4.3103913E-02  2.3110664E-03  1.9057938E-03  4.0527263E-04
     507  2.0047776E+03  1.3490707E+00  1.0057401E+00  3.4333055E-01 -2.6444319E-01 -2.2142040E-01 -4.3022786E-02  2.2634533E-03  1.9046504E-03  3.5880299E-04
     508  2.0047870E+03  1.3489886E+00  1.0056559E+00  3.4333270E-01 -2.6253552E-01 -2.1958862E-01 -4.2946895E-02  2.2122220E-03  1.8998935E-03  3.1232852E-04
     509  2.0047964E+03  1.3489227E+00  1.0055887E+00  3.4333394E-01 -2.6066071E-01 -2.1779969E-01 -4.2861024E-02  2.1648711E-03  1.8992224E-03  2.6564873E-04
     510  2.0048058E+03  1.3488309E+00  1.0054974E+00  3.4333353E-01 -2.5870719E-01 -2.1593669E-01 -4.2770500E-02  2.1164888E-03  1.8973265E-03  2.1916232E-04
     511  2.0048153E+03  1.3487599E+00  1.0054253E+00  3.4333458E-01 -2.5675495E-01 -2.1408018E-01 -4.2674767E-02  2.0684691E-03  1.8958017E-03  1.7266741E-04
     512  2.0048247E+03  1.3486628E+00  1.0053293E+00  3.4333345E-01 -2.5477800E-01 -2.1220246E-01 -4.2575543E-02  2.0173185E-03  1.8910443E-03  1.2627422E-04
     513  2.0048341E+03  1.3485790E+00  1.0052455E+00  3.4333352E-01 -2.5275311E-01 -2.1027773E-01 -4.2475386E-02  1.9714460E-03  1.8915439E-03  7.9902115E-05
     514  2.0048435E+03  1.3484816E+00  1.0051486E+00  3.4333296E-01 -2.5072847E-01 -2.0835731E-01 -4.2371158E-02  1.9218967E-03  1.8884222E-03  3.3474508E-05
     515  2.0048530E+03  1.3483913E+00  1.0050604E+00  3.4333086E-01 -2.4867908E-01 -2.0641872E-01 -4.2260359E-02  1.8741812E-03  1.8871046E-03 -1.2923388E-05
     516  2.0048624E+03  1.3482902E+00  1.0049605E+00  3.4332966E-01 -2.4661235E-01 -2.0446854E-01 -4.2143810E-02  1.8254223E-03  1.8846067E-03 -5.9184421E-05
     517  2.0048718E+03  1.3481864E+00  1.0048591E+00  3.4332726E-01 -2.4448055E-01 -2.0245316E-01 -4.2027391E-02  1.7788321E-03  1.8841653E-03 -1.0533330E-04
     518  2.0048812E+03  1.3480859E+00  1.0047606E+00  3.4332528E-01 -2.4239250E-01 -2.0048654E-01 -4.1905966E-02  1.7303114E-03  1.8819234E-03 -1.5161207E-04
     519  2.0048907E+03  1.3479738E+00  1.0046518E+00  3.4332204E-01 -2.4020599E-01 -1.9843016E-01 -4.1775826E-02  1.6817753E-03  1.8794486E-03 -1.9767329E-04
     520  2.0049001E+03  1.3478666E+00  1.0045476E+00  3.4331895E-01 -2.3806305E-01 -1.9641401E-01 -4.1649035E-02  1.6352863E-03  1.8789658E-03 -2.4367944E-04
     521  2.0049095E+03  1.3477527E+00  1.0044373E+00  3.4331547E-01 -2.3586251E-01 -1.9435017E-01 -4.1512336E-02  1.5880594E-03  1.8777849E-03 -2.8972548E-04
     522  2.0049189E+03  1.3476365E+00  1.0043256E+00  3.4331091E-01 -2.3363889E-01 -1.9226890E-01 -4.1369986E-02  1.5369800E-03  1.8725611E-03 -3.3558117E-04
     523  2.0049284E+03  1.3475172E+00  1.0042093E+00  3.4330793E-01 -2.3139221E-01 -1.9015563E-01 -4.1236580E-02  1.4924057E-03  1.8737490E-03 -3.8134331E-04
     524  2.0049378E+03  1.3473984E+00  1.0040949E+00  3.4330348E-01 -2.2916304E-01 -1.8806830E-01 -4.1094744E-02  1.4422578E-03  1.8695350E-03 -4.2727716E-04
     525  2.0049472E+03  1.3472732E+00  1.0039759E+00  3.4329730E-01 -2.2687065E-01 -1.8593627E-01 -4.0934383E-02  1.3964455E-03  1.8694238E-03 -4.7297827E-04
     526  2.0049566E+03  1.3471449E+00  1.0038527E+00  3.4329219E-01 -2.2455451E-01 -1.8377243E-01 -4.0782083E-02  1.3486410E-03  1.8670022E-03 -5.1836120E-04
     527  2.0049660E+03  1.3470182E+00  1.0037307E+00  3.4328747E-01 -2.2223240E-01 -1.8160113E-01 -4.0631269E-02  1.3010518E-03  1.8649192E-03 -5.6386739E-04
     528  2.0049755E+03  1.3468865E+00  1.0036057E+00  3.4328076E-01 -2.1989050E-01 -1.7942538E-01 -4.0465122E-02  1.2550580E-03  1.8644815E-03 -6.0942345E-04
     529  2.0049849E+03  1.3467560E+00  1.0034817E+00  3.4327427E-01 -2.1754250E-01 -1.7724389E-01 -4.0298605E-02  1.2049325E-03  1.8595686E-03 -6.5463604E-04
     530  2.0049943E+03  1.3466124E+00  1.0033451E+00  3.4326728E-01 -2.1511933E-01 -1.7499052E-01 -4.0128809E-02  1.1621026E-03  1.8618808E-03 -6.9977823E-04
     531  2.0050037E+03  1.3464813E+00  1.0032206E+00  3.4326072E-01 -2.1274590E-01 -1.7278739E-01 -3.9958511E-02  1.1120579E-03  1.8569445E-03 -7.4488662E-04
     532  2.0050132E+03  1.3463334E+00  1.0030809E+00  3.4325247E-01 -2.1029477E-01 -1.7051775E-01 -3.9777027E-02  1.0686634E-03  1.8585220E-03 -7.8985867E-04
     533  2.0050226E+03  1.3461987E+00  1.0029533E+00  3.4324541E-01 -2.0786730E-01 -1.6826905E-01 -3.9598247E-02  1.0203506E-03  1.8549400E-03 -8.3458937E-04
     534  2.0050320E+03  1.3460432E+00  1.0028063E+00  3.4323693E-01 -2.0536678E-01 -1.6595083E-01 -3.9415951E-02  9.7493121E-04  1.8542576E-03 -8.7932638E-04
     535  2.0050414E+03  1.3459046E+00  1.0026761E+00  3.4322848E-01 -2.0291935E-01 -1.6369165E-01 -3.9227699E-02  9.3017514E-04  1.8541408E-03 -9.2396565E-04
     536  2.0050509E+03  1.3457558E+00  1.0025356E+00  3.4322024E-01 -2.0039422E-01 -1.6135775E-01 -3.9036477E-02  8.8235461E-04  1.8507242E-03 -9.6836955E-04
     537  2.0050603E+03  1.3455963E+00  1.0023855E+00  3.4321075E-01 -1.9786224E-01 -1.5902130E-01 -3.8840941E-02  8.3617685E-04  1.8488559E-03 -1.0126790E-03
     538  2.0050697E+03  1.3454545E+00  1.0022527E+00  3.4320180E-01 -1.9533605E-01 -1.5669751E-01 -3.8638537E-02  7.9129392E-04  1.8481369E-03 -1.0568430E-03
     539  2.0050791E+03  1.3452867E+00  1.0020955E+00  3.4319127E-01 -1.9274830E-01 -1.5431229E-01 -3.8436010E-02  7.4685525E-04  1.8477040E-03 -1.1008487E-03
     540  2.0050885E+03  1.3451420E+00  1.0019611E+00  3.4318094E-01 -1.9019386E-01 -1.5196371E-01 -3.8230157E-02  7.0035729E-04  1.8450942E-03 -1.1447369E-03
     541  2.0050980E+03  1.3449733E+00  1.0018030E+00  3.4317032E-01 -1.8757447E-01 -1.4955906E-01 -3.8015405E-02  6.5534261E-04  1.8437707E-03 -1.1884281E-03
     542  2.0051074E+03  1.3448174E+00  1.0016577E+00  3.4315974E-01 -1.8495927E-01 -1.4715645E-01 -3.7802822E-02  6.1144194E-04  1.8433730E-03 -1.2319311E-03
     543  2.0051168E+03  1.3446579E+00  1.0015090E+00  3.4314891E-01 -1.8233611E-01 -1.4475183E-01 -3.7584279E-02  5.6568684E-04  1.8410586E-03 -1.2753718E-03
     544  2.0051262E+03  1.3444916E+00  1.0013544E+00  3.4313723E-01 -1.7967257E-01 -1.4231162E-01 -3.7360946E-02  5.2234921E-04  1.8409339E-03 -1.3185847E-03
     545  2.0051357E+03  1.3443267E+00  1.0012008E+00  3.4312594E-01 -1.7700077E-01 -1.3986214E-01 -3.7138635E-02  4.7545836E-04  1.8370401E-03 -1.3615818E-03
     546  2.0051451E+03  1.3441597E+00  1.0010459E+00  3.4311375E-01 -1.7431559E-01 -1.3740278E-01 -3.6912811E-02  4.3281235E-04  1.8373583E-03 -1.4045460E-03
     547  2.0051545E+03  1.3439964E+00  1.0008940E+00  3.4310236E-01 -1.7163273E-01 -1.3495090E-01 -3.6681836E-02  3.8803179E-04  1.8353553E-03 -1.4473235E-03
     548  2.0051639E+03  1.3438195E+00  1.0007307E+00  3.4308878E-01 -1.6888333E-01 -1.3243961E-01 -3.6443719E-02  3.4387174E-04  1.8337180E-03 -1.4898463E-03
     549  2.0051734E+03  1.3436580E+00  1.0005814E+00  3.4307655E-01 -1.6617514E-01 -1.2997108E-01 -3.6204060E-02  2.9837154E-04  1.8305695E-03 -1.5321979E-03
     550  2.0051828E+03  1.3434754E+00  1.0004125E+00  3.4306287E-01 -1.6338783E-01 -1.2742609E-01 -3.5961739E-02  2.6031198E-04  1.8346372E-03 -1.5743252E-03
     551  2.0051922E+03  1.3433168E+00  1.0002667E+00  3.4305005E-01 -1.6066681E-01 -1.2494986E-01 -3.5716947E-02  2.1389949E-04  1.8302312E-03 -1.6163317E-03
     552  2.0052016E+03  1.3431301E+00  1.0000935E+00  3.4303658E-01 -1.5782847E-01 -1.2235989E-01 -3.5468582E-02  1.7485129E-04  1.8329103E-03 -1.6580590E-03
     553  2.0052110E+03  1.3429670E+00  9.9994437E-01  3.4302264E-01 -1.5508874E-01 -1.1987272E-01 -3.5216024E-02  1.2874485E-04  1.8284540E-03 -1.6997092E-03
     554  2.0052205E+03  1.3427836E+00  9.9977595E-01  3.4300761E-01 -1.5224821E-01 -1.1729451E-01 -3.4953705E-02  8.6786006E-05  1.8278273E-03 -1.7410413E-03
     555  2.0052299E+03  1.3426089E+00  9.9961547E-01  3.4299347E-01 -1.4941011E-01 -1.1471536E-01 -3.4694751E-02  4.4154363E-05  1.8262302E-03 -1.7820758E-03
     556  2.0052393E+03  1.3424320E+00  9.9945288E-01  3.4297915E-01 -1.4658082E-01 -1.1214519E-01 -3.4435629E-02  2.9953749E-06  1.8260198E-03 -1.8230244E-03
     557  2.0052487E+03  1.3422546E+00  9.9929035E-01  3.4296424E-01 -1.4372428E-01 -1.0955560E-01 -3.4168677E-02 -3.8996245E-05  1.8248317E-03 -1.8638279E-03
     558  2.0052582E+03  1.3420740E+00  9.9912477E-01  3.4294924E-01 -1.4084734E-01 -1.0694740E-01 -3.3899935E-02 -8.0011822E-05  1.8242890E-03 -1.9043008E-03
     559  2.0052676E+03  1.3418992E+00  9.9896470E-01  3.4293446E-01 -1.3797335E-01 -1.0434231E-01 -3.3631043E-02 -1.2150051E-04  1.8231155E-03 -1.9446160E-03
     560  2.0052770E+03  1.3417165E+00  9.9879848E-01  3.4291801E-01 -1.3508494E-01 -1.0173358E-01 -3.3351354E-02 -1.6483438E-04  1.8198905E-03 -1.9847249E-03
     561  2.0052864E+03  1.3415395E+00  9.9863666E-01  3.4290284E-01 -1.3215809E-01 -9.9085528E-02 -3.3072562E-02 -2.0366600E-04  1.8207941E-03 -2.0244601E-03
     562  2.0052959E+03  1.3413540E+00  9.9846719E-01  3.4288679E-01 -1.2923278E-01 -9.6438332E-02 -3.2794447E-02 -2.4395713E-04  1.8200873E-03 -2.0640444E-03
     563  2.0053053E+03  1.3411789E+00  9.9830855E-01  3.4287034E-01 -1.2631848E-01 -9.3814329E-02 -3.2504153E-02 -2.8393771E-04  1.8195669E-03 -2.1035046E-03
     564  2.0053147E+03  1.3409966E+00  9.9814252E-01  3.4285404E-01 -1.2335119E-01 -9.1135031E-02 -3.2216163E-02 -3.2588442E-04  1.8166495E-03 -2.1425339E-03
     565  2.0053241E+03  1.3408144E+00  9.9797726E-01  3.4283717E-01 -1.2040463E-01 -8.8480843E-02 -3.1923791E-02 -3.6289927E-04  1.8185346E-03 -2.1814339E-03
     566  2.0053336E+03  1.3406324E+00  9.9781157E-01  3.4282079E-01 -1.1742126E-01 -8.5791732E-02 -3.1629525E-02 -4.0679016E-04  1.8132358E-03 -2.2200259E-03
     567  2.0053430E+03  1.3404526E+00  9.9764943E-01  3.4280321E-01 -1.1445017E-01 -8.3119959E-02 -3.1330209E-02 -4.4092672E-04  1.8174611E-03 -2.2583878E-03
     568  2.0053524E+03  1.3402712E+00  9.9748433E-01  3.4278684E-01 -1.1144754E-01 -8.0415168E-02 -3.1032368E-02 -4.7945307E-04  1.8170327E-03 -2.2964858E-03
     569  2.0053618E+03  1.3400921E+00  9.9732254E-01  3.4276956E-01 -1.0845743E-01 -7.7727191E-02 -3.0730243E-02 -5.2159810E-04  1.8127641E-03 -2.3343622E-03
     570  2.0053712E+03  1.3399098E+00  9.9715814E-01  3.4275168E-01 -1.0543361E-01 -7.5013966E-02 -3.0419649E-02 -5.5870908E-04  1.8132169E-03 -2.3719260E-03
     571  2.0053807E+03  1.3397303E+00  9.9699594E-01  3.4273433E-01 -1.0240010E-01 -7.2289960E-02 -3.0110141E-02 -5.9569541E-04  1.8134889E-03 -2.4091843E-03
     572  2.0053901E+03  1.3395492E+00  9.9683274E-01  3.4271648E-01 -9.9377124E-02 -6.9578615E-02 -2.9798510E-02 -6.3356321E-04  1.8127048E-03 -2.4462680E-03
     573  2.0053995E+03  1.3393708E+00  9.9667218E-01  3.4269860E-01 -9.6330368E-02 -6.6846997E-02 -2.9483371E-02 -6.7143638E-04  1.8115790E-03 -2.4830153E-03
     574  2.0054089E+03  1.3391899E+00  9.9650917E-01  3.4268077E-01 -9.3267271E-02 -6.4101026E-02 -2.9166246E-02 -7.0948536E-04  1.8100228E-03 -2.5195081E-03
     575  2.0054184E+03  1.3390142E+00  9.9635115E-01  3.4266307E-01 -9.0216834E-02 -6.1369365E-02 -2.8847470E-02 -7.4602637E-04  1.8097449E-03 -2.5557713E-03
     576  2.0054278E+03  1.3388329E+00  9.9618851E-01  3.4264437E-01 -8.7141013E-02 -5.8620336E-02 -2.8520677E-02 -7.8246310E-04  1.8092475E-03 -2.5917106E-03
     577  2.0054372E+03  1.3386576E+00  9.9603101E-01  3.4262656E-01 -8.4041183E-02 -5.5844501E-02 -2.8196682E-02 -8.1675637E-04  1.8106023E-03 -2.6273587E-03
     578  2.0054466E+03  1.3384793E+00  9.9587145E-01  3.4260786E-01 -8.0987806E-02 -5.3116761E-02 -2.7871045E-02 -8.5445017E-04  1.8082831E-03 -2.6627333E-03
     579  2.0054561E+03  1.3383082E+00  9.9571859E-01  3.4258961E-01 -7.7867766E-02 -5.0334253E-02 -2.7533514E-02 -8.9149355E-04  1.8062961E-03 -2.6977896E-03
     580  2.0054655E+03  1.3381255E+00  9.9555523E-01  3.4257026E-01 -7.4753729E-02 -4.7551197E-02 -2.7202532E-02 -9.2367392E-04  1.8088628E-03 -2.7325368E-03
     581  2.0054749E+03  1.3379598E+00  9.9540769E-01  3.4255213E-01 -7.1663515E-02 -4.4798301E-02 -2.6865214E-02 -9.5911650E-04  1.8079447E-03 -2.7670612E-03
     582  2.0054843E+03  1.3377824E+00  9.9524945E-01  3.4253297E-01 -6.8533835E-02 -4.2011653E-02 -2.6522182E-02 -9.9613691E-04  1.8050251E-03 -2.8011620E-03
     583  2.0054937E+03  1.3376098E+00  9.9509586E-01  3.4251394E-01 -6.5396157E-02 -3.9212660E-02 -2.6183497E-02 -1.0297766E-03  1.8052403E-03 -2.8350169E-03
     584  2.0055032E+03  1.3374438E+00  9.9494789E-01  3.4249594E-01 -6.2279149E-02 -3.6444204E-02 -2.5834946E-02 -1.0606278E-03  1.8079990E-03 -2.8686268E-03
     585  2.0055126E+03  1.3372707E+00  9.9479466E-01  3.4247608E-01 -5.9140117E-02 -3.3649474E-02 -2.5490643E-02 -1.0970643E-03  1.8046968E-03 -2.9017611E-03
     586  2.0055220E+03  1.3371033E+00  9.9464585E-01  3.4245750E-01 -5.5983883E-02 -3.0845747E-02 -2.5138136E-02 -1.1301096E-03  1.8046380E-03 -2.9347476E-03
     587  2.0055314E+03  1.3369384E+00  9.9450003E-01  3.4243839E-01 -5.2838488E-02 -2.8052568E-02 -2.4785920E-02 -1.1629974E-03  1.8042841E-03 -2.9672815E-03
     588  2.0055409E+03  1.3367705E+00  9.9435080E-01  3.4241969E-01 -4.9680809E-02 -2.5245877E-02 -2.4434932E-02 -1.1943260E-03  1.8052245E-03 -2.9995505E-03
     589  2.0055503E+03  1.3366088E+00  9.9420870E-01  3.4240008E-01 -4.6523912E-02 -2.2447683E-02 -2.4076229E-02 -1.2257586E-03  1.8057431E-03 -3.0315017E-03
     590  2.0055597E+03  1.3364452E+00  9.9406378E-01  3.4238146E-01 -4.3345456E-02 -1.9630505E-02 -2.3714950E-02 -1.2584087E-03  1.8046964E-03 -3.0631051E-03
     591  2.0055691E+03  1.3362858E+00  9.9392392E-01  3.4236190E-01 -4.0188752E-02 -1.6831520E-02 -2.3357233E-02 -1.2909567E-03  1.8034104E-03 -3.0943671E-03
     592  2.0055786E+03  1.3361277E+00  9.9378454E-01  3.4234316E-01 -3.7007525E-02 -1.4016679E-02 -2.2990846E-02 -1.3206548E-03  1.8047128E-03 -3.1253676E-03
     593  2.0055880E+03  1.3359666E+00  9.9364294E-01  3.4232366E-01 -3.3828448E-02 -1.1204026E-02 -2.2624422E-02 -1.3518390E-03  1.8040928E-03 -3.1559318E-03
     594  2.0055974E+03  1.3358154E+00  9.9351023E-01  3.4230519E-01 -3.0643348E-02 -8.3853935E-03 -2.2257955E-02 -1.3838138E-03  1.8023778E-03 -3.1861916E-03
     595  2.0056068E+03  1.3356589E+00  9.9337337E-01  3.4228558E-01 -2.7461771E-02 -5.5748418E-03 -2.1886929E-02 -1.4127891E-03  1.8033667E-03 -3.2161558E-03
     596  2.0056162E+03  1.3355094E+00  9.9324298E-01  3.4226646E-01 -2.4273844E-02 -2.7598966E-03 -2.1513947E-02 -1.4424425E-03  1.8032977E-03 -3.2457402E-03
     597  2.0056257E+03  1.3353579E+00  9.9310984E-01  3.4224810E-01 -2.1078752E-02  6.1677755E-05 -2.1140430E-02 -1.4732513E-03  1.8016992E-03 -3.2749505E-03
     598  2.0056351E+03  1.3352144E+00  9.9298540E-01  3.4222898E-01 -1.7885693E-02  2.8759909E-03 -2.0761684E-02 -1.4987702E-03  1.8050674E-03 -3.3038377E-03
     599  2.0056445E+03  1.3350632E+00  9.9285322E-01  3.4221002E-01 -1.4690316E-02  5.6956935E-03 -2.0386010E-02 -1.5333208E-03  1.7990333E-03 -3.3323540E-03
     600  2.0056539E+03  1.3349267E+00  9.9273520E-01  3.4219151E-01 -1.1497045E-02  8.5066655E-03 -2.0003711E-02 -1.5549788E-03  1.8055867E-03 -3.3605655E-03
     601  2.0056634E+03  1.3347774E+00  9.9260576E-01  3.4217167E-01 -8.2888621E-03  1.1332829E-02 -1.9621691E-02 -1.5882004E-03  1.8001620E-03 -3.3883623E-03
     602  2.0056728E+03  1.3346436E+00  9.9248942E-01  3.4215418E-01 -5.0972649E-03  1.4140228E-02 -1.9237493E-02 -1.6118059E-03  1.8040262E-03 -3.4158321E-03
     603  2.0056822E+03  1.3345050E+00  9.9237033E-01  3.4213470E-01 -1.8888799E-03  1.6962607E-02 -1.8851487E-02 -1.6396995E-03  1.8032234E-03 -3.4429230E-03
     604  2.0056916E+03  1.3343717E+00  9.9225506E-01  3.4211663E-01  1.3087313E-03  1.9771892E-02 -1.8463161E-02 -1.6661389E-03  1.8034948E-03 -3.4696337E-03
     605  2.0057011E+03  1.3342415E+00  9.9214340E-01  3.4209805E-01  4.5062742E-03  2.2580293E-02 -1.8074019E-02 -1.6921880E-03  1.8037848E-03 -3.4959728E-03
     606  2.0057105E+03  1.3341099E+00  9.9203037E-01  3.4207950E-01  7.7195364E-03  2.5402072E-02 -1.7682535E-02 -1.7194228E-03  1.8025251E-03 -3.5219479E-03
     607  2.0057199E+03  1.3339846E+00  9.9192279E-01  3.4206183E-01  1.0907271E-02  2.8195872E-02 -1.7288601E-02 -1.7430873E-03  1.8044565E-03 -3.5475438E-03
     608  2.0057293E+03  1.3338595E+00  9.9181649E-01  3.4204301E-01  1.4119418E-02  3.1012350E-02 -1.6892932E-02 -1.7677908E-03  1.8049447E-03 -3.5727355E-03
     609  2.0057387E+03  1.3337383E+00  9.9171258E-01  3.4202570E-01  1.7314203E-02  3.3810835E-02 -1.6496631E-02 -1.7943237E-03  1.8032353E-03 -3.5975589E-03
     610  2.0057482E+03  1.3336199E+00  9.9161223E-01  3.4200770E-01  2.0513991E-02  3.6611937E-02 -1.6097946E-02 -1.8162038E-03  1.8058134E-03 -3.6220172E-03
     611  2.0057576E+03  1.3335008E+00  9.9151120E-01  3.4198959E-01  2.3710300E-02  3.9408514E-02 -1.5698214E-02 -1.8414849E-03  1.8046086E-03 -3.6460934E-03
     612  2.0057670E+03  1.3333925E+00  9.9142018E-01  3.4197229E-01  2.6905850E-02  4.2202784E-02 -1.5296934E-02 -1.8679242E-03  1.8018546E-03 -3.6697788E-03
     613  2.0057764E+03  1.3332741E+00  9.9131950E-01  3.4195459E-01  3.0099172E-02  4.4993589E-02 -1.4894417E-02 -1.8880482E-03  1.8050578E-03 -3.6931060E-03
     614  2.0057859E+03  1.3331738E+00  9.9123591E-01  3.4193787E-01  3.3285004E-02  4.7773681E-02 -1.4488678E-02 -1.9098931E-03  1.8061058E-03 -3.7159989E-03
     615  2.0057953E+03  1.3330639E+00  9.9114329E-01  3.4192059E-01  3.6481044E-02  5.0564227E-02 -1.4083184E-02 -1.9342111E-03  1.8042551E-03 -3.7384662E-03
     616  2.0058047E+03  1.3329687E+00  9.9106519E-01  3.4190351E-01  3.9657997E-02  5.3334325E-02 -1.3676328E-02 -1.9554069E-03  1.8051760E-03 -3.7605829E-03
     617  2.0058141E+03  1.3328580E+00  9.9097174E-01  3.4188631E-01  4.2848164E-02  5.6115318E-02 -1.3267154E-02 -1.9763520E-03  1.8059567E-03 -3.7823087E-03
     618  2.0058236E+03  1.3327763E+00  9.9090545E-01  3.4187086E-01  4.6008331E-02  5.8866819E-02 -1.2858488E-02 -1.9942166E-03  1.8093844E-03 -3.8036011E-03
     619  2.0058330E+03  1.3326693E+00  9.9081558E-01  3.4185375E-01  4.9206329E-02  6.1652358E-02 -1.2446029E-02 -2.0183451E-03  1.8061412E-03 -3.8244863E-03
     620  2.0058424E+03  1.3325856E+00  9.9074812E-01  3.4183744E-01  5.2354450E-02  6.4389631E-02 -1.2035181E-02 -2.0378382E-03  1.8071577E-03 -3.8449959E-03
     621  2.0058518E+03  1.3325036E+00  9.9068143E-01  3.4182214E-01  5.5522384E-02  6.7142485E-02 -1.1620101E-02 -2.0553598E-03  1.8097195E-03 -3.8650793E-03
     622  2.0058613E+03  1.3324099E+00  9.9060439E-01  3.4180548E-01  5.8693551E-02  6.9898846E-02 -1.1205294E-02 -2.0757961E-03  1.8089481E-03 -3.8847442E-03
     623  2.0058707E+03  1.3323392E+00  9.9054856E-01  3.4179065E-01  6.1828299E-02  7.2620033E-02 -1.0791734E-02 -2.0960797E-03  1.8079555E-03 -3.9040353E-03
     624  2.0058801E+03  1.3322534E+00  9.9047850E-01  3.4177493E-01  6.4990816E-02  7.5362735E-02 -1.0371918E-02 -2.1124914E-03  1.8104142E-03 -3.9229057E-03
     625  2.0058895E+03  1.3321854E+00  9.9042534E-01  3.4176008E-01  6.8136731E-02  7.8093050E-02 -9.9563195E-03 -2.1300569E-03  1.8112443E-03 -3.9413013E-03
     626  2.0058989E+03  1.3321131E+00  9.9036850E-01  3.4174457E-01  7.1246222E-02  8.0783875E-02 -9.5376538E-03 -2.1500566E-03  1.8093035E-03 -3.9593600E-03
     627  2.0059084E+03  1.3320441E+00  9.9031398E-01  3.4173008E-01  7.4410785E-02  8.3527003E-02 -9.1162176E-03 -2.1658438E-03  1.8111371E-03 -3.9769809E-03
     628  2.0059178E+03  1.3319779E+00  9.9026188E-01  3.4171603E-01  7.7515971E-02  8.6212327E-02 -8.6963565E-03 -2.1835572E-03  1.8105997E-03 -3.9941568E-03
     629  2.0059272E+03  1.3319241E+00  9.9022263E-01  3.4170150E-01  8.0623662E-02  8.8898235E-02 -8.2745732E-03 -2.1954875E-03  1.8154232E-03 -4.0109107E-03
     630  2.0059366E+03  1.3318576E+00  9.9016999E-01  3.4168758E-01  8.3748502E-02  9.1600410E-02 -7.8519084E-03 -2.2160356E-03  1.8112315E-03 -4.0272672E-03
     631  2.0059461E+03  1.3318128E+00  9.9013801E-01  3.4167479E-01  8.6825636E-02  9.4254054E-02 -7.4284182E-03 -2.2283150E-03  1.8148574E-03 -4.0431724E-03
     632  2.0059555E+03  1.3317532E+00  9.9009186E-01  3.4166130E-01  8.9950976E-02  9.6953877E-02 -7.0029008E-03 -2.2429130E-03  1.8156948E-03 -4.0586078E-03
     633  2.0059649E+03  1.3317153E+00  9.9006732E-01  3.4164798E-01  9.3007977E-02  9.9588149E-02 -6.5801721E-03 -2.2594122E-03  1.8142234E-03 -4.0736356E-03
     634  2.0059743E+03  1.3316600E+00  9.9002521E-01  3.4163478E-01  9.6103036E-02  1.0225680E-01 -6.1537645E-03 -2.2685747E-03  1.8197141E-03 -4.0882888E-03
     635  2.0059838E+03  1.3316310E+00  9.9000763E-01  3.4162337E-01  9.9145416E-02  1.0487336E-01 -5.7279412E-03 -2.2878595E-03  1.8146084E-03 -4.1024679E-03
     636  2.0059932E+03  1.3315879E+00  9.8997749E-01  3.4161042E-01  1.0223212E-01  1.0753284E-01 -5.3007198E-03 -2.2977654E-03  1.8184324E-03 -4.1161978E-03
     637  2.0060026E+03  1.3315579E+00  9.8995964E-01  3.4159821E-01  1.0524622E-01  1.1012169E-01 -4.8754732E-03 -2.3125084E-03  1.8170368E-03 -4.1295451E-03
     638  2.0060120E+03  1.3315213E+00  9.8993518E-01  3.4158608E-01  1.0831663E-01  1.1276249E-01 -4.4458681E-03 -2.3227052E-03  1.8197254E-03 -4.1424306E-03
     639  2.0060214E+03  1.3314990E+00  9.8992407E-01  3.4157495E-01  1.1132995E-01  1.1534912E-01 -4.0191720E-03 -2.3334668E-03  1.8213784E-03 -4.1548452E-03
     640  2.0060309E+03  1.3314798E+00  9.8991579E-01  3.4156399E-01  1.1434126E-01  1.1793231E-01 -3.5910486E-03 -2.3472131E-03  1.8196535E-03 -4.1668665E-03
     641  2.0060403E+03  1.3314551E+00  9.8990102E-01  3.4155411E-01  1.1735375E-01  1.2051319E-01 -3.1594353E-03 -2.3568187E-03  1.8216290E-03 -4.1784476E-03
     642  2.0060497E+03  1.3314410E+00  9.8989710E-01  3.4154391E-01  1.2034719E-01  1.2307841E-01 -2.7312278E-03 -2.3652514E-03  1.8242582E-03 -4.1895096E-03
     643  2.0060591E+03  1.3314334E+00  9.8990156E-01  3.4153183E-01  1.2333550E-01  1.2563869E-01 -2.3031935E-03 -2.3774365E-03  1.8227573E-03 -4.2001937E-03
     644  2.0060686E+03  1.3314158E+00  9.8989314E-01  3.4152268E-01  1.2630281E-01  1.2817578E-01 -1.8729767E-03 -2.3860571E-03  1.8244239E-03 -4.2104810E-03
     645  2.0060780E+03  1.3314172E+00  9.8990287E-01  3.4151432E-01  1.2926234E-01  1.3070410E-01 -1.4417586E-03 -2.3943329E-03  1.8259295E-03 -4.2202623E-03
     646  2.0060874E+03  1.3314126E+00  9.8990854E-01  3.4150410E-01  1.3221796E-01  1.3322979E-01 -1.0118266E-03 -2.4010246E-03  1.8285205E-03 -4.2295452E-03
     647  2.0060968E+03  1.3314181E+00  9.8992243E-01  3.4149567E-01  1.3513916E-01  1.3572030E-01 -5.8113857E-04 -2.4126715E-03  1.8257863E-03 -4.2384578E-03
     648  2.0061063E+03  1.3314185E+00  9.8993087E-01  3.4148762E-01  1.3807513E-01  1.3822662E-01 -1.5149501E-04 -2.4156601E-03  1.8311989E-03 -4.2468590E-03
     649  2.0061157E+03  1.3314331E+00  9.8995376E-01  3.4147934E-01  1.4098258E-01  1.4070342E-01  2.7916118E-04 -2.4236169E-03  1.8312304E-03 -4.2548473E-03
     650  2.0061251E+03  1.3314426E+00  9.8997078E-01  3.4147179E-01  1.4386528E-01  1.4315567E-01  7.0961101E-04 -2.4315332E-03  1.8308494E-03 -4.2623826E-03
     651  2.0061345E+03  1.3314594E+00  9.8999657E-01  3.4146285E-01  1.4677140E-01  1.4563142E-01  1.1399785E-03 -2.4359089E-03  1.8335354E-03 -4.2694443E-03
     652  2.0061439E+03  1.3314782E+00  9.9002211E-01  3.4145604E-01  1.4961909E-01  1.4805019E-01  1.5689035E-03 -2.4448662E-03  1.8312366E-03 -4.2761028E-03
     653  2.0061534E+03  1.3315010E+00  9.9005064E-01  3.4145040E-01  1.5248681E-01  1.5048528E-01  2.0015318E-03 -2.4477098E-03  1.8345909E-03 -4.2823007E-03
     654  2.0061628E+03  1.3315301E+00  9.9008595E-01  3.4144413E-01  1.5531579E-01  1.5288504E-01  2.4307505E-03 -2.4519887E-03  1.8359755E-03 -4.2879642E-03
     655  2.0061722E+03  1.3315576E+00  9.9011912E-01  3.4143845E-01  1.5815881E-01  1.5529756E-01  2.8612509E-03 -2.4572246E-03  1.8360228E-03 -4.2932474E-03
     656  2.0061816E+03  1.3315981E+00  9.9016585E-01  3.4143229E-01  1.6093733E-01  1.5764699E-01  3.2903401E-03 -2.4607630E-03  1.8373081E-03 -4.2980710E-03
     657  2.0061911E+03  1.3316281E+00  9.9020121E-01  3.4142687E-01  1.6375865E-01  1.6003790E-01  3.7207510E-03 -2.4648018E-03  1.8376265E-03 -4.3024283E-03
     658  2.0062005E+03  1.3316695E+00  9.9024730E-01  3.4142219E-01  1.6653682E-01  1.6238853E-01  4.1482919E-03 -2.4635095E-03  1.8428371E-03 -4.3063466E-03
     659  2.0062099E+03  1.3317214E+00  9.9030478E-01  3.4141660E-01  1.6927174E-01  1.6469497E-01  4.5767652E-03 -2.4718868E-03  1.8379030E-03 -4.3097898E-03
     660  2.0062193E+03  1.3317585E+00  9.9034635E-01  3.4141215E-01  1.7204725E-01  1.6704138E-01  5.0058625E-03 -2.4678546E-03  1.8449179E-03 -4.3127725E-03
     661  2.0062288E+03  1.3318164E+00  9.9040697E-01  3.4140940E-01  1.7476108E-01  1.6932880E-01  5.4322782E-03 -2.4722318E-03  1.8430698E-03 -4.3153016E-03
     662  2.0062382E+03  1.3318681E+00  9.9046349E-01  3.4140459E-01  1.7748272E-01  1.7162257E-01  5.8601508E-03 -2.4720622E-03  1.8453100E-03 -4.3173723E-03
     663  2.0062476E+03  1.3319265E+00  9.9052418E-01  3.4140228E-01  1.8017706E-01  1.7389099E-01  6.2860614E-03 -2.4727912E-03  1.8461874E-03 -4.3189786E-03
     664  2.0062570E+03  1.3319888E+00  9.9058939E-01  3.4139942E-01  1.8284914E-01  1.7613701E-01  6.7121312E-03 -2.4704793E-03  1.8496363E-03 -4.3201156E-03
     665  2.0062665E+03  1.3320511E+00  9.9065566E-01  3.4139547E-01  1.8551507E-01  1.7837613E-01  7.1389440E-03 -2.4720526E-03  1.8487393E-03 -4.3207919E-03
     666  2.0062759E+03  1.3321182E+00  9.9072370E-01  3.4139451E-01  1.8815771E-01  1.8059430E-01  7.5634042E-03 -2.4706730E-03  1.8503602E-03 -4.3210333E-03
     667  2.0062853E+03  1.3321919E+00  9.9079810E-01  3.4139377E-01  1.9077945E-01  1.8279197E-01  7.9874800E-03 -2.4679902E-03  1.8527858E-03 -4.3207761E-03
     668  2.0062947E+03  1.3322678E+00  9.9087653E-01  3.4139126E-01  1.9338430E-01  1.8497352E-01  8.4107829E-03 -2.4655302E-03  1.8545334E-03 -4.3200636E-03
     669  2.0063041E+03  1.3323416E+00  9.9095165E-01  3.4138997E-01  1.9598432E-01  1.8715088E-01  8.8334362E-03 -2.4645577E-03  1.8543602E-03 -4.3189179E-03
     670  2.0063136E+03  1.3324227E+00  9.9103196E-01  3.4139078E-01  1.9853624E-01  1.8928225E-01  9.2539931E-03 -2.4596881E-03  1.8576410E-03 -4.3173292E-03
     671  2.0063230E+03  1.3325082E+00  9.9111763E-01  3.4139052E-01  2.0109703E-01  1.9142096E-01  9.6760701E-03 -2.4604447E-03  1.8547921E-03 -4.3152368E-03
     672  2.0063324E+03  1.3325970E+00  9.9120636E-01  3.4139063E-01  2.0361625E-01  1.9352067E-01  1.0095579E-02 -2.4536569E-03  1.8590432E-03 -4.3127001E-03
     673  2.0063418E+03  1.3326841E+00  9.9129370E-01  3.4139044E-01  2.0613723E-01  1.9562196E-01  1.0515263E-02 -2.4478026E-03  1.8619194E-03 -4.3097220E-03
     674  2.0063513E+03  1.3327756E+00  9.9138402E-01  3.4139161E-01  2.0863661E-01  1.9770385E-01  1.0932769E-02 -2.4461844E-03  1.8600812E-03 -4.3062656E-03
     675  2.0063607E+03  1.3328752E+00  9.9148227E-01  3.4139288E-01  2.1109460E-01  1.9974549E-01  1.1349113E-02 -2.4378698E-03  1.8644894E-03 -4.3023592E-03
     676  2.0063701E+03  1.3329752E+00  9.9158030E-01  3.4139492E-01  2.1353656E-01  2.0177153E-01  1.1765030E-02 -2.4331593E-03  1.8648336E-03 -4.2979929E-03
     677  2.0063795E+03  1.3330736E+00  9.9167690E-01  3.4139665E-01  2.1599627E-01  2.0381526E-01  1.2181006E-02 -2.4258901E-03  1.8672666E-03 -4.2931567E-03
     678  2.0063890E+03  1.3331841E+00  9.9178561E-01  3.4139852E-01  2.1834744E-01  2.0575422E-01  1.2593213E-02 -2.4198418E-03  1.8680092E-03 -4.2878509E-03
     679  2.0063984E+03  1.3332861E+00  9.9188404E-01  3.4140207E-01  2.2080147E-01  2.0779359E-01  1.3007880E-02 -2.4122074E-03  1.8698699E-03 -4.2820773E-03
     680  2.0064078E+03  1.3333971E+00  9.9199190E-01  3.4140518E-01  2.2311745E-01  2.0970077E-01  1.3416683E-02 -2.4036543E-03  1.8722174E-03 -4.2758717E-03
     681  2.0064172E+03  1.3335197E+00  9.9211173E-01  3.4140796E-01  2.2548444E-01  2.1165576E-01  1.3828679E-02 -2.3980326E-03  1.8711464E-03 -4.2691789E-03
     682  2.0064266E+03  1.3336208E+00  9.9220863E-01  3.4141217E-01  2.2780759E-01  2.1357215E-01  1.4235441E-02 -2.3861440E-03  1.8759148E-03 -4.2620589E-03
     683  2.0064361E+03  1.3337539E+00  9.9233574E-01  3.4141816E-01  2.3010615E-01  2.1546246E-01  1.4643682E-02 -2.3779677E-03  1.8765102E-03 -4.2544779E-03
     684  2.0064455E+03  1.3338680E+00  9.9244715E-01  3.4142082E-01  2.3236324E-01  2.1731527E-01  1.5047976E-02 -2.3676881E-03  1.8787203E-03 -4.2464083E-03
     685  2.0064549E+03  1.3339955E+00  9.9256889E-01  3.4142663E-01  2.3463786E-01  2.1918452E-01  1.5453339E-02 -2.3604107E-03  1.8775214E-03 -4.2379321E-03
     686  2.0064643E+03  1.3341179E+00  9.9268587E-01  3.4143199E-01  2.3686126E-01  2.2100400E-01  1.5857258E-02 -2.3458824E-03  1.8830860E-03 -4.2289684E-03
     687  2.0064738E+03  1.3342536E+00  9.9281586E-01  3.4143779E-01  2.3907967E-01  2.2282209E-01  1.6257577E-02 -2.3385442E-03  1.8810091E-03 -4.2195534E-03
     688  2.0064832E+03  1.3343786E+00  9.9293478E-01  3.4144382E-01  2.4126010E-01  2.2460385E-01  1.6656246E-02 -2.3239968E-03  1.8857314E-03 -4.2097282E-03
     689  2.0064926E+03  1.3345182E+00  9.9306825E-01  3.4144996E-01  2.4342342E-01  2.2636739E-01  1.7056037E-02 -2.3149889E-03  1.8844358E-03 -4.1994248E-03
     690  2.0065020E+03  1.3346510E+00  9.9319354E-01  3.4145748E-01  2.4555720E-01  2.2810463E-01  1.7452570E-02 -2.3003424E-03  1.8883092E-03 -4.1886516E-03
     691  2.0065115E+03  1.3347927E+00  9.9332880E-01  3.4146387E-01  2.4767851E-01  2.2983308E-01  1.7845438E-02 -2.2898096E-03  1.8876383E-03 -4.1774480E-03
     692  2.0065209E+03  1.3349301E+00  9.9345852E-01  3.4147162E-01  2.4976377E-01  2.3152460E-01  1.8239164E-02 -2.2748871E-03  1.8909239E-03 -4.1658110E-03
     693  2.0065303E+03  1.3350763E+00  9.9359685E-01  3.4147940E-01  2.5183597E-01  2.3320452E-01  1.8631453E-02 -2.2601526E-03  1.8935327E-03 -4.1536852E-03
     694  2.0065397E+03  1.3352190E+00  9.9373135E-01  3.4148769E-01  2.5387104E-01  2.3485151E-01  1.9019529E-02 -2.2452171E-03  1.8958979E-03 -4.1411149E-03
     695  2.0065491E+03  1.3353703E+00  9.9387453E-01  3.4149574E-01  2.5589021E-01  2.3648262E-01  1.9407584E-02 -2.2309133E-03  1.8972000E-03 -4.1281133E-03
     696  2.0065586E+03  1.3355149E+00  9.9401002E-01  3.4150492E-01  2.5788102E-01  2.3808674E-01  1.9794281E-02 -2.2179754E-03  1.8966724E-03 -4.1146477E-03
     697  2.0065680E+03  1.3356705E+00  9.9415637E-01  3.4151409E-01  2.5985394E-01  2.3967649E-01  2.0177447E-02 -2.1979786E-03  1.9027711E-03 -4.1007497E-03
     698  2.0065774E+03  1.3358200E+00  9.9429655E-01  3.4152346E-01  2.6178887E-01  2.4123017E-01  2.0558704E-02 -2.1857534E-03  1.9006643E-03 -4.0864177E-03
     699  2.0065868E+03  1.3359800E+00  9.9444662E-01  3.4153342E-01  2.6370035E-01  2.4276031E-01  2.0940037E-02 -2.1662438E-03  1.9053913E-03 -4.0716351E-03
     700  2.0065963E+03  1.3361327E+00  9.9458933E-01  3.4154340E-01  2.6561333E-01  2.4429513E-01  2.1318207E-02 -2.1514464E-03  1.9049506E-03 -4.0563970E-03
     701  2.0066057E+03  1.3362911E+00  9.9473742E-01  3.4155369E-01  2.6743630E-01  2.4574409E-01  2.1692213E-02 -2.1324177E-03  1.9083295E-03 -4.0407472E-03
     702  2.0066151E+03  1.3364551E+00  9.9489043E-01  3.4156470E-01  2.6931670E-01  2.4724783E-01  2.2068870E-02 -2.1165926E-03  1.9080627E-03 -4.0246553E-03
     703  2.0066245E+03  1.3366127E+00  9.9503764E-01  3.4157507E-01  2.7111479E-01  2.4867615E-01  2.2438641E-02 -2.0966966E-03  1.9114337E-03 -4.0081303E-03
     704  2.0066340E+03  1.3367793E+00  9.9519180E-01  3.4158746E-01  2.7288599E-01  2.5007656E-01  2.2809434E-02 -2.0772107E-03  1.9139440E-03 -3.9911547E-03
     705  2.0066434E+03  1.3369404E+00  9.9534197E-01  3.4159846E-01  2.7465506E-01  2.5147872E-01  2.3176338E-02 -2.0586994E-03  1.9150384E-03 -3.9737378E-03
     706  2.0066528E+03  1.3371130E+00  9.9550242E-01  3.4161058E-01  2.7638035E-01  2.5284037E-01  2.3539979E-02 -2.0393591E-03  1.9165824E-03 -3.9559415E-03
     707  2.0066622E+03  1.3372729E+00  9.9565004E-01  3.4162283E-01  2.7809741E-01  2.5419327E-01  2.3904145E-02 -2.0198393E-03  1.9178558E-03 -3.9376951E-03
     708  2.0066717E+03  1.3374486E+00  9.9581308E-01  3.4163548E-01  2.7977194E-01  2.5550809E-01  2.4263850E-02 -1.9980662E-03  1.9209313E-03 -3.9189975E-03
     709  2.0066811E+03  1.3376140E+00  9.9596544E-01  3.4164858E-01  2.8141705E-01  2.5679521E-01  2.4621840E-02 -1.9770527E-03  1.9228505E-03 -3.8999032E-03
     710  2.0066905E+03  1.3377875E+00  9.9612610E-01  3.4166141E-01  2.8305881E-01  2.5808101E-01  2.4977801E-02 -1.9565469E-03  1.9238273E-03 -3.8803742E-03
     711  2.0066999E+03  1.3379611E+00  9.9628684E-01  3.4167428E-01  2.8458854E-01  2.5925764E-01  2.5330904E-02 -1.9347423E-03  1.9256718E-03 -3.8604141E-03
     712  2.0067093E+03  1.3381312E+00  9.9644276E-01  3.4168840E-01  2.8626412E-01  2.6057881E-01  2.5685310E-02 -1.9107758E-03  1.9292404E-03 -3.8400162E-03
     713  2.0067188E+03  1.3383068E+00  9.9660422E-01  3.4170253E-01  2.8770289E-01  2.6167581E-01  2.6027070E-02 -1.8901050E-03  1.9291546E-03 -3.8192597E-03
     714  2.0067282E+03  1.3384841E+00  9.9676839E-01  3.4171568E-01  2.8928000E-01  2.6290293E-01  2.6377069E-02 -1.8648938E-03  1.9331896E-03 -3.7980833E-03
     715  2.0067376E+03  1.3386571E+00  9.9692553E-01  3.4173154E-01  2.9072481E-01  2.6400532E-01  2.6719494E-02 -1.8429341E-03  1.9334972E-03 -3.7764313E-03
     716  2.0067470E+03  1.3388375E+00  9.9709272E-01  3.4174476E-01  2.9220311E-01  2.6514354E-01  2.7059570E-02 -1.8161611E-03  1.9382284E-03 -3.7543895E-03
     717  2.0067565E+03  1.3390115E+00  9.9725112E-01  3.4176037E-01  2.9361402E-01  2.6621778E-01  2.7396240E-02 -1.7948424E-03  1.9371235E-03 -3.7319659E-03
     718  2.0067659E+03  1.3391920E+00  9.9741689E-01  3.4177507E-01  2.9502079E-01  2.6728743E-01  2.7733364E-02 -1.7682890E-03  1.9408283E-03 -3.7091173E-03
     719  2.0067753E+03  1.3393672E+00  9.9757652E-01  3.4179072E-01  2.9638433E-01  2.6831783E-01  2.8066504E-02 -1.7423454E-03  1.9434847E-03 -3.6858301E-03
     720  2.0067847E+03  1.3395500E+00  9.9774372E-01  3.4180630E-01  2.9774820E-01  2.6935240E-01  2.8395799E-02 -1.7170944E-03  1.9450740E-03 -3.6621684E-03
     721  2.0067942E+03  1.3397272E+00  9.9790609E-01  3.4182108E-01  2.9899353E-01  2.7027140E-01  2.8722133E-02 -1.6921418E-03  1.9459806E-03 -3.6381224E-03
     722  2.0068036E+03  1.3399082E+00  9.9806975E-01  3.4183841E-01  3.0035791E-01  2.7130681E-01  2.9051103E-02 -1.6669938E-03  1.9466550E-03 -3.6136488E-03
     723  2.0068130E+03  1.3400879E+00  9.9823387E-01  3.4185405E-01  3.0155096E-01  2.7218572E-01  2.9365237E-02 -1.6371890E-03  1.9516370E-03 -3.5888260E-03
     724  2.0068224E+03  1.3402711E+00  9.9840051E-01  3.4187063E-01  3.0278976E-01  2.7310133E-01  2.9688427E-02 -1.6129760E-03  1.9506556E-03 -3.5636317E-03
     725  2.0068318E+03  1.3404454E+00  9.9855936E-01  3.4188609E-01  3.0400581E-01  2.7400343E-01  3.0002384E-02 -1.5817130E-03  1.9562127E-03 -3.5379256E-03
     726  2.0068413E+03  1.3406303E+00  9.9872691E-01  3.4190336E-01  3.0511878E-01  2.7480531E-01  3.0313471E-02 -1.5569585E-03  1.9549759E-03 -3.5119343E-03
     727  2.0068507E+03  1.3408085E+00  9.9888785E-01  3.4192068E-01  3.0632634E-01  2.7570065E-01  3.0625691E-02 -1.5262262E-03  1.9593166E-03 -3.4855428E-03
     728  2.0068601E+03  1.3409913E+00  9.9905370E-01  3.4193756E-01  3.0735085E-01  2.7642200E-01  3.0928856E-02 -1.4985948E-03  1.9601791E-03 -3.4587739E-03
     729  2.0068695E+03  1.3411707E+00  9.9921609E-01  3.4195457E-01  3.0848517E-01  2.7724837E-01  3.1236803E-02 -1.4684912E-03  1.9631256E-03 -3.4316168E-03
     730  2.0068790E+03  1.3413497E+00  9.9937771E-01  3.4197195E-01  3.0949342E-01  2.7795732E-01  3.1536099E-02 -1.4390909E-03  1.9649572E-03 -3.4040482E-03
     731  2.0068884E+03  1.3415310E+00  9.9954119E-01  3.4198983E-01  3.1052882E-01  2.7869332E-01  3.1835508E-02 -1.4112051E-03  1.9649327E-03 -3.3761379E-03
     732  2.0068978E+03  1.3417078E+00  9.9970061E-01  3.4200720E-01  3.1149881E-01  2.7936918E-01  3.2129622E-02 -1.3788276E-03  1.9690275E-03 -3.3478551E-03
     733  2.0069072E+03  1.3418905E+00  9.9986527E-01  3.4202523E-01  3.1245922E-01  2.8003792E-01  3.2421294E-02 -1.3481263E-03  1.9710557E-03 -3.3191820E-03
     734  2.0069167E+03  1.3420665E+00  1.0000236E+00  3.4204285E-01  3.1339876E-01  2.8068830E-01  3.2710459E-02 -1.3159792E-03  1.9741725E-03 -3.2901517E-03
     735  2.0069261E+03  1.3422430E+00  1.0001820E+00  3.4206105E-01  3.1422247E-01  2.8122584E-01  3.2996625E-02 -1.2866736E-03  1.9740599E-03 -3.2607335E-03
     736  2.0069355E+03  1.3424260E+00  1.0003463E+00  3.4207971E-01  3.1517209E-01  2.8189166E-01  3.3280434E-02 -1.2533203E-03  1.9776046E-03 -3.2309249E-03
     737  2.0069449E+03  1.3425954E+00  1.0004983E+00  3.4209709E-01  3.1597042E-01  2.8241400E-01  3.3556425E-02 -1.2221719E-03  1.9786922E-03 -3.2008641E-03
     738  2.0069543E+03  1.3427782E+00  1.0006620E+00  3.4211625E-01  3.1672327E-01  2.8289006E-01  3.3833206E-02 -1.1856832E-03  1.9846723E-03 -3.1703555E-03
     739  2.0069638E+03  1.3429481E+00  1.0008135E+00  3.4213459E-01  3.1756968E-01  2.8346180E-01  3.4107877E-02 -1.1574431E-03  1.9820858E-03 -3.1395289E-03
     740  2.0069732E+03  1.3431224E+00  1.0009696E+00  3.4215272E-01  3.1825325E-01  2.8388272E-01  3.4370523E-02 -1.1217283E-03  1.9866615E-03 -3.1083899E-03
     741  2.0069826E+03  1.3432998E+00  1.0011277E+00  3.4217205E-01  3.1899215E-01  2.8435054E-01  3.4641612E-02 -1.0896352E-03  1.9872942E-03 -3.0769294E-03
     742  2.0069920E+03  1.3434646E+00  1.0012744E+00  3.4219019E-01  3.1964851E-01  2.8474729E-01  3.4901221E-02 -1.0557760E-03  1.9892430E-03 -3.0450189E-03
     743  2.0070015E+03  1.3436443E+00  1.0014350E+00  3.4220926E-01  3.2031225E-01  2.8515250E-01  3.5159759E-02 -1.0213554E-03  1.9914862E-03 -3.0128416E-03
     744  2.0070109E+03  1.3438085E+00  1.0015802E+00  3.4222833E-01  3.2089967E-01  2.8547979E-01  3.5419880E-02 -9.8542817E-04  1.9948826E-03 -2.9803107E-03
     745  2.0070203E+03  1.3439796E+00  1.0017330E+00  3.4224661E-01  3.2150593E-01  2.8584073E-01  3.5665202E-02 -9.5188013E-04  1.9955198E-03 -2.9473999E-03
     746  2.0070297E+03  1.3441447E+00  1.0018787E+00  3.4226600E-01  3.2204361E-01  2.8612863E-01  3.5914973E-02 -9.1837086E-04  1.9959771E-03 -2.9143479E-03
     747  2.0070392E+03  1.3443131E+00  1.0020279E+00  3.4228522E-01  3.2257150E-01  2.8640908E-01  3.6162423E-02 -8.7888002E-04  2.0019524E-03 -2.8808324E-03
     748  2.0070486E+03  1.3444759E+00  1.0021723E+00  3.4230367E-01  3.2305630E-01  2.8665251E-01  3.6403786E-02 -8.4509249E-04  2.0018305E-03 -2.8469230E-03
     749  2.0070580E+03  1.3446391E+00  1.0023159E+00  3.4232321E-01  3.2352365E-01  2.8688191E-01  3.6641745E-02 -8.0665116E-04  2.0060922E-03 -2.8127434E-03
     750  2.0070674E+03  1.3448004E+00  1.0024586E+00  3.4234187E-01  3.2394377E-01  2.8707181E-01  3.6871954E-02 -7.7063592E-04  2.0076938E-03 -2.7783297E-03
     751  2.0070768E+03  1.3449618E+00  1.0026004E+00  3.4236137E-01  3.2433347E-01  2.8722771E-01  3.7105755E-02 -7.3527147E-04  2.0083460E-03 -2.7436174E-03
     752  2.0070863E+03  1.3451180E+00  1.0027381E+00  3.4237982E-01  3.2470105E-01  2.8736735E-01  3.7333695E-02 -6.9570153E-04  2.0127411E-03 -2.7084426E-03
     753  2.0070957E+03  1.3452771E+00  1.0028777E+00  3.4239937E-01  3.2503877E-01  2.8748392E-01  3.7554849E-02 -6.6138682E-04  2.0116497E-03 -2.6730365E-03
     754  2.0071051E+03  1.3454293E+00  1.0030111E+00  3.4241822E-01  3.2532825E-01  2.8755434E-01  3.7773916E-02 -6.2241368E-04  2.0150164E-03 -2.6374301E-03
     755  2.0071145E+03  1.3455836E+00  1.0031466E+00  3.4243701E-01  3.2559954E-01  2.8760713E-01  3.7992409E-02 -5.8295470E-04  2.0184885E-03 -2.6014432E-03
     756  2.0071240E+03  1.3457337E+00  1.0032771E+00  3.4245655E-01  3.2584151E-01  2.8763476E-01  3.8206750E-02 -5.4686274E-04  2.0182385E-03 -2.5651013E-03
     757  2.0071334E+03  1.3458839E+00  1.0034087E+00  3.4247521E-01  3.2605072E-01  2.8763866E-01  3.8412056E-02 -5.0579086E-04  2.0227469E-03 -2.5285377E-03
     758  2.0071428E+03  1.3460289E+00  1.0035351E+00  3.4249385E-01  3.2620420E-01  2.8758793E-01  3.8616267E-02 -4.6889768E-04  2.0228636E-03 -2.4917613E-03
     759  2.0071522E+03  1.3461760E+00  1.0036629E+00  3.4251306E-01  3.2637176E-01  2.8754939E-01  3.8822377E-02 -4.2909745E-04  2.0255008E-03 -2.4545983E-03
     760  2.0071617E+03  1.3463169E+00  1.0037850E+00  3.4253191E-01  3.2647359E-01  2.8745480E-01  3.9018791E-02 -3.8928497E-04  2.0278412E-03 -2.4171261E-03
     761  2.0071711E+03  1.3464591E+00  1.0039086E+00  3.4255049E-01  3.2655239E-01  2.8734247E-01  3.9209914E-02 -3.5118958E-04  2.0282822E-03 -2.3794718E-03
     762  2.0071805E+03  1.3465987E+00  1.0040296E+00  3.4256906E-01  3.2661637E-01  2.8721477E-01  3.9401603E-02 -3.0867707E-04  2.0328687E-03 -2.3415458E-03
     763  2.0071899E+03  1.3467268E+00  1.0041389E+00  3.4258793E-01  3.2656470E-01  2.8697442E-01  3.9590284E-02 -2.7221450E-04  2.0310573E-03 -2.3032718E-03
     764  2.0071994E+03  1.3468728E+00  1.0042660E+00  3.4260681E-01  3.2665796E-01  2.8688424E-01  3.9773718E-02 -2.2679861E-04  2.0379037E-03 -2.2647023E-03
     765  2.0072088E+03  1.3469924E+00  1.0043684E+00  3.4262400E-01  3.2653169E-01  2.8658786E-01  3.9943829E-02 -1.8730536E-04  2.0386970E-03 -2.2260024E-03
     766  2.0072182E+03  1.3471306E+00  1.0044877E+00  3.4264293E-01  3.2648497E-01  2.8636253E-01  4.0122448E-02 -1.4665466E-04  2.0403969E-03 -2.1870515E-03
     767  2.0072276E+03  1.3472482E+00  1.0045869E+00  3.4266130E-01  3.2634340E-01  2.8604980E-01  4.0293598E-02 -1.0518623E-04  2.0425558E-03 -2.1477420E-03
     768  2.0072370E+03  1.3473802E+00  1.0047011E+00  3.4267908E-01  3.2625481E-01  2.8579357E-01  4.0461237E-02 -6.1674689E-05  2.0465183E-03 -2.1081929E-03
     769  2.0072465E+03  1.3474961E+00  1.0047985E+00  3.4269757E-01  3.2603554E-01  2.8541188E-01  4.0623658E-02 -2.1293100E-05  2.0471374E-03 -2.0684305E-03
     770  2.0072559E+03  1.3476170E+00  1.0049024E+00  3.4271462E-01  3.2586662E-01  2.8508385E-01  4.0782770E-02  2.0285083E-05  2.0486858E-03 -2.0284007E-03
     771  2.0072653E+03  1.3477300E+00  1.0049970E+00  3.4273292E-01  3.2558941E-01  2.8464852E-01  4.0940891E-02  6.0057889E-05  2.0482415E-03 -1.9881837E-03
     772  2.0072747E+03  1.3478451E+00  1.0050948E+00  3.4275032E-01  3.2534914E-01  2.8425831E-01  4.1090823E-02  1.0477106E-04  2.0524400E-03 -1.9476689E-03
     773  2.0072842E+03  1.3479581E+00  1.0051901E+00  3.4276802E-01  3.2506780E-01  2.8382829E-01  4.1239508E-02  1.4729496E-04  2.0543153E-03 -1.9070203E-03
     774  2.0072936E+03  1.3480605E+00  1.0052757E+00  3.4278484E-01  3.2471108E-01  2.8333151E-01  4.1379567E-02  1.9073333E-04  2.0568097E-03 -1.8660764E-03
     775  2.0073030E+03  1.3481699E+00  1.0053678E+00  3.4280213E-01  3.2436024E-01  2.8284188E-01  4.1518360E-02  2.3387862E-04  2.0588068E-03 -1.8249282E-03
     776  2.0073124E+03  1.3482673E+00  1.0054486E+00  3.4281864E-01  3.2396220E-01  2.8231091E-01  4.1651287E-02  2.7758990E-04  2.0611945E-03 -1.7836046E-03
     777  2.0073219E+03  1.3483716E+00  1.0055357E+00  3.4283582E-01  3.2356314E-01  2.8177921E-01  4.1783932E-02  3.2017952E-04  2.0622586E-03 -1.7420791E-03
     778  2.0073313E+03  1.3484586E+00  1.0056067E+00  3.4285189E-01  3.2303612E-01  2.8112421E-01  4.1911912E-02  3.6478891E-04  2.0650537E-03 -1.7002648E-03
     779  2.0073407E+03  1.3485617E+00  1.0056932E+00  3.4286850E-01  3.2263982E-01  2.8060336E-01  4.2036463E-02  4.0779431E-04  2.0660279E-03 -1.6582336E-03
     780  2.0073501E+03  1.3486425E+00  1.0057581E+00  3.4288439E-01  3.2207506E-01  2.7992253E-01  4.2152526E-02  4.5294356E-04  2.0690537E-03 -1.6161101E-03
     781  2.0073595E+03  1.3487354E+00  1.0058344E+00  3.4290092E-01  3.2155737E-01  2.7928685E-01  4.2270521E-02  4.9740099E-04  2.0711576E-03 -1.5737566E-03
     782  2.0073690E+03  1.3488201E+00  1.0059031E+00  3.4291695E-01  3.2095404E-01  2.7857471E-01  4.2379331E-02  5.4085614E-04  2.0720295E-03 -1.5311733E-03
     783  2.0073784E+03  1.3488902E+00  1.0059586E+00  3.4293154E-01  3.2034167E-01  2.7785696E-01  4.2484712E-02  5.8587129E-04  2.0743146E-03 -1.4884433E-03
     784  2.0073878E+03  1.3489786E+00  1.0060310E+00  3.4294754E-01  3.1972489E-01  2.7713600E-01  4.2588892E-02  6.3223041E-04  2.0777418E-03 -1.4455114E-03
     785  2.0073972E+03  1.3490503E+00  1.0060878E+00  3.4296246E-01  3.1904228E-01  2.7635601E-01  4.2686274E-02  6.7577913E-04  2.0781632E-03 -1.4023841E-03
     786  2.0074067E+03  1.3491133E+00  1.0061363E+00  3.4297702E-01  3.1832847E-01  2.7554897E-01  4.2779502E-02  7.2033183E-04  2.0794348E-03 -1.3591030E-03
     787  2.0074161E+03  1.3491902E+00  1.0061982E+00  3.4299204E-01  3.1762145E-01  2.7475104E-01  4.2870410E-02  7.6784712E-04  2.0835092E-03 -1.3156621E-03
     788  2.0074255E+03  1.3492516E+00  1.0062452E+00  3.4300639E-01  3.1684462E-01  2.7388684E-01  4.2957775E-02  8.1381210E-04  2.0858264E-03 -1.2720143E-03
     789  2.0074349E+03  1.3493110E+00  1.0062909E+00  3.4302009E-01  3.1605778E-01  2.7302135E-01  4.3036426E-02  8.5868338E-04  2.0868785E-03 -1.2281952E-03
     790  2.0074444E+03  1.3493712E+00  1.0063372E+00  3.4303399E-01  3.1522812E-01  2.7211406E-01  4.3114064E-02  9.0489733E-04  2.0892356E-03 -1.1843383E-03
     791  2.0074538E+03  1.3494208E+00  1.0063721E+00  3.4304871E-01  3.1438004E-01  2.7118862E-01  4.3191424E-02  9.4873489E-04  2.0889907E-03 -1.1402558E-03
     792  2.0074632E+03  1.3494759E+00  1.0064145E+00  3.4306133E-01  3.1348878E-01  2.7022792E-01  4.3260850E-02  9.9716839E-04  2.0931424E-03 -1.0959740E-03
     793  2.0074726E+03  1.3495228E+00  1.0064483E+00  3.4307453E-01  3.1260535E-01  2.6928159E-01  4.3323758E-02  1.0404066E-03  2.0919908E-03 -1.0515842E-03
     794  2.0074820E+03  1.3495649E+00  1.0064777E+00  3.4308722E-01  3.1163216E-01  2.6824740E-01  4.3384760E-02  1.0884793E-03  2.0956293E-03 -1.0071500E-03
     795  2.0074915E+03  1.3496081E+00  1.0065083E+00  3.4309983E-01  3.1067343E-01  2.6723094E-01  4.3442497E-02  1.1347462E-03  2.0972120E-03 -9.6246581E-04
     796  2.0075009E+03  1.3496433E+00  1.0065312E+00  3.4311201E-01  3.0968513E-01  2.6618968E-01  4.3495451E-02  1.1807065E-03  2.0983930E-03 -9.1768650E-04
     797  2.0075103E+03  1.3496752E+00  1.0065509E+00  3.4312435E-01  3.0859905E-01  2.6505371E-01  4.3545347E-02  1.2298048E-03  2.1025677E-03 -8.7276295E-04
     798  2.0075197E+03  1.3497092E+00  1.0065727E+00  3.4313650E-01  3.0760938E-01  2.6401671E-01  4.3592672E-02  1.2744883E-03  2.1021664E-03 -8.2767808E-04
     799  2.0075292E+03  1.3497371E+00  1.0065897E+00  3.4314746E-01  3.0649184E-01  2.6286426E-01  4.3627577E-02  1.3234713E-03  2.1060465E-03 -7.8257519E-04
     800  2.0075386E+03  1.3497506E+00  1.0065919E+00  3.4315862E-01  3.0532736E-01  2.6165907E-01  4.3668296E-02  1.3689217E-03  2.1062356E-03 -7.3731391E-04
     801  2.0075480E+03  1.3497820E+00  1.0066128E+00  3.4316913E-01  3.0424483E-01  2.6054787E-01  4.3696967E-02  1.4174979E-03  2.1093442E-03 -6.9184630E-04
     802  2.0075574E+03  1.3497941E+00  1.0066142E+00  3.4317993E-01  3.0305833E-01  2.5933254E-01  4.3725791E-02  1.4620188E-03  2.1085609E-03 -6.4654214E-04
     803  2.0075669E+03  1.3498010E+00  1.0066106E+00  3.4319041E-01  3.0178959E-01  2.5803786E-01  4.3751736E-02  1.5136898E-03  2.1145684E-03 -6.0087865E-04
     804  2.0075763E+03  1.3498190E+00  1.0066192E+00  3.4319975E-01  3.0064310E-01  2.5687519E-01  4.3767908E-02  1.5572945E-03  2.1124021E-03 -5.5510765E-04
     805  2.0075857E+03  1.3498177E+00  1.0066094E+00  3.4320822E-01  2.9930413E-01  2.5553010E-01  4.3774024E-02  1.6070893E-03  2.1166090E-03 -5.0951961E-04
     806  2.0075951E+03  1.3498208E+00  1.0066026E+00  3.4321821E-01  2.9804276E-01  2.5425005E-01  4.3792708E-02  1.6524085E-03  2.1161539E-03 -4.6374535E-04
     807  2.0076046E+03  1.3498194E+00  1.0065928E+00  3.4322658E-01  2.9669798E-01  2.5290285E-01  4.3795131E-02  1.7025708E-03  2.1202577E-03 -4.1768698E-04
     808  2.0076140E+03  1.3498210E+00  1.0065851E+00  3.4323592E-01  2.9541585E-01  2.5161368E-01  4.3802168E-02  1.7488234E-03  2.1205213E-03 -3.7169787E-04
     809  2.0076234E+03  1.3498024E+00  1.0065590E+00  3.4324334E-01  2.9396556E-01  2.5016982E-01  4.3795742E-02  1.7968219E-03  2.1224592E-03 -3.2563736E-04
     810  2.0076328E+03  1.3497994E+00  1.0065475E+00  3.4325193E-01  2.9261154E-01  2.4882101E-01  4.3790529E-02  1.8442289E-03  2.1237614E-03 -2.7953255E-04
     811  2.0076422E+03  1.3497698E+00  1.0065109E+00  3.4325887E-01  2.9110244E-01  2.4732255E-01  4.3779897E-02  1.8931758E-03  2.1265474E-03 -2.3337153E-04
     812  2.0076517E+03  1.3497704E+00  1.0065036E+00  3.4326679E-01  2.8974868E-01  2.4597939E-01  4.3769294E-02  1.9381741E-03  2.1252358E-03 -1.8706165E-04
     813  2.0076611E+03  1.3497281E+00  1.0064556E+00  3.4327250E-01  2.8817480E-01  2.4442961E-01  4.3745194E-02  1.9899985E-03  2.1307766E-03 -1.4077813E-04
     814  2.0076705E+03  1.3497175E+00  1.0064378E+00  3.4327969E-01  2.8670004E-01  2.4297389E-01  4.3726151E-02  2.0345014E-03  2.1289135E-03 -9.4412156E-05
     815  2.0076799E+03  1.3496804E+00  1.0063954E+00  3.4328503E-01  2.8517399E-01  2.4147686E-01  4.3697134E-02  2.0842609E-03  2.1322478E-03 -4.7986940E-05
     816  2.0076894E+03  1.3496430E+00  1.0063513E+00  3.4329166E-01  2.8351927E-01  2.3985317E-01  4.3666101E-02  2.1317978E-03  2.1333573E-03 -1.5594892E-06
     817  2.0076988E+03  1.3496124E+00  1.0063147E+00  3.4329770E-01  2.8200965E-01  2.3837586E-01  4.3633793E-02  2.1810909E-03  2.1361167E-03  4.4974188E-05
     818  2.0077082E+03  1.3495742E+00  1.0062730E+00  3.4330111E-01  2.8036012E-01  2.3677321E-01  4.3586919E-02  2.2276845E-03  2.1362310E-03  9.1453582E-05
     819  2.0077176E+03  1.3495222E+00  1.0062153E+00  3.4330693E-01  2.7868284E-01  2.3513463E-01  4.3548209E-02  2.2771885E-03  2.1392658E-03  1.3792278E-04
     820  2.0077271E+03  1.3494843E+00  1.0061735E+00  3.4331078E-01  2.7704491E-01  2.3354617E-01  4.3498739E-02  2.3238682E-03  2.1392184E-03  1.8464983E-04
     821  2.0077365E+03  1.3494272E+00  1.0061133E+00  3.4331389E-01  2.7531898E-01  2.3187755E-01  4.3441427E-02  2.3736072E-03  2.1424484E-03  2.3115879E-04
     822  2.0077459E+03  1.3493770E+00  1.0060579E+00  3.4331915E-01  2.7360626E-01  2.3021047E-01  4.3395788E-02  2.4184755E-03  2.1407516E-03  2.7772388E-04
     823  2.0077553E+03  1.3493166E+00  1.0059946E+00  3.4332203E-01  2.7181976E-01  2.2848554E-01  4.3334223E-02  2.4718894E-03  2.1473863E-03  3.2450310E-04
     824  2.0077647E+03  1.3492586E+00  1.0059345E+00  3.4332408E-01  2.7006812E-01  2.2680583E-01  4.3262293E-02  2.5164432E-03  2.1452994E-03  3.7114376E-04
     825  2.0077742E+03  1.3491932E+00  1.0058655E+00  3.4332773E-01  2.6824650E-01  2.2504494E-01  4.3201564E-02  2.5654515E-03  2.1477847E-03  4.1766681E-04
     826  2.0077836E+03  1.3491283E+00  1.0057988E+00  3.4332950E-01  2.6643099E-01  2.2330343E-01  4.3127560E-02  2.6126751E-03  2.1482575E-03  4.6441764E-04
     827  2.0077930E+03  1.3490553E+00  1.0057248E+00  3.4333048E-01  2.6455659E-01  2.2151193E-01  4.3044663E-02  2.6610873E-03  2.1501490E-03  5.1093829E-04
     828  2.0078024E+03  1.3489821E+00  1.0056501E+00  3.4333206E-01  2.6267391E-01  2.1970885E-01  4.2965062E-02  2.7085336E-03  2.1510738E-03  5.5745987E-04
     829  2.0078119E+03  1.3489063E+00  1.0055727E+00  3.4333353E-01  2.6077576E-01  2.1789398E-01  4.2881777E-02  2.7545672E-03  2.1504595E-03  6.0410769E-04
     830  2.0078213E+03  1.3488252E+00  1.0054924E+00  3.4333282E-01  2.5884562E-01  2.1605852E-01  4.2787105E-02  2.8049685E-03  2.1543031E-03  6.5066538E-04
     831  2.0078307E+03  1.3487380E+00  1.0054040E+00  3.4333400E-01  2.5685030E-01  2.1415227E-01  4.2698035E-02  2.8511032E-03  2.1540311E-03  6.9707206E-04
     832  2.0078401E+03  1.3486599E+00  1.0053266E+00  3.4333333E-01  2.5493433E-01  2.1233960E-01  4.2594738E-02  2.9016041E-03  2.1578585E-03  7.4374557E-04
     833  2.0078496E+03  1.3485619E+00  1.0052280E+00  3.4333388E-01  2.5287285E-01  2.1037117E-01  4.2501673E-02  2.9491303E-03  2.1590959E-03  7.9003448E-04
     834  2.0078590E+03  1.3484768E+00  1.0051443E+00  3.4333246E-01  2.5088444E-01  2.0849208E-01  4.2392354E-02  2.9960812E-03  2.1594257E-03  8.3665552E-04
     835  2.0078684E+03  1.3483759E+00  1.0050455E+00  3.4333040E-01  2.4881118E-01  2.0653294E-01  4.2278246E-02  3.0443229E-03  2.1613329E-03  8.8298996E-04
     836  2.0078778E+03  1.3482795E+00  1.0049504E+00  3.4332908E-01  2.4673227E-01  2.0456723E-01  4.2165035E-02  3.0913913E-03  2.1621723E-03  9.2921900E-04
     837  2.0078872E+03  1.3481748E+00  1.0048474E+00  3.4332745E-01  2.4462724E-01  2.0257634E-01  4.2050892E-02  3.1380572E-03  2.1625556E-03  9.7550163E-04
     838  2.0078967E+03  1.3480755E+00  1.0047503E+00  3.4332521E-01  2.4252746E-01  2.0059887E-01  4.1928592E-02  3.1869312E-03  2.1650567E-03  1.0218745E-03
     839  2.0079061E+03  1.3479612E+00  1.0046396E+00  3.4332155E-01  2.4034772E-01  1.9854958E-01  4.1798137E-02  3.2342303E-03  2.1662197E-03  1.0680106E-03
     840  2.0079155E+03  1.3478573E+00  1.0045373E+00  3.4331991E-01  2.3820029E-01  1.9652466E-01  4.1675636E-02  3.2801631E-03  2.1661514E-03  1.1140117E-03
     841  2.0079249E+03  1.3477403E+00  1.0044252E+00  3.4331508E-01  2.3600438E-01  1.9446636E-01  4.1538024E-02  3.3288295E-03  2.1686460E-03  1.1601835E-03
     842  2.0079344E+03  1.3476272E+00  1.0043155E+00  3.4331166E-01  2.3379587E-01  1.9239702E-01  4.1398852E-02  3.3744417E-03  2.1683248E-03  1.2061168E-03
     843  2.0079438E+03  1.3475064E+00  1.0041991E+00  3.4330731E-01  2.3154942E-01  1.9029189E-01  4.1257533E-02  3.4213705E-03  2.1694426E-03  1.2519279E-03
     844  2.0079532E+03  1.3473858E+00  1.0040828E+00  3.4330299E-01  2.2928993E-01  1.8817562E-01  4.1114307E-02  3.4700651E-03  2.1722965E-03  1.2977686E-03
     845  2.0079626E+03  1.3472609E+00  1.0039630E+00  3.4329788E-01  2.2702443E-01  1.8606099E-01  4.0963442E-02  3.5159220E-03  2.1723705E-03  1.3435515E-03
     846  2.0079721E+03  1.3471394E+00  1.0038468E+00  3.4329258E-01  2.2470797E-01  1.8390075E-01  4.0807223E-02  3.5621942E-03  2.1730843E-03  1.3891099E-03
     847  2.0079815E+03  1.3470027E+00  1.0037161E+00  3.4328658E-01  2.2238477E-01  1.8173391E-01  4.0650853E-02  3.6087582E-03  2.1741424E-03  1.4346157E-03
     848  2.0079909E+03  1.3468787E+00  1.0035976E+00  3.4328106E-01  2.2004470E-01  1.7955255E-01  4.0492150E-02  3.6563475E-03  2.1762471E-03  1.4801004E-03
     849  2.0080003E+03  1.3467386E+00  1.0034639E+00  3.4327476E-01  2.1767585E-01  1.7734825E-01  4.0327599E-02  3.7028288E-03  2.1773410E-03  1.5254878E-03
     850  2.0080097E+03  1.3466117E+00  1.0033440E+00  3.4326764E-01  2.1532045E-01  1.7516580E-01  4.0154649E-02  3.7473207E-03  2.1766072E-03  1.5707135E-03
     851  2.0080192E+03  1.3464608E+00  1.0032005E+00  3.4326035E-01  2.1285990E-01  1.7287819E-01  3.9981709E-02  3.7955998E-03  2.1798682E-03  1.6157316E-03
     852  2.0080286E+03  1.3463314E+00  1.0030782E+00  3.4325320E-01  2.1047712E-01  1.7067178E-01  3.9805341E-02  3.8402234E-03  2.1794848E-03  1.6607386E-03
     853  2.0080380E+03  1.3461800E+00  1.0029350E+00  3.4324495E-01  2.0800621E-01  1.6838260E-01  3.9623608E-02  3.8859026E-03  2.1802963E-03  1.7056063E-03
     854  2.0080474E+03  1.3460408E+00  1.0028031E+00  3.4323775E-01  2.0555055E-01  1.6610799E-01  3.9442565E-02  3.9310816E-03  2.1807138E-03  1.7503678E-03
     855  2.0080569E+03  1.3458923E+00  1.0026636E+00  3.4322872E-01  2.0306914E-01  1.6381842E-01  3.9250728E-02  3.9759638E-03  2.1809547E-03  1.7950091E-03
     856  2.0080663E+03  1.3457381E+00  1.0025178E+00  3.4322026E-01  2.0054165E-01  1.6148034E-01  3.9061306E-02  4.0237149E-03  2.1842926E-03  1.8394223E-03
     857  2.0080757E+03  1.3455923E+00  1.0023815E+00  3.4321072E-01  1.9805339E-01  1.5918733E-01  3.8866054E-02  4.0680234E-03  2.1841983E-03  1.8838251E-03
     858  2.0080851E+03  1.3454392E+00  1.0022377E+00  3.4320148E-01  1.9547574E-01  1.5681077E-01  3.8664964E-02  4.1111487E-03  2.1831619E-03  1.9279867E-03
     859  2.0080946E+03  1.3452796E+00  1.0020878E+00  3.4319184E-01  1.9292439E-01  1.5446081E-01  3.8463579E-02  4.1578174E-03  2.1857975E-03  1.9720199E-03
     860  2.0081040E+03  1.3451297E+00  1.0019480E+00  3.4318176E-01  1.9036226E-01  1.5210695E-01  3.8255308E-02  4.2026437E-03  2.1866627E-03  2.0159810E-03
     861  2.0081134E+03  1.3449641E+00  1.0017938E+00  3.4317032E-01  1.8773701E-01  1.4969352E-01  3.8043483E-02  4.2461934E-03  2.1865066E-03  2.0596869E-03
     862  2.0081228E+03  1.3448097E+00  1.0016491E+00  3.4316062E-01  1.8513705E-01  1.4730329E-01  3.7833763E-02  4.2892164E-03  2.1859187E-03  2.1032977E-03
     863  2.0081323E+03  1.3446415E+00  1.0014925E+00  3.4314900E-01  1.8249286E-01  1.4487737E-01  3.7615490E-02  4.3373489E-03  2.1905260E-03  2.1468229E-03
     864  2.0081417E+03  1.3444827E+00  1.0013448E+00  3.4313798E-01  1.7985362E-01  1.4246223E-01  3.7391382E-02  4.3797498E-03  2.1896513E-03  2.1900985E-03
     865  2.0081511E+03  1.3443181E+00  1.0011917E+00  3.4312638E-01  1.7717987E-01  1.4000999E-01  3.7169877E-02  4.4205412E-03  2.1874135E-03  2.2331277E-03
     866  2.0081605E+03  1.3441481E+00  1.0010338E+00  3.4311436E-01  1.7448120E-01  1.3754069E-01  3.6940514E-02  4.4688738E-03  2.1927324E-03  2.2761414E-03
     867  2.0081699E+03  1.3439844E+00  1.0008821E+00  3.4310229E-01  1.7180384E-01  1.3509651E-01  3.6707335E-02  4.5105293E-03  2.1916370E-03  2.3188923E-03
     868  2.0081794E+03  1.3438124E+00  1.0007229E+00  3.4308952E-01  1.6906964E-01  1.3259763E-01  3.6472009E-02  4.5531896E-03  2.1917529E-03  2.3614366E-03
     869  2.0081888E+03  1.3436425E+00  1.0005661E+00  3.4307640E-01  1.6633429E-01  1.3010039E-01  3.6233899E-02  4.5972096E-03  2.1933667E-03  2.4038429E-03
     870  2.0081982E+03  1.3434723E+00  1.0004081E+00  3.4306429E-01  1.6358838E-01  1.2759642E-01  3.5991957E-02  4.6380325E-03  2.1919719E-03  2.4460606E-03
     871  2.0082076E+03  1.3432995E+00  1.0002494E+00  3.4305004E-01  1.6082109E-01  1.2507611E-01  3.5744983E-02  4.6815360E-03  2.1934682E-03  2.4880678E-03
     872  2.0082171E+03  1.3431256E+00  1.0000891E+00  3.4303655E-01  1.5803987E-01  1.2254519E-01  3.5494673E-02  4.7228968E-03  2.1930494E-03  2.5298473E-03
     873  2.0082265E+03  1.3429498E+00  9.9992682E-01  3.4302296E-01  1.5523536E-01  1.1999317E-01  3.5242197E-02  4.7655755E-03  2.1941689E-03  2.5714065E-03
     874  2.0082359E+03  1.3427755E+00  9.9976694E-01  3.4300856E-01  1.5243143E-01  1.1744349E-01  3.4987939E-02  4.8065733E-03  2.1937605E-03  2.6128128E-03
     875  2.0082453E+03  1.3425988E+00  9.9960445E-01  3.4299439E-01  1.4960385E-01  1.1487628E-01  3.4727566E-02  4.8489979E-03  2.1949578E-03  2.6540401E-03
     876  2.0082548E+03  1.3424209E+00  9.9944140E-01  3.4297950E-01  1.4676431E-01  1.1229887E-01  3.4465444E-02  4.8901625E-03  2.1951614E-03  2.6950011E-03
     877  2.0082642E+03  1.3422457E+00  9.9928081E-01  3.4296493E-01  1.4389884E-01  1.0969817E-01  3.4200667E-02  4.9324908E-03  2.1967185E-03  2.7357724E-03
     878  2.0082736E+03  1.3420644E+00  9.9911445E-01  3.4294997E-01  1.4104806E-01  1.0711754E-01  3.3930521E-02  4.9712604E-03  2.1949132E-03  2.7763472E-03
     879  2.0082830E+03  1.3418872E+00  9.9895321E-01  3.4293399E-01  1.3815295E-01  1.0449670E-01  3.3656244E-02  5.0142664E-03  2.1976321E-03  2.8166343E-03
     880  2.0082924E+03  1.3417056E+00  9.9878626E-01  3.4291934E-01  1.3525519E-01  1.0187304E-01  3.3382148E-02  5.0540145E-03  2.1973051E-03  2.8567094E-03
     881  2.0083019E+03  1.3415284E+00  9.9862562E-01  3.4290276E-01  1.3235295E-01  9.9249051E-02  3.3103901E-02  5.0934902E-03  2.1968735E-03  2.8966166E-03
     882  2.0083113E+03  1.3413449E+00  9.9845775E-01  3.4288717E-01  1.2942864E-01  9.6607780E-02  3.2820859E-02  5.1343720E-03  2.1980921E-03  2.9362800E-03
     883  2.0083207E+03  1.3411647E+00  9.9829383E-01  3.4287088E-01  1.2649414E-01  9.3957441E-02  3.2536695E-02  5.1749220E-03  2.1992746E-03  2.9756474E-03
     884  2.0083301E+03  1.3409886E+00  9.9813397E-01  3.4285467E-01  1.2354665E-01  9.1297932E-02  3.2248722E-02  5.2121513E-03  2.1973194E-03  3.0148319E-03
     885  2.0083396E+03  1.3408009E+00  9.9796295E-01  3.4283796E-01  1.2059172E-01  8.8634433E-02  3.1957285E-02  5.2512305E-03  2.1974769E-03  3.0537536E-03
     886  2.0083490E+03  1.3406263E+00  9.9780462E-01  3.4282165E-01  1.1761872E-01  8.5955367E-02  3.1663355E-02  5.2923836E-03  2.1999852E-03  3.0923984E-03
     887  2.0083584E+03  1.3404385E+00  9.9763392E-01  3.4280456E-01  1.1464160E-01  8.3276250E-02  3.1365351E-02  5.3271976E-03  2.1964056E-03  3.1307920E-03
     888  2.0083678E+03  1.3402637E+00  9.9747626E-01  3.4278740E-01  1.1163928E-01  8.0574139E-02  3.1065138E-02  5.3679517E-03  2.1990446E-03  3.1689071E-03
     889  2.0083773E+03  1.3400799E+00  9.9730990E-01  3.4277004E-01  1.0864845E-01  7.7887414E-02  3.0761038E-02  5.4041163E-03  2.1972742E-03  3.2068420E-03
     890  2.0083867E+03  1.3399004E+00  9.9714749E-01  3.4275295E-01  1.0562065E-01  7.5166156E-02  3.0454493E-02  5.4446857E-03  2.2002382E-03  3.2444475E-03
     891  2.0083961E+03  1.3397154E+00  9.9698059E-01  3.4273483E-01  1.0260545E-01  7.2460053E-02  3.0145400E-02  5.4800946E-03  2.1982925E-03  3.2818021E-03
     892  2.0084055E+03  1.3395435E+00  9.9682533E-01  3.4271813E-01  9.9574731E-02  6.9741589E-02  2.9833142E-02  5.5160051E-03  2.1970823E-03  3.3189228E-03
     893  2.0084149E+03  1.3393541E+00  9.9665509E-01  3.4269897E-01  9.6517153E-02  6.7001456E-02  2.9515697E-02  5.5559813E-03  2.2002862E-03  3.3556951E-03
     894  2.0084244E+03  1.3391855E+00  9.9650372E-01  3.4268181E-01  9.3472634E-02  6.4273328E-02  2.9199306E-02  5.5900232E-03  2.1978361E-03  3.3921871E-03
     895  2.0084338E+03  1.3389980E+00  9.9633441E-01  3.4266360E-01  9.0406346E-02  6.1525474E-02  2.8880872E-02  5.6265242E-03  2.1980290E-03  3.4284952E-03
     896  2.0084432E+03  1.3388257E+00  9.9618028E-01  3.4264538E-01  8.7341560E-02  5.8785773E-02  2.8555787E-02  5.6639711E-03  2.1994543E-03  3.4645167E-03
     897  2.0084526E+03  1.3386444E+00  9.9601769E-01  3.4262669E-01  8.4250258E-02  5.6022827E-02  2.8227431E-02  5.7002344E-03  2.2000788E-03  3.5001556E-03
     898  2.0084621E+03  1.3384700E+00  9.9586121E-01  3.4260875E-01  8.1163886E-02  5.3262107E-02  2.7901779E-02  5.7337428E-03  2.1982034E-03  3.5355394E-03
     899  2.0084715E+03  1.3382943E+00  9.9570401E-01  3.4259034E-01  7.8073760E-02  5.0503410E-02  2.7570350E-02  5.7693003E-03  2.1985927E-03  3.5707076E-03
     900  2.0084809E+03  1.3381188E+00  9.9554775E-01  3.4257102E-01  7.4964384E-02  4.7731671E-02  2.7232713E-02  5.8044890E-03  2.1989832E-03  3.6055059E-03
     901  2.0084903E+03  1.3379439E+00  9.9539103E-01  3.4255284E-01  7.1850897E-02  4.4952713E-02  2.6898184E-02  5.8389113E-03  2.1989521E-03  3.6399592E-03
     902  2.0084998E+03  1.3377744E+00  9.9523989E-01  3.4253454E-01  6.8729552E-02  4.2168355E-02  2.6561197E-02  5.8715477E-03  2.1973271E-03  3.6742206E-03
     903  2.0085092E+03  1.3375972E+00  9.9508255E-01  3.4251464E-01  6.5614427E-02  3.9399025E-02  2.6215402E-02  5.9057178E-03  2.1975414E-03  3.7081764E-03
     904  2.0085186E+03  1.3374333E+00  9.9493695E-01  3.4249638E-01  6.2475852E-02  3.6606486E-02  2.5869367E-02  5.9387446E-03  2.1970788E-03  3.7416659E-03
     905  2.0085280E+03  1.3372566E+00  9.9477912E-01  3.4247751E-01  5.9325298E-02  3.3798812E-02  2.5526487E-02  5.9710762E-03  2.1961641E-03  3.7749121E-03
     906  2.0085375E+03  1.3370973E+00  9.9463892E-01  3.4245833E-01  5.6201721E-02  3.1024740E-02  2.5176981E-02  6.0067284E-03  2.1987477E-03  3.8079808E-03
     907  2.0085469E+03  1.3369208E+00  9.9448140E-01  3.4243936E-01  5.3040746E-02  2.8217597E-02  2.4823149E-02  6.0363678E-03  2.1957465E-03  3.8406213E-03
     908  2.0085563E+03  1.3367634E+00  9.9434304E-01  3.4242038E-01  4.9880576E-02  2.5410871E-02  2.4469704E-02  6.0684497E-03  2.1955960E-03  3.8728537E-03
     909  2.0085657E+03  1.3365938E+00  9.9419265E-01  3.4240116E-01  4.6722546E-02  2.2607059E-02  2.4115487E-02  6.0994586E-03  2.1945726E-03  3.9048860E-03
     910  2.0085751E+03  1.3364354E+00  9.9405382E-01  3.4238153E-01  4.3565954E-02  1.9811821E-02  2.3754133E-02  6.1313776E-03  2.1947970E-03  3.9365806E-03
     911  2.0085846E+03  1.3362766E+00  9.9391277E-01  3.4236385E-01  4.0383196E-02  1.6990728E-02  2.3392468E-02  6.1618286E-03  2.1939765E-03  3.9678521E-03
     912  2.0085940E+03  1.3361084E+00  9.9376540E-01  3.4234297E-01  3.7210882E-02  1.4183478E-02  2.3027403E-02  6.1933244E-03  2.1944776E-03  3.9988469E-03
     913  2.0086034E+03  1.3359625E+00  9.9363737E-01  3.4232510E-01  3.4034072E-02  1.1370008E-02  2.2664064E-02  6.2255416E-03  2.1960426E-03  4.0294990E-03
     914  2.0086128E+03  1.3357988E+00  9.9349300E-01  3.4230583E-01  3.0853048E-02  8.5580949E-03  2.2294953E-02  6.2540150E-03  2.1941282E-03  4.0598868E-03
     915  2.0086223E+03  1.3356505E+00  9.9336388E-01  3.4228667E-01  2.7669328E-02  5.7471512E-03  2.1922177E-02  6.2825200E-03  2.1926794E-03  4.0898407E-03
     916  2.0086317E+03  1.3354923E+00  9.9322527E-01  3.4226704E-01  2.4464949E-02  2.9134615E-03  2.1551488E-02  6.3120220E-03  2.1925999E-03  4.1194220E-03
     917  2.0086411E+03  1.3353493E+00  9.9309984E-01  3.4224950E-01  2.1298204E-02  1.1890616E-04  2.1179298E-02  6.3408341E-03  2.1920826E-03  4.1487515E-03
     918  2.0086505E+03  1.3352004E+00  9.9297045E-01  3.4222993E-01  1.8090996E-02 -2.7088935E-03  2.0799889E-02  6.3674688E-03  2.1897963E-03  4.1776725E-03
     919  2.0086600E+03  1.3350525E+00  9.9284237E-01  3.4221008E-01  1.4897150E-02 -5.5272505E-03  2.0424401E-02  6.3976372E-03  2.1913934E-03  4.2062438E-03
     920  2.0086694E+03  1.3349109E+00  9.9271845E-01  3.4219245E-01  1.1701084E-02 -8.3436483E-03  2.0044732E-02  6.4245994E-03  2.1900961E-03  4.2345033E-03
     921  2.0086788E+03  1.3347683E+00  9.9259471E-01  3.4217362E-01  8.5001301E-03 -1.1158465E-02  1.9658595E-02  6.4506013E-03  2.1882440E-03  4.2623573E-03
     922  2.0086882E+03  1.3346301E+00  9.9247591E-01  3.4215422E-01  5.2915898E-03 -1.3985234E-02  1.9276824E-02  6.4781900E-03  2.1884157E-03  4.2897744E-03
     923  2.0086976E+03  1.3344922E+00  9.9235610E-01  3.4213613E-01  2.1068784E-03 -1.6781857E-02  1.8888735E-02  6.5060407E-03  2.1890381E-03  4.3170026E-03
     924  2.0087071E+03  1.3343632E+00  9.9224572E-01  3.4211750E-01 -1.0994991E-03 -1.9600488E-02  1.8500989E-02  6.5307867E-03  2.1870813E-03  4.3437054E-03
     925  2.0087165E+03  1.3342227E+00  9.9212408E-01  3.4209863E-01 -4.3043173E-03 -2.2418717E-02  1.8114400E-02  6.5551692E-03  2.1850091E-03  4.3701601E-03
     926  2.0087259E+03  1.3341001E+00  9.9201889E-01  3.4208118E-01 -7.5043503E-03 -2.5223008E-02  1.7718658E-02  6.5841454E-03  2.1879540E-03  4.3961915E-03
     927  2.0087353E+03  1.3339707E+00  9.9190837E-01  3.4206229E-01 -1.0713330E-02 -2.8033593E-02  1.7320263E-02  6.6054326E-03  2.1836843E-03  4.4217483E-03
     928  2.0087448E+03  1.3338478E+00  9.9180320E-01  3.4204462E-01 -1.3910142E-02 -3.0844311E-02  1.6934169E-02  6.6307865E-03  2.1838169E-03  4.4469695E-03
     929  2.0087542E+03  1.3337225E+00  9.9169683E-01  3.4202570E-01 -1.7104198E-02 -3.3639792E-02  1.6535594E-02  6.6553947E-03  2.1833958E-03  4.4719990E-03
     930  2.0087636E+03  1.3336082E+00  9.9159877E-01  3.4200942E-01 -2.0308644E-02 -3.6442187E-02  1.6133543E-02  6.6787322E-03  2.1822711E-03  4.4964611E-03
     931  2.0087730E+03  1.3334880E+00  9.9149794E-01  3.4199008E-01 -2.3506989E-02 -3.9244134E-02  1.5737145E-02  6.6999878E-03  2.1794901E-03  4.5204978E-03
     932  2.0087825E+03  1.3333778E+00  9.9140437E-01  3.4197339E-01 -2.6697750E-02 -4.2032200E-02  1.5334451E-02  6.7254854E-03  2.1811633E-03  4.5443221E-03
     933  2.0087919E+03  1.3332646E+00  9.9130880E-01  3.4195576E-01 -2.9889582E-02 -4.4821975E-02  1.4932393E-02  6.7477619E-03  2.1801352E-03  4.5676267E-03
     934  2.0088013E+03  1.3331574E+00  9.9121895E-01  3.4193847E-01 -3.3090168E-02 -4.7618985E-02  1.4528816E-02  6.7683210E-03  2.1777533E-03  4.5905677E-03
     935  2.0088107E+03  1.3330525E+00  9.9113109E-01  3.4192137E-01 -3.6264063E-02 -5.0388676E-02  1.4124613E-02  6.7917633E-03  2.1785956E-03  4.6131676E-03
     936  2.0088201E+03  1.3329492E+00  9.9104485E-01  3.4190434E-01 -3.9455162E-02 -5.3169700E-02  1.3714537E-02  6.8116019E-03  2.1762512E-03  4.6353507E-03
     937  2.0088296E+03  1.3328517E+00  9.9096385E-01  3.4188782E-01 -4.2635809E-02 -5.5943151E-02  1.3307342E-02  6.8330102E-03  2.1759383E-03  4.6570719E-03
     938  2.0088390E+03  1.3327537E+00  9.9088279E-01  3.4187092E-01 -4.5815398E-02 -5.8714698E-02  1.2899300E-02  6.8535048E-03  2.1750383E-03  4.6784665E-03
     939  2.0088484E+03  1.3326645E+00  9.9080949E-01  3.4185504E-01 -4.8981094E-02 -6.1466683E-02  1.2485588E-02  6.8718497E-03  2.1723943E-03  4.6994555E-03
     940  2.0088578E+03  1.3325686E+00  9.9073046E-01  3.4183818E-01 -5.2160934E-02 -6.4234441E-02  1.2073507E-02  6.8925579E-03  2.1725980E-03  4.7199599E-03
     941  2.0088673E+03  1.3324845E+00  9.9066163E-01  3.4182285E-01 -5.5322825E-02 -6.6983185E-02  1.1660360E-02  6.9105634E-03  2.1704328E-03  4.7401307E-03
     942  2.0088767E+03  1.3324018E+00  9.9059522E-01  3.4180658E-01 -5.8473351E-02 -6.9719289E-02  1.1245938E-02  6.9323210E-03  2.1724604E-03  4.7598606E-03
     943  2.0088861E+03  1.3323222E+00  9.9053100E-01  3.4179118E-01 -6.1631968E-02 -7.2462835E-02  1.0830867E-02  6.9461414E-03  2.1669336E-03  4.7792079E-03
     944  2.0088955E+03  1.3322408E+00  9.9046496E-01  3.4177585E-01 -6.4790530E-02 -7.5201862E-02  1.0411332E-02  6.9647983E-03  2.1666706E-03  4.7981277E-03
     945  2.0089050E+03  1.3321681E+00  9.9040740E-01  3.4176066E-01 -6.7922500E-02 -7.7918775E-02  9.9962754E-03  6.9845617E-03  2.1679656E-03  4.8165961E-03
     946  2.0089144E+03  1.3321023E+00  9.9035640E-01  3.4174592E-01 -7.1053735E-02 -8.0633425E-02  9.5796904E-03  6.9995769E-03  2.1648496E-03  4.8347273E-03
     947  2.0089238E+03  1.3320251E+00  9.9029405E-01  3.4173102E-01 -7.4189926E-02 -8.3346462E-02  9.1565360E-03  7.0162596E-03  2.1638511E-03  4.8524085E-03
     948  2.0089332E+03  1.3319698E+00  9.9025260E-01  3.4171715E-01 -7.7315286E-02 -8.6049929E-02  8.7346422E-03  7.0316122E-03  2.1620336E-03  4.8695786E-03
     949  2.0089426E+03  1.3319025E+00  9.9019992E-01  3.4170254E-01 -8.0433555E-02 -8.8748733E-02  8.3151783E-03  7.0474885E-03  2.1611135E-03  4.8863751E-03
     950  2.0089521E+03  1.3318503E+00  9.9016149E-01  3.4168878E-01 -8.3535629E-02 -9.1429352E-02  7.8937229E-03  7.0622223E-03  2.1594080E-03  4.9028143E-03
     951  2.0089615E+03  1.3317909E+00  9.9011570E-01  3.4167521E-01 -8.6636946E-02 -9.4104846E-02  7.4679004E-03  7.0774657E-03  2.1586665E-03  4.9187992E-03
     952  2.0089709E+03  1.3317440E+00  9.9008203E-01  3.4166195E-01 -8.9734916E-02 -9.6778145E-02  7.0432294E-03  7.0924716E-03  2.1581733E-03  4.9342983E-03
     953  2.0089803E+03  1.3316939E+00  9.9004523E-01  3.4164863E-01 -9.2819631E-02 -9.9440456E-02  6.6208256E-03  7.1045446E-03  2.1551374E-03  4.9494072E-03
     954  2.0089898E+03  1.3316508E+00  9.9001511E-01  3.4163568E-01 -9.5887420E-02 -1.0208298E-01  6.1955557E-03  7.1194124E-03  2.1552724E-03  4.9641400E-03
     955  2.0089992E+03  1.3316101E+00  9.8998676E-01  3.4162335E-01 -9.8957436E-02 -1.0472509E-01  5.7676546E-03  7.1322025E-03  2.1538071E-03  4.9783954E-03
     956  2.0090086E+03  1.3315728E+00  9.8996169E-01  3.4161114E-01 -1.0202938E-01 -1.0737045E-01  5.3410659E-03  7.1444181E-03  2.1522454E-03  4.9921726E-03
     957  2.0090180E+03  1.3315472E+00  9.8994819E-01  3.4159898E-01 -1.0504370E-01 -1.0996088E-01  4.9171815E-03  7.1551954E-03  2.1496233E-03  5.0055721E-03
     958  2.0090275E+03  1.3315029E+00  9.8991608E-01  3.4158681E-01 -1.0811979E-01 -1.1260632E-01  4.4865252E-03  7.1671501E-03  2.1485839E-03  5.0185662E-03
     959  2.0090369E+03  1.3314827E+00  9.8990678E-01  3.4157591E-01 -1.1113687E-01 -1.1519658E-01  4.0597024E-03  7.1801335E-03  2.1490986E-03  5.0310349E-03
     960  2.0090463E+03  1.3314664E+00  9.8990157E-01  3.4156487E-01 -1.1413448E-01 -1.1776686E-01  3.6323839E-03  7.1869381E-03  2.1438242E-03  5.0431139E-03
     961  2.0090557E+03  1.3314380E+00  9.8988439E-01  3.4155357E-01 -1.1716204E-01 -1.2036291E-01  3.2008668E-03  7.2002138E-03  2.1454457E-03  5.0547681E-03
     962  2.0090652E+03  1.3314276E+00  9.8988323E-01  3.4154438E-01 -1.2014403E-01 -1.2291557E-01  2.7715401E-03  7.2078134E-03  2.1418996E-03  5.0659138E-03
     963  2.0090746E+03  1.3314119E+00  9.8987864E-01  3.4153327E-01 -1.2314922E-01 -1.2549141E-01  2.3421885E-03  7.2166825E-03  2.1400613E-03  5.0766212E-03
     964  2.0090840E+03  1.3314055E+00  9.8988151E-01  3.4152395E-01 -1.2610512E-01 -1.2801774E-01  1.9126229E-03  7.2254701E-03  2.1385230E-03  5.0869471E-03
     965  2.0090934E+03  1.3314001E+00  9.8988580E-01  3.4151430E-01 -1.2906426E-01 -1.3054938E-01  1.4851193E-03  7.2350620E-03  2.1383006E-03  5.0967614E-03
     966  2.0091028E+03  1.3313965E+00  9.8989224E-01  3.4150425E-01 -1.3202151E-01 -1.3307512E-01  1.0536077E-03  7.2421456E-03  2.1359383E-03  5.1062073E-03
     967  2.0091123E+03  1.3313995E+00  9.8990335E-01  3.4149614E-01 -1.3495499E-01 -1.3557736E-01  6.2237394E-04  7.2484318E-03  2.1332760E-03  5.1151558E-03
     968  2.0091217E+03  1.3314054E+00  9.8991817E-01  3.4148718E-01 -1.3787855E-01 -1.3807127E-01  1.9272046E-04  7.2571108E-03  2.1334710E-03  5.1236398E-03
     969  2.0091311E+03  1.3314140E+00  9.8993480E-01  3.4147916E-01 -1.4078499E-01 -1.4054740E-01 -2.3758192E-04  7.2626776E-03  2.1309728E-03  5.1317048E-03
     970  2.0091405E+03  1.3314273E+00  9.8995517E-01  3.4147211E-01 -1.4369062E-01 -1.4302195E-01 -6.6867149E-04  7.2692061E-03  2.1298686E-03  5.1393375E-03
     971  2.0091500E+03  1.3314426E+00  9.8997850E-01  3.4146414E-01 -1.4656691E-01 -1.4546754E-01 -1.0993706E-03  7.2747505E-03  2.1282705E-03  5.1464801E-03
     972  2.0091594E+03  1.3314643E+00  9.9000712E-01  3.4145721E-01 -1.4943788E-01 -1.4790911E-01 -1.5287716E-03  7.2800097E-03  2.1268309E-03  5.1531788E-03
     973  2.0091688E+03  1.3314828E+00  9.9003295E-01  3.4144986E-01 -1.5229038E-01 -1.5033102E-01 -1.9593639E-03  7.2838712E-03  2.1244083E-03  5.1594628E-03
     974  2.0091782E+03  1.3315134E+00  9.9006917E-01  3.4144427E-01 -1.5513606E-01 -1.5274601E-01 -2.3900508E-03  7.2874918E-03  2.1222288E-03  5.1652630E-03
     975  2.0091877E+03  1.3315426E+00  9.9010491E-01  3.4143774E-01 -1.5795645E-01 -1.5513741E-01 -2.8190362E-03  7.2912042E-03  2.1206175E-03  5.1705866E-03
     976  2.0091971E+03  1.3315783E+00  9.9014661E-01  3.4143172E-01 -1.6076755E-01 -1.5751880E-01 -3.2487501E-03  7.2953998E-03  2.1199034E-03  5.1754965E-03
     977  2.0092065E+03  1.3316125E+00  9.9018584E-01  3.4142669E-01 -1.6356409E-01 -1.5988535E-01 -3.6787451E-03  7.2951585E-03  2.1152087E-03  5.1799498E-03
     978  2.0092159E+03  1.3316547E+00  9.9023303E-01  3.4142169E-01 -1.6634272E-01 -1.6223585E-01 -4.1068715E-03  7.2988274E-03  2.1149395E-03  5.1838879E-03
     979  2.0092253E+03  1.3316984E+00  9.9028148E-01  3.4141687E-01 -1.6910709E-01 -1.6457150E-01 -4.5355965E-03  7.3002685E-03  2.1128684E-03  5.1874001E-03
     980  2.0092348E+03  1.3317472E+00  9.9033466E-01  3.4141252E-01 -1.7185267E-01 -1.6688873E-01 -4.9639466E-03  7.3004442E-03  2.1099835E-03  5.1904607E-03
     981  2.0092442E+03  1.3317977E+00  9.9038892E-01  3.4140875E-01 -1.7458150E-01 -1.6919015E-01 -5.3913473E-03  7.3015555E-03  2.1084990E-03  5.1930565E-03
     982  2.0092536E+03  1.3318509E+00  9.9044578E-01  3.4140512E-01 -1.7730277E-01 -1.7148373E-01 -5.8190471E-03  7.3026541E-03  2.1074695E-03  5.1951846E-03
     983  2.0092630E+03  1.3319097E+00  9.9050760E-01  3.4140206E-01 -1.7999632E-01 -1.7375101E-01 -6.2453100E-03  7.3020104E-03  2.1051458E-03  5.1968645E-03
     984  2.0092725E+03  1.3319716E+00  9.9057254E-01  3.4139909E-01 -1.8267137E-01 -1.7599960E-01 -6.6717714E-03  7.3012478E-03  2.1031372E-03  5.1981106E-03
     985  2.0092819E+03  1.3320346E+00  9.9063789E-01  3.4139673E-01 -1.8534042E-01 -1.7824307E-01 -7.0973434E-03  7.2999655E-03  2.1010947E-03  5.1988709E-03
     986  2.0092913E+03  1.3321030E+00  9.9070840E-01  3.4139459E-01 -1.8797153E-01 -1.8044963E-01 -7.5218943E-03  7.2999222E-03  2.1007431E-03  5.1991791E-03
     987  2.0093007E+03  1.3321738E+00  9.9078086E-01  3.4139296E-01 -1.9061470E-01 -1.8266740E-01 -7.9472928E-03  7.2968014E-03  2.0977716E-03  5.1990298E-03
     988  2.0093102E+03  1.3322513E+00  9.9085951E-01  3.4139179E-01 -1.9320139E-01 -1.8483141E-01 -8.3699761E-03  7.2951434E-03  2.0967222E-03  5.1984212E-03
     989  2.0093196E+03  1.3323224E+00  9.9093219E-01  3.4139017E-01 -1.9581490E-01 -1.8702160E-01 -8.7933036E-03  7.2903421E-03  2.0929933E-03  5.1973488E-03
     990  2.0093290E+03  1.3324106E+00  9.9102044E-01  3.4139011E-01 -1.9836084E-01 -1.8914623E-01 -9.2146021E-03  7.2873060E-03  2.0914979E-03  5.1958081E-03
     991  2.0093384E+03  1.3324855E+00  9.9109638E-01  3.4138915E-01 -2.0093581E-01 -1.9129986E-01 -9.6359523E-03  7.2820797E-03  2.0882749E-03  5.1938048E-03
     992  2.0093478E+03  1.3325833E+00  9.9119333E-01  3.4139001E-01 -2.0344261E-01 -1.9338721E-01 -1.0055401E-02  7.2781222E-03  2.0867840E-03  5.1913383E-03
     993  2.0093573E+03  1.3326617E+00  9.9127157E-01  3.4139017E-01 -2.0597803E-01 -1.9550327E-01 -1.0474752E-02  7.2724035E-03  2.0839800E-03  5.1884236E-03
     994  2.0093667E+03  1.3327657E+00  9.9137398E-01  3.4139168E-01 -2.0845405E-01 -1.9756204E-01 -1.0892005E-02  7.2678607E-03  2.0828104E-03  5.1850503E-03
     995  2.0093761E+03  1.3328540E+00  9.9146122E-01  3.4139278E-01 -2.1092689E-01 -1.9961802E-01 -1.1308868E-02  7.2616475E-03  2.0804249E-03  5.1812226E-03
     996  2.0093855E+03  1.3329602E+00  9.9156564E-01  3.4139460E-01 -2.1337750E-01 -2.0165262E-01 -1.1724882E-02  7.2553662E-03  2.0784373E-03  5.1769289E-03
     997  2.0093950E+03  1.3330558E+00  9.9165906E-01  3.4139678E-01 -2.1581777E-01 -2.0367804E-01 -1.2139725E-02  7.2484463E-03  2.0762567E-03  5.1721896E-03
     998  2.0094044E+03  1.3331663E+00  9.9176751E-01  3.4139882E-01 -2.1821342E-01 -2.0566010E-01 -1.2553328E-02  7.2414876E-03  2.0745116E-03  5.1669760E-03
     999  2.0094138E+03  1.3332690E+00  9.9186727E-01  3.4140174E-01 -2.2061104E-01 -2.0764471E-01 -1.2966326E-02  7.2331792E-03  2.0718849E-03  5.1612943E-03
    1000  2.0094232E+03  1.3333823E+00  9.9197716E-01  3.4140518E-01 -2.2298998E-01 -2.0961254E-01 -1.3377442E-02  7.2255095E-03  2.0703345E-03  5.1551750E-03
    1001  2.0094327E+03  1.3334980E+00  9.9209006E-01  3.4140789E-01 -2.2530181E-01 -2.1151453E-01 -1.3787280E-02  7.2157843E-03  2.0671963E-03  5.1485880E-03
    1002  2.0094421E+03  1.3336127E+00  9.9220025E-01  3.4141244E-01 -2.2764430E-01 -2.1344765E-01 -1.4196650E-02  7.2074637E-03  2.0659240E-03  5.1415396E-03
    1003  2.0094515E+03  1.3337298E+00  9.9231326E-01  3.4141653E-01 -2.2995705E-01 -2.1535367E-01 -1.4603382E-02  7.1975111E-03  2.0634516E-03  5.1340595E-03
    1004  2.0094609E+03  1.3338545E+00  9.9243311E-01  3.4142136E-01 -2.3221914E-01 -2.1721045E-01 -1.5008692E-02  7.1868278E-03  2.0607357E-03  5.1260921E-03
    1005  2.0094704E+03  1.3339790E+00  9.9255208E-01  3.4142691E-01 -2.3446598E-01 -2.1905354E-01 -1.5412434E-02  7.1771991E-03  2.0595010E-03  5.1176981E-03
    1006  2.0094798E+03  1.3341042E+00  9.9267288E-01  3.4143132E-01 -2.3671934E-01 -2.2090231E-01 -1.5817032E-02  7.1654445E-03  2.0565942E-03  5.1088503E-03
    1007  2.0094892E+03  1.3342338E+00  9.9279737E-01  3.4143643E-01 -2.3891489E-01 -2.2269581E-01 -1.6219074E-02  7.1526996E-03  2.0532142E-03  5.0994854E-03
    1008  2.0094986E+03  1.3343635E+00  9.9292005E-01  3.4144343E-01 -2.4112192E-01 -2.2450421E-01 -1.6617717E-02  7.1402497E-03  2.0505574E-03  5.0896923E-03
    1009  2.0095080E+03  1.3344997E+00  9.9304963E-01  3.4145010E-01 -2.4327075E-01 -2.2625644E-01 -1.7014303E-02  7.1287910E-03  2.0492833E-03  5.0795077E-03
    1010  2.0095175E+03  1.3346375E+00  9.9318147E-01  3.4145606E-01 -2.4540879E-01 -2.2799574E-01 -1.7413048E-02  7.1153199E-03  2.0464770E-03  5.0688429E-03
    1011  2.0095269E+03  1.3347747E+00  9.9331130E-01  3.4146336E-01 -2.4753167E-01 -2.2972371E-01 -1.7807954E-02  7.1007865E-03  2.0431187E-03  5.0576678E-03
    1012  2.0095363E+03  1.3349172E+00  9.9344693E-01  3.4147030E-01 -2.4960744E-01 -2.3140529E-01 -1.8202146E-02  7.0887619E-03  2.0426707E-03  5.0460912E-03
    1013  2.0095457E+03  1.3350553E+00  9.9357727E-01  3.4147804E-01 -2.5171090E-01 -2.3311692E-01 -1.8593982E-02  7.0740274E-03  2.0399968E-03  5.0340306E-03
    1014  2.0095552E+03  1.3352057E+00  9.9371814E-01  3.4148753E-01 -2.5373122E-01 -2.3475065E-01 -1.8980568E-02  7.0600073E-03  2.0384270E-03  5.0215803E-03
    1015  2.0095646E+03  1.3353510E+00  9.9385606E-01  3.4149491E-01 -2.5574597E-01 -2.3637710E-01 -1.9368866E-02  7.0441756E-03  2.0354427E-03  5.0087329E-03
    1016  2.0095740E+03  1.3355050E+00  9.9400058E-01  3.4150441E-01 -2.5773771E-01 -2.3798180E-01 -1.9755910E-02  7.0283711E-03  2.0330072E-03  4.9953639E-03
    1017  2.0095834E+03  1.3356496E+00  9.9413639E-01  3.4151321E-01 -2.5971793E-01 -2.3957831E-01 -2.0139616E-02  7.0121724E-03  2.0306338E-03  4.9815386E-03
    1018  2.0095929E+03  1.3358081E+00  9.9428523E-01  3.4152291E-01 -2.6165670E-01 -2.4113604E-01 -2.0520657E-02  6.9953734E-03  2.0280569E-03  4.9673165E-03
    1019  2.0096023E+03  1.3359591E+00  9.9442660E-01  3.4153253E-01 -2.6358061E-01 -2.4267895E-01 -2.0901660E-02  6.9782890E-03  2.0256505E-03  4.9526385E-03
    1020  2.0096117E+03  1.3361222E+00  9.9457944E-01  3.4154277E-01 -2.6543636E-01 -2.4415696E-01 -2.1279404E-02  6.9622425E-03  2.0247453E-03  4.9374972E-03
    1021  2.0096211E+03  1.3362748E+00  9.9472179E-01  3.4155299E-01 -2.6735122E-01 -2.4569582E-01 -2.1655401E-02  6.9420778E-03  2.0201554E-03  4.9219224E-03
    1022  2.0096305E+03  1.3364389E+00  9.9487427E-01  3.4156464E-01 -2.6915100E-01 -2.4712339E-01 -2.2027608E-02  6.9243804E-03  2.0184247E-03  4.9059557E-03
    1023  2.0096400E+03  1.3366003E+00  9.9502612E-01  3.4157415E-01 -2.7099916E-01 -2.4859595E-01 -2.2403209E-02  6.9060693E-03  2.0165466E-03  4.8895227E-03
    1024  2.0096494E+03  1.3367621E+00  9.9517535E-01  3.4158676E-01 -2.7275513E-01 -2.4998551E-01 -2.2769615E-02  6.8854487E-03  2.0128363E-03  4.8726124E-03
    1025  2.0096588E+03  1.3369285E+00  9.9533092E-01  3.4159753E-01 -2.7454029E-01 -2.5140138E-01 -2.3138908E-02  6.8661214E-03  2.0107782E-03  4.8553433E-03
    1026  2.0096682E+03  1.3370945E+00  9.9548447E-01  3.4161000E-01 -2.7625389E-01 -2.5275055E-01 -2.3503342E-02  6.8452416E-03  2.0076480E-03  4.8375936E-03
    1027  2.0096777E+03  1.3372630E+00  9.9564115E-01  3.4162182E-01 -2.7798078E-01 -2.5411397E-01 -2.3866819E-02  6.8244408E-03  2.0050351E-03  4.8194057E-03
    1028  2.0096871E+03  1.3374299E+00  9.9579539E-01  3.4163455E-01 -2.7964106E-01 -2.5541456E-01 -2.4226505E-02  6.8032025E-03  2.0023999E-03  4.8008026E-03
    1029  2.0096965E+03  1.3376056E+00  9.9595795E-01  3.4164763E-01 -2.8130856E-01 -2.5672277E-01 -2.4585791E-02  6.7823625E-03  2.0005743E-03  4.7817882E-03
    1030  2.0097059E+03  1.3377721E+00  9.9611154E-01  3.4166059E-01 -2.8290761E-01 -2.5796665E-01 -2.4940960E-02  6.7616312E-03  1.9992885E-03  4.7623427E-03
    1031  2.0097154E+03  1.3379445E+00  9.9627156E-01  3.4167293E-01 -2.8453736E-01 -2.5924114E-01 -2.5296220E-02  6.7398601E-03  1.9973643E-03  4.7424958E-03
    1032  2.0097248E+03  1.3381191E+00  9.9643160E-01  3.4168751E-01 -2.8606889E-01 -2.6042363E-01 -2.5645260E-02  6.7156578E-03  1.9934538E-03  4.7222040E-03
    1033  2.0097342E+03  1.3382942E+00  9.9659318E-01  3.4170099E-01 -2.8766229E-01 -2.6166810E-01 -2.5994189E-02  6.6918449E-03  1.9903249E-03  4.7015200E-03
    1034  2.0097436E+03  1.3384672E+00  9.9675180E-01  3.4171541E-01 -2.8912671E-01 -2.6278847E-01 -2.6338239E-02  6.6698202E-03  1.9893839E-03  4.6804363E-03
    1035  2.0097530E+03  1.3386482E+00  9.9691824E-01  3.4172995E-01 -2.9063598E-01 -2.6395306E-01 -2.6682922E-02  6.6449480E-03  1.9860398E-03  4.6589082E-03
    1036  2.0097625E+03  1.3388204E+00  9.9707650E-01  3.4174385E-01 -2.9208673E-01 -2.6506398E-01 -2.7022744E-02  6.6200778E-03  1.9831074E-03  4.6369704E-03
    1037  2.0097719E+03  1.3390026E+00  9.9724329E-01  3.4175931E-01 -2.9351200E-01 -2.6615011E-01 -2.7361891E-02  6.5955661E-03  1.9809325E-03  4.6146336E-03
    1038  2.0097813E+03  1.3391766E+00  9.9740277E-01  3.4177383E-01 -2.9492842E-01 -2.6723055E-01 -2.7697870E-02  6.5702548E-03  1.9783972E-03  4.5918576E-03
    1039  2.0097907E+03  1.3393566E+00  9.9756746E-01  3.4178909E-01 -2.9625539E-01 -2.6822537E-01 -2.8030016E-02  6.5445855E-03  1.9758828E-03  4.5687027E-03
    1040  2.0098002E+03  1.3395382E+00  9.9773324E-01  3.4180492E-01 -2.9764831E-01 -2.6928622E-01 -2.8362088E-02  6.5181067E-03  1.9729787E-03  4.5451280E-03
    1041  2.0098096E+03  1.3397130E+00  9.9789210E-01  3.4182088E-01 -2.9893171E-01 -2.7024579E-01 -2.8685919E-02  6.4914430E-03  1.9702590E-03  4.5211839E-03
    1042  2.0098190E+03  1.3398989E+00  9.9806182E-01  3.4183706E-01 -3.0022416E-01 -2.7121167E-01 -2.9012488E-02  6.4657021E-03  1.9688481E-03  4.4968541E-03
    1043  2.0098284E+03  1.3400756E+00  9.9822320E-01  3.4185240E-01 -3.0146862E-01 -2.7213355E-01 -2.9335074E-02  6.4371230E-03  1.9650611E-03  4.4720619E-03
    1044  2.0098379E+03  1.3402571E+00  9.9838812E-01  3.4186897E-01 -3.0270867E-01 -2.7305608E-01 -2.9652594E-02  6.4099079E-03  1.9630136E-03  4.4468943E-03
    1045  2.0098473E+03  1.3404384E+00  9.9855299E-01  3.4188541E-01 -3.0388716E-01 -2.7391807E-01 -2.9969088E-02  6.3822176E-03  1.9608238E-03  4.4213939E-03
    1046  2.0098567E+03  1.3406160E+00  9.9871402E-01  3.4190200E-01 -3.0505876E-01 -2.7477649E-01 -3.0282273E-02  6.3527077E-03  1.9572608E-03  4.3954469E-03
    1047  2.0098661E+03  1.3408017E+00  9.9888197E-01  3.4191974E-01 -3.0620483E-01 -2.7561204E-01 -3.0592791E-02  6.3241004E-03  1.9549636E-03  4.3691368E-03
    1048  2.0098756E+03  1.3409770E+00  9.9904100E-01  3.4193600E-01 -3.0729154E-01 -2.7639247E-01 -3.0899068E-02  6.2956177E-03  1.9531994E-03  4.3424184E-03
    1049  2.0098850E+03  1.3411653E+00  9.9921162E-01  3.4195371E-01 -3.0838797E-01 -2.7718539E-01 -3.1202582E-02  6.2653678E-03  1.9500276E-03  4.3153402E-03
    1050  2.0098944E+03  1.3413349E+00  9.9936469E-01  3.4197024E-01 -3.0941427E-01 -2.7791090E-01 -3.1503370E-02  6.2351781E-03  1.9472527E-03  4.2879254E-03
    1051  2.0099038E+03  1.3415243E+00  9.9953554E-01  3.4198881E-01 -3.1044350E-01 -2.7864139E-01 -3.1802109E-02  6.2043354E-03  1.9442568E-03  4.2600786E-03
    1052  2.0099132E+03  1.3416973E+00  9.9969103E-01  3.4200628E-01 -3.1142200E-01 -2.7932587E-01 -3.2096130E-02  6.1745163E-03  1.9426438E-03  4.2318726E-03
    1053  2.0099227E+03  1.3418830E+00  9.9985943E-01  3.4202360E-01 -3.1237972E-01 -2.7999113E-01 -3.2388582E-02  6.1436998E-03  1.9403802E-03  4.2033196E-03
    1054  2.0099321E+03  1.3420549E+00  1.0000131E+00  3.4204179E-01 -3.1330425E-01 -2.8062775E-01 -3.2676502E-02  6.1116665E-03  1.9372701E-03  4.1743964E-03
    1055  2.0099415E+03  1.3422383E+00  1.0001782E+00  3.4206006E-01 -3.1419450E-01 -2.8123234E-01 -3.2962156E-02  6.0800992E-03  1.9349899E-03  4.1451093E-03
    1056  2.0099509E+03  1.3424143E+00  1.0003364E+00  3.4207784E-01 -3.1507932E-01 -2.8183470E-01 -3.3244621E-02  6.0481793E-03  1.9327242E-03  4.1154551E-03
    1057  2.0099604E+03  1.3425896E+00  1.0004936E+00  3.4209599E-01 -3.1584622E-01 -2.8232286E-01 -3.3523354E-02  6.0165415E-03  1.9310832E-03  4.0854583E-03
    1058  2.0099698E+03  1.3427697E+00  1.0006544E+00  3.4211525E-01 -3.1673164E-01 -2.8292988E-01 -3.3801762E-02  5.9818118E-03  1.9267433E-03  4.0550685E-03
    1059  2.0099792E+03  1.3429405E+00  1.0008081E+00  3.4213244E-01 -3.1747320E-01 -2.8340139E-01 -3.4071809E-02  5.9483988E-03  1.9240157E-03  4.0243830E-03
    1060  2.0099886E+03  1.3431173E+00  1.0009654E+00  3.4215184E-01 -3.1817433E-01 -2.8383173E-01 -3.4342602E-02  5.9167238E-03  1.9234462E-03  3.9932776E-03
    1061  2.0099981E+03  1.3432886E+00  1.0011182E+00  3.4217042E-01 -3.1893765E-01 -2.8432875E-01 -3.4608897E-02  5.8805183E-03  1.9186867E-03  3.9618316E-03
    1062  2.0100075E+03  1.3434653E+00  1.0012763E+00  3.4218896E-01 -3.1960051E-01 -2.8473154E-01 -3.4868972E-02  5.8457244E-03  1.9156035E-03  3.9301210E-03
    1063  2.0100169E+03  1.3436328E+00  1.0014247E+00  3.4220807E-01 -3.2022162E-01 -2.8509289E-01 -3.5128731E-02  5.8125331E-03  1.9144983E-03  3.8980348E-03
    1064  2.0100263E+03  1.3438015E+00  1.0015747E+00  3.4222676E-01 -3.2086680E-01 -2.8548193E-01 -3.5384871E-02  5.7782351E-03  1.9126569E-03  3.8655782E-03
    1065  2.0100357E+03  1.3439759E+00  1.0017305E+00  3.4224537E-01 -3.2144606E-01 -2.8580979E-01 -3.5636269E-02  5.7412392E-03  1.9084218E-03  3.8328173E-03
    1066  2.0100452E+03  1.3441389E+00  1.0018744E+00  3.4226445E-01 -3.2198755E-01 -2.8610203E-01 -3.5885522E-02  5.7056317E-03  1.9059341E-03  3.7996975E-03
    1067  2.0100546E+03  1.3443079E+00  1.0020243E+00  3.4228360E-01 -3.2251814E-01 -2.8638888E-01 -3.6129269E-02  5.6714468E-03  1.9051553E-03  3.7662915E-03
    1068  2.0100640E+03  1.3444711E+00  1.0021685E+00  3.4230263E-01 -3.2300443E-01 -2.8663208E-01 -3.6372343E-02  5.6336516E-03  1.9010739E-03  3.7325777E-03
    1069  2.0100734E+03  1.3446365E+00  1.0023148E+00  3.4232167E-01 -3.2346871E-01 -2.8685819E-01 -3.6610520E-02  5.5978353E-03  1.8993345E-03  3.6985008E-03
    1070  2.0100829E+03  1.3447952E+00  1.0024550E+00  3.4234027E-01 -3.2389632E-01 -2.8705264E-01 -3.6843675E-02  5.5607380E-03  1.8966197E-03  3.6641182E-03
    1071  2.0100923E+03  1.3449578E+00  1.0025977E+00  3.4236011E-01 -3.2428801E-01 -2.8721252E-01 -3.7075499E-02  5.5239164E-03  1.8944613E-03  3.6294551E-03
    1072  2.0101017E+03  1.3451154E+00  1.0027368E+00  3.4237861E-01 -3.2466361E-01 -2.8736069E-01 -3.7302914E-02  5.4860424E-03  1.8915763E-03  3.5944661E-03
    1073  2.0101111E+03  1.3452734E+00  1.0028757E+00  3.4239772E-01 -3.2499027E-01 -2.8746423E-01 -3.7526046E-02  5.4490048E-03  1.8898152E-03  3.5591896E-03
    1074  2.0101206E+03  1.3454267E+00  1.0030098E+00  3.4241689E-01 -3.2529353E-01 -2.8754629E-01 -3.7747242E-02  5.4109889E-03  1.8873938E-03  3.5235951E-03
    1075  2.0101300E+03  1.3455816E+00  1.0031456E+00  3.4243602E-01 -3.2556617E-01 -2.8760306E-01 -3.7963105E-02  5.3714086E-03  1.8837150E-03  3.4876936E-03
    1076  2.0101394E+03  1.3457311E+00  1.0032764E+00  3.4245467E-01 -3.2579427E-01 -2.8761990E-01 -3.8174367E-02  5.3330746E-03  1.8815402E-03  3.4515344E-03
    1077  2.0101488E+03  1.3458823E+00  1.0034085E+00  3.4247383E-01 -3.2601687E-01 -2.8763122E-01 -3.8385649E-02  5.2942339E-03  1.8791640E-03  3.4150699E-03
    1078  2.0101582E+03  1.3460284E+00  1.0035356E+00  3.4249282E-01 -3.2618593E-01 -2.8759601E-01 -3.8589918E-02  5.2534335E-03  1.8751709E-03  3.3782627E-03
    1079  2.0101677E+03  1.3461742E+00  1.0036627E+00  3.4251155E-01 -3.2633211E-01 -2.8754045E-01 -3.8791658E-02  5.2152538E-03  1.8740379E-03  3.3412158E-03
    1080  2.0101771E+03  1.3463169E+00  1.0037867E+00  3.4253024E-01 -3.2644242E-01 -2.8745264E-01 -3.8989781E-02  5.1753164E-03  1.8714357E-03  3.3038807E-03
    1081  2.0101865E+03  1.3464582E+00  1.0039090E+00  3.4254918E-01 -3.2652826E-01 -2.8734466E-01 -3.9183598E-02  5.1351123E-03  1.8688480E-03  3.2662643E-03
    1082  2.0101959E+03  1.3465962E+00  1.0040285E+00  3.4256767E-01 -3.2657296E-01 -2.8719841E-01 -3.9374545E-02  5.0956184E-03  1.8672316E-03  3.2283868E-03
    1083  2.0102054E+03  1.3467352E+00  1.0041487E+00  3.4258650E-01 -3.2660182E-01 -2.8704047E-01 -3.9561344E-02  5.0529275E-03  1.8626942E-03  3.1902333E-03
    1084  2.0102148E+03  1.3468638E+00  1.0042590E+00  3.4260481E-01 -3.2656495E-01 -2.8682063E-01 -3.9744322E-02  5.0155413E-03  1.8637356E-03  3.1518057E-03
    1085  2.0102242E+03  1.3470011E+00  1.0043779E+00  3.4262320E-01 -3.2655699E-01 -2.8663378E-01 -3.9923205E-02  4.9719844E-03  1.8588685E-03  3.1131159E-03
    1086  2.0102336E+03  1.3471268E+00  1.0044853E+00  3.4264152E-01 -3.2644030E-01 -2.8634323E-01 -4.0097069E-02  4.9328445E-03  1.8586192E-03  3.0742253E-03
    1087  2.0102431E+03  1.3472565E+00  1.0045965E+00  3.4265996E-01 -3.2636846E-01 -2.8609978E-01 -4.0268678E-02  4.8892466E-03  1.8541894E-03  3.0350573E-03
    1088  2.0102525E+03  1.3473769E+00  1.0046994E+00  3.4267755E-01 -3.2620194E-01 -2.8576761E-01 -4.0434327E-02  4.8492443E-03  1.8535943E-03  2.9956499E-03
    1089  2.0102619E+03  1.3474992E+00  1.0048030E+00  3.4269622E-01 -3.2603403E-01 -2.8543557E-01 -4.0598464E-02  4.8051387E-03  1.8491694E-03  2.9559693E-03
    1090  2.0102713E+03  1.3476240E+00  1.0049101E+00  3.4271393E-01 -3.2585782E-01 -2.8509929E-01 -4.0758533E-02  4.7639769E-03  1.8479170E-03  2.9160599E-03
    1091  2.0102807E+03  1.3477309E+00  1.0050000E+00  3.4273089E-01 -3.2559091E-01 -2.8467807E-01 -4.0912837E-02  4.7189004E-03  1.8430423E-03  2.8758581E-03
    1092  2.0102902E+03  1.3478513E+00  1.0051021E+00  3.4274915E-01 -3.2535426E-01 -2.8429061E-01 -4.1063650E-02  4.6774580E-03  1.8420139E-03  2.8354442E-03
    1093  2.0102996E+03  1.3479578E+00  1.0051923E+00  3.4276558E-01 -3.2503362E-01 -2.8382479E-01 -4.1208827E-02  4.6350459E-03  1.8401487E-03  2.7948973E-03
    1094  2.0103090E+03  1.3480703E+00  1.0052861E+00  3.4278421E-01 -3.2471505E-01 -2.8335997E-01 -4.1355080E-02  4.5921485E-03  1.8380610E-03  2.7540874E-03
    1095  2.0103184E+03  1.3481699E+00  1.0053696E+00  3.4280030E-01 -3.2436189E-01 -2.8286767E-01 -4.1494219E-02  4.5488636E-03  1.8358708E-03  2.7129928E-03
    1096  2.0103279E+03  1.3482789E+00  1.0054611E+00  3.4281785E-01 -3.2398710E-01 -2.8235837E-01 -4.1628728E-02  4.5043275E-03  1.8326066E-03  2.6717209E-03
    1097  2.0103373E+03  1.3483676E+00  1.0055331E+00  3.4283444E-01 -3.2348732E-01 -2.8172688E-01 -4.1760445E-02  4.4617203E-03  1.8314696E-03  2.6302507E-03
    1098  2.0103467E+03  1.3484757E+00  1.0056248E+00  3.4285089E-01 -3.2314480E-01 -2.8125366E-01 -4.1891147E-02  4.4171188E-03  1.8285988E-03  2.5885200E-03
    1099  2.0103561E+03  1.3485594E+00  1.0056923E+00  3.4286704E-01 -3.2259473E-01 -2.8058515E-01 -4.2009584E-02  4.3733979E-03  1.8267384E-03  2.5466595E-03
    1100  2.0103656E+03  1.3486556E+00  1.0057719E+00  3.4288365E-01 -3.2209737E-01 -2.7996757E-01 -4.2129799E-02  4.3294656E-03  1.8248751E-03  2.5045905E-03
    1101  2.0103750E+03  1.3487396E+00  1.0058406E+00  3.4289899E-01 -3.2154552E-01 -2.7929943E-01 -4.2246092E-02  4.2838542E-03  1.8215530E-03  2.4623011E-03
    1102  2.0103844E+03  1.3488253E+00  1.0059102E+00  3.4291511E-01 -3.2099279E-01 -2.7863675E-01 -4.2356034E-02  4.2385649E-03  1.8187827E-03  2.4197822E-03
    1103  2.0103938E+03  1.3489069E+00  1.0059759E+00  3.4293094E-01 -3.2033756E-01 -2.7787423E-01 -4.2463332E-02  4.1946904E-03  1.8175715E-03  2.3771190E-03
    1104  2.0104033E+03  1.3489804E+00  1.0060348E+00  3.4294562E-01 -3.1974262E-01 -2.7717583E-01 -4.2566792E-02  4.1497453E-03  1.8154906E-03  2.3342547E-03
    1105  2.0104127E+03  1.3490615E+00  1.0060994E+00  3.4296216E-01 -3.1908469E-01 -2.7641903E-01 -4.2665659E-02  4.1013668E-03  1.8101230E-03  2.2912438E-03
    1106  2.0104221E+03  1.3491225E+00  1.0061470E+00  3.4297551E-01 -3.1828910E-01 -2.7553079E-01 -4.2758310E-02  4.0612555E-03  1.8132625E-03  2.2479930E-03
    1107  2.0104315E+03  1.3492019E+00  1.0062112E+00  3.4299069E-01 -3.1771265E-01 -2.7486009E-01 -4.2852564E-02  4.0112135E-03  1.8066080E-03  2.2046055E-03
    1108  2.0104409E+03  1.3492582E+00  1.0062531E+00  3.4300516E-01 -3.1681241E-01 -2.7388107E-01 -4.2931337E-02  3.9683111E-03  1.8071884E-03  2.1611227E-03
    1109  2.0104504E+03  1.3493241E+00  1.0063048E+00  3.4301931E-01 -3.1611722E-01 -2.7309806E-01 -4.3019160E-02  3.9227831E-03  1.8053122E-03  2.1174710E-03
    1110  2.0104598E+03  1.3493789E+00  1.0063457E+00  3.4303318E-01 -3.1521903E-01 -2.7212550E-01 -4.3093533E-02  3.8745518E-03  1.8009791E-03  2.0735727E-03
    1111  2.0104692E+03  1.3494350E+00  1.0063878E+00  3.4304720E-01 -3.1446395E-01 -2.7129155E-01 -4.3172395E-02  3.8291237E-03  1.7995291E-03  2.0295946E-03
    1112  2.0104786E+03  1.3494881E+00  1.0064277E+00  3.4306037E-01 -3.1348095E-01 -2.7024353E-01 -4.3237416E-02  3.7830637E-03  1.7976903E-03  1.9853733E-03
    1113  2.0104881E+03  1.3495333E+00  1.0064602E+00  3.4307309E-01 -3.1264464E-01 -2.6933940E-01 -4.3305242E-02  3.7366789E-03  1.7955900E-03  1.9410890E-03
    1114  2.0104975E+03  1.3495792E+00  1.0064929E+00  3.4308630E-01 -3.1166394E-01 -2.6830080E-01 -4.3363136E-02  3.6892263E-03  1.7925270E-03  1.8966993E-03
    1115  2.0105069E+03  1.3496178E+00  1.0065193E+00  3.4309844E-01 -3.1071243E-01 -2.6729065E-01 -4.3421788E-02  3.6443568E-03  1.7922031E-03  1.8521538E-03
    1116  2.0105163E+03  1.3496588E+00  1.0065477E+00  3.4311114E-01 -3.0970036E-01 -2.6622489E-01 -4.3475469E-02  3.5955675E-03  1.7881630E-03  1.8074045E-03
    1117  2.0105258E+03  1.3496924E+00  1.0065698E+00  3.4312265E-01 -3.0869752E-01 -2.6517374E-01 -4.3523787E-02  3.5497160E-03  1.7871786E-03  1.7625375E-03
    1118  2.0105352E+03  1.3497158E+00  1.0065811E+00  3.4313471E-01 -3.0758050E-01 -2.6401249E-01 -4.3568016E-02  3.5022405E-03  1.7846472E-03  1.7175933E-03
    1119  2.0105446E+03  1.3497524E+00  1.0066061E+00  3.4314633E-01 -3.0655371E-01 -2.6294326E-01 -4.3610455E-02  3.4563491E-03  1.7838368E-03  1.6725123E-03
    1120  2.0105540E+03  1.3497716E+00  1.0066145E+00  3.4315711E-01 -3.0539782E-01 -2.6175171E-01 -4.3646112E-02  3.4074528E-03  1.7801120E-03  1.6273407E-03
    1121  2.0105634E+03  1.3497906E+00  1.0066224E+00  3.4316824E-01 -3.0426514E-01 -2.6058632E-01 -4.3678814E-02  3.3605658E-03  1.7785556E-03  1.5820102E-03
    1122  2.0105729E+03  1.3498146E+00  1.0066356E+00  3.4317903E-01 -3.0309493E-01 -2.5938971E-01 -4.3705214E-02  3.3158173E-03  1.7792016E-03  1.5366157E-03
    1123  2.0105823E+03  1.3498177E+00  1.0066299E+00  3.4318785E-01 -3.0188486E-01 -2.5815619E-01 -4.3728676E-02  3.2658092E-03  1.7746553E-03  1.4911539E-03
    1124  2.0105917E+03  1.3498285E+00  1.0066295E+00  3.4319899E-01 -3.0062899E-01 -2.5688105E-01 -4.3747940E-02  3.2166671E-03  1.7711284E-03  1.4455387E-03
    1125  2.0106011E+03  1.3498425E+00  1.0066346E+00  3.4320792E-01 -2.9940109E-01 -2.5563687E-01 -4.3764220E-02  3.1724671E-03  1.7726259E-03  1.3998412E-03
    1126  2.0106106E+03  1.3498333E+00  1.0066160E+00  3.4321726E-01 -2.9808127E-01 -2.5430711E-01 -4.3774164E-02  3.1234774E-03  1.7694073E-03  1.3540701E-03
    1127  2.0106200E+03  1.3498450E+00  1.0066191E+00  3.4322592E-01 -2.9679353E-01 -2.5301364E-01 -4.3779890E-02  3.0758632E-03  1.7676372E-03  1.3082260E-03
    1128  2.0106294E+03  1.3498276E+00  1.0065928E+00  3.4323481E-01 -2.9541317E-01 -2.5163147E-01 -4.3781707E-02  3.0270986E-03  1.7647658E-03  1.2623328E-03
    1129  2.0106388E+03  1.3498286E+00  1.0065860E+00  3.4324258E-01 -2.9406021E-01 -2.5027840E-01 -4.3781811E-02  2.9802737E-03  1.7639549E-03  1.2163188E-03
    1130  2.0106483E+03  1.3498107E+00  1.0065597E+00  3.4325102E-01 -2.9264138E-01 -2.4886540E-01 -4.3775980E-02  2.9323939E-03  1.7621817E-03  1.1702122E-03
    1131  2.0106577E+03  1.3497998E+00  1.0065413E+00  3.4325851E-01 -2.9121145E-01 -2.4744531E-01 -4.3766142E-02  2.8833350E-03  1.7592575E-03  1.1240775E-03
    1132  2.0106671E+03  1.3497798E+00  1.0065144E+00  3.4326546E-01 -2.8977292E-01 -2.4602148E-01 -4.3751440E-02  2.8356639E-03  1.7577923E-03  1.0778717E-03
    1133  2.0106765E+03  1.3497605E+00  1.0064878E+00  3.4327265E-01 -2.8829169E-01 -2.4455936E-01 -4.3732335E-02  2.7876991E-03  1.7560525E-03  1.0316467E-03
    1134  2.0106859E+03  1.3497232E+00  1.0064445E+00  3.4327876E-01 -2.8670566E-01 -2.4299615E-01 -4.3709518E-02  2.7398424E-03  1.7545089E-03  9.8533351E-04
    1135  2.0106954E+03  1.3497067E+00  1.0064217E+00  3.4328497E-01 -2.8524816E-01 -2.4156349E-01 -4.3684675E-02  2.6904187E-03  1.7514744E-03  9.3894436E-04
    1136  2.0107048E+03  1.3496682E+00  1.0063775E+00  3.4329072E-01 -2.8364386E-01 -2.3999195E-01 -4.3651912E-02  2.6444633E-03  1.7518863E-03  8.9257705E-04
    1137  2.0107142E+03  1.3496305E+00  1.0063348E+00  3.4329573E-01 -2.8204850E-01 -2.3843250E-01 -4.3615995E-02  2.5944763E-03  1.7483346E-03  8.4614164E-04
    1138  2.0107236E+03  1.3495968E+00  1.0062944E+00  3.4330238E-01 -2.8042823E-01 -2.3684973E-01 -4.3578504E-02  2.5470276E-03  1.7473382E-03  7.9968937E-04
    1139  2.0107331E+03  1.3495429E+00  1.0062376E+00  3.4330533E-01 -2.7877666E-01 -2.3524352E-01 -4.3533141E-02  2.4992522E-03  1.7460547E-03  7.5319741E-04
    1140  2.0107425E+03  1.3495084E+00  1.0061982E+00  3.4331021E-01 -2.7711993E-01 -2.3363513E-01 -4.3484795E-02  2.4528274E-03  1.7461435E-03  7.0668382E-04
    1141  2.0107519E+03  1.3494507E+00  1.0061365E+00  3.4331418E-01 -2.7539035E-01 -2.3195712E-01 -4.3433222E-02  2.4012011E-03  1.7410187E-03  6.6018235E-04
    1142  2.0107613E+03  1.3493979E+00  1.0060800E+00  3.4331788E-01 -2.7367597E-01 -2.3029861E-01 -4.3377366E-02  2.3567093E-03  1.7430847E-03  6.1362456E-04
    1143  2.0107708E+03  1.3493436E+00  1.0060227E+00  3.4332094E-01 -2.7193621E-01 -2.2861982E-01 -4.3316386E-02  2.3064024E-03  1.7393302E-03  5.6707224E-04
    1144  2.0107802E+03  1.3492807E+00  1.0059570E+00  3.4332372E-01 -2.7012023E-01 -2.2686810E-01 -4.3252128E-02  2.2590516E-03  1.7385121E-03  5.2053955E-04
    1145  2.0107896E+03  1.3492185E+00  1.0058921E+00  3.4332644E-01 -2.6834844E-01 -2.2516297E-01 -4.3185472E-02  2.2103248E-03  1.7363860E-03  4.7393878E-04
    1146  2.0107990E+03  1.3491513E+00  1.0058228E+00  3.4332853E-01 -2.6649851E-01 -2.2338866E-01 -4.3109854E-02  2.1606177E-03  1.7332486E-03  4.2736917E-04
    1147  2.0108085E+03  1.3490815E+00  1.0057512E+00  3.4333032E-01 -2.6465694E-01 -2.2162225E-01 -4.3034692E-02  2.1115519E-03  1.7307209E-03  3.8083096E-04
    1148  2.0108179E+03  1.3490066E+00  1.0056750E+00  3.4333158E-01 -2.6275298E-01 -2.1979978E-01 -4.2953207E-02  2.0647462E-03  1.7305098E-03  3.3423645E-04
    1149  2.0108273E+03  1.3489342E+00  1.0056013E+00  3.4333286E-01 -2.6088253E-01 -2.1801317E-01 -4.2869357E-02  2.0157561E-03  1.7280681E-03  2.8768797E-04
    1150  2.0108367E+03  1.3488446E+00  1.0055118E+00  3.4333287E-01 -2.5890225E-01 -2.1612366E-01 -4.2778585E-02  1.9717352E-03  1.7305500E-03  2.4118521E-04
    1151  2.0108461E+03  1.3487754E+00  1.0054418E+00  3.4333358E-01 -2.5701216E-01 -2.1432638E-01 -4.2685775E-02  1.9209526E-03  1.7262588E-03  1.9469378E-04
    1152  2.0108556E+03  1.3486735E+00  1.0053405E+00  3.4333299E-01 -2.5495436E-01 -2.1236730E-01 -4.2587066E-02  1.8777952E-03  1.7294988E-03  1.4829634E-04
    1153  2.0108650E+03  1.3486019E+00  1.0052685E+00  3.4333335E-01 -2.5303013E-01 -2.1054187E-01 -4.2488258E-02  1.8250549E-03  1.7231991E-03  1.0185579E-04
    1154  2.0108744E+03  1.3484958E+00  1.0051646E+00  3.4333127E-01 -2.5095365E-01 -2.0857516E-01 -4.2378487E-02  1.7775389E-03  1.7220400E-03  5.5498841E-05
    1155  2.0108838E+03  1.3484071E+00  1.0050761E+00  3.4333099E-01 -2.4890361E-01 -2.0663300E-01 -4.2270609E-02  1.7312153E-03  1.7220315E-03  9.1837864E-06
    1156  2.0108933E+03  1.3483056E+00  1.0049770E+00  3.4332863E-01 -2.4684895E-01 -2.0469145E-01 -4.2157501E-02  1.6836054E-03  1.7207320E-03 -3.7126587E-05
    1157  2.0109027E+03  1.3482037E+00  1.0048765E+00  3.4332718E-01 -2.4471876E-01 -2.0267934E-01 -4.2039417E-02  1.6335118E-03  1.7168964E-03 -8.3384539E-05
    1158  2.0109121E+03  1.3481021E+00  1.0047776E+00  3.4332455E-01 -2.4263100E-01 -2.0071308E-01 -4.1917921E-02  1.5884836E-03  1.7180654E-03 -1.2958189E-04
    1159  2.0109215E+03  1.3479934E+00  1.0046715E+00  3.4332184E-01 -2.4046179E-01 -1.9866894E-01 -4.1792854E-02  1.5410060E-03  1.7166901E-03 -1.7568416E-04
    1160  2.0109310E+03  1.3478844E+00  1.0045651E+00  3.4331929E-01 -2.3830466E-01 -1.9663962E-01 -4.1665043E-02  1.4930528E-03  1.7148430E-03 -2.2179015E-04
    1161  2.0109404E+03  1.3477713E+00  1.0044558E+00  3.4331546E-01 -2.3611498E-01 -1.9458627E-01 -4.1528710E-02  1.4461425E-03  1.7139163E-03 -2.6777377E-04
    1162  2.0109498E+03  1.3476525E+00  1.0043406E+00  3.4331186E-01 -2.3389079E-01 -1.9249682E-01 -4.1393967E-02  1.3983876E-03  1.7120658E-03 -3.1367819E-04
    1163  2.0109592E+03  1.3475410E+00  1.0042335E+00  3.4330750E-01 -2.3167183E-01 -1.9042176E-01 -4.1250076E-02  1.3521927E-03  1.7117755E-03 -3.5958276E-04
    1164  2.0109686E+03  1.3474137E+00  1.0041118E+00  3.4330189E-01 -2.2940473E-01 -1.8830280E-01 -4.1101927E-02  1.3042234E-03  1.7094803E-03 -4.0525691E-04
    1165  2.0109781E+03  1.3472935E+00  1.0039952E+00  3.4329831E-01 -2.2712000E-01 -1.8616291E-01 -4.0957094E-02  1.2577981E-03  1.7087092E-03 -4.5091111E-04
    1166  2.0109875E+03  1.3471668E+00  1.0038751E+00  3.4329177E-01 -2.2484208E-01 -1.8404209E-01 -4.0799988E-02  1.2112041E-03  1.7078062E-03 -4.9660211E-04
    1167  2.0109969E+03  1.3470362E+00  1.0037493E+00  3.4328695E-01 -2.2248188E-01 -1.8183641E-01 -4.0645473E-02  1.1649331E-03  1.7069338E-03 -5.4200074E-04
    1168  2.0110063E+03  1.3469092E+00  1.0036282E+00  3.4328094E-01 -2.2017984E-01 -1.7969808E-01 -4.0481757E-02  1.1192770E-03  1.7067770E-03 -5.8749998E-04
    1169  2.0110158E+03  1.3467701E+00  1.0034960E+00  3.4327413E-01 -2.1778673E-01 -1.7746867E-01 -4.0318057E-02  1.0718437E-03  1.7045687E-03 -6.3272498E-04
    1170  2.0110252E+03  1.3466397E+00  1.0033717E+00  3.4326804E-01 -2.1542215E-01 -1.7527207E-01 -4.0150080E-02  1.0255652E-03  1.7034956E-03 -6.7793039E-04
    1171  2.0110346E+03  1.3464979E+00  1.0032374E+00  3.4326047E-01 -2.1300770E-01 -1.7303171E-01 -3.9975984E-02  9.7911203E-04  1.7021236E-03 -7.2301159E-04
    1172  2.0110440E+03  1.3463569E+00  1.0031039E+00  3.4325303E-01 -2.1057301E-01 -1.7077200E-01 -3.9801012E-02  9.3335199E-04  1.7012948E-03 -7.6794282E-04
    1173  2.0110535E+03  1.3462187E+00  1.0029728E+00  3.4324597E-01 -2.0815099E-01 -1.6852881E-01 -3.9622180E-02  8.8747168E-04  1.7003085E-03 -8.1283678E-04
    1174  2.0110629E+03  1.3460716E+00  1.0028351E+00  3.4323643E-01 -2.0567717E-01 -1.6624545E-01 -3.9431729E-02  8.4205519E-04  1.6996194E-03 -8.5756420E-04
    1175  2.0110723E+03  1.3459232E+00  1.0026946E+00  3.4322865E-01 -2.0317720E-01 -1.6393312E-01 -3.9244075E-02  7.9720528E-04  1.6992357E-03 -9.0203046E-04
    1176  2.0110817E+03  1.3457730E+00  1.0025530E+00  3.4322001E-01 -2.0067489E-01 -1.6161890E-01 -3.9055987E-02  7.5188710E-04  1.6983506E-03 -9.4646351E-04
    1177  2.0110911E+03  1.3456240E+00  1.0024134E+00  3.4321053E-01 -1.9816352E-01 -1.5930514E-01 -3.8858388E-02  7.0585024E-04  1.6967289E-03 -9.9087863E-04
    1178  2.0111006E+03  1.3454713E+00  1.0022699E+00  3.4320138E-01 -1.9562998E-01 -1.5696997E-01 -3.8660013E-02  6.6186562E-04  1.6968796E-03 -1.0350140E-03
    1179  2.0111100E+03  1.3453167E+00  1.0021247E+00  3.4319198E-01 -1.9304111E-01 -1.5458229E-01 -3.8458818E-02  6.1614174E-04  1.6951851E-03 -1.0790433E-03
    1180  2.0111194E+03  1.3451575E+00  1.0019764E+00  3.4318106E-01 -1.9048658E-01 -1.5223558E-01 -3.8251002E-02  5.7129855E-04  1.6942711E-03 -1.1229726E-03
    1181  2.0111288E+03  1.3450032E+00  1.0018312E+00  3.4317200E-01 -1.8787554E-01 -1.4983256E-01 -3.8042979E-02  5.2720976E-04  1.6938619E-03 -1.1666521E-03
    1182  2.0111383E+03  1.3448390E+00  1.0016786E+00  3.4316043E-01 -1.8526988E-01 -1.4743912E-01 -3.7830761E-02  4.8241621E-04  1.6927212E-03 -1.2103050E-03
    1183  2.0111477E+03  1.3446808E+00  1.0015313E+00  3.4314950E-01 -1.8263245E-01 -1.4502155E-01 -3.7610895E-02  4.3943769E-04  1.6931862E-03 -1.2537485E-03
    1184  2.0111571E+03  1.3445157E+00  1.0013769E+00  3.4313881E-01 -1.7998568E-01 -1.4259264E-01 -3.7393039E-02  3.9374432E-04  1.6906858E-03 -1.2969415E-03
    1185  2.0111665E+03  1.3443510E+00  1.0012251E+00  3.4312591E-01 -1.7731669E-01 -1.4015450E-01 -3.7162191E-02  3.5173132E-04  1.6918069E-03 -1.3400756E-03
    1186  2.0111760E+03  1.3441842E+00  1.0010696E+00  3.4311463E-01 -1.7462277E-01 -1.3768678E-01 -3.6935984E-02  3.0723788E-04  1.6901027E-03 -1.3828649E-03
    1187  2.0111854E+03  1.3440163E+00  1.0009139E+00  3.4310239E-01 -1.7192656E-01 -1.3522042E-01 -3.6706140E-02  2.6546921E-04  1.6911318E-03 -1.4256626E-03
    1188  2.0111948E+03  1.3438512E+00  1.0007608E+00  3.4309042E-01 -1.6922198E-01 -1.3274902E-01 -3.6472960E-02  2.1974155E-04  1.6880281E-03 -1.4682866E-03
    1189  2.0112042E+03  1.3436759E+00  1.0005994E+00  3.4307641E-01 -1.6647595E-01 -1.3024886E-01 -3.6227090E-02  1.7836095E-04  1.6889977E-03 -1.5106367E-03
    1190  2.0112136E+03  1.3435079E+00  1.0004439E+00  3.4306406E-01 -1.6371804E-01 -1.2773070E-01 -3.5987347E-02  1.3486321E-04  1.6875688E-03 -1.5527056E-03
    1191  2.0112231E+03  1.3433343E+00  1.0002837E+00  3.4305055E-01 -1.6098050E-01 -1.2523653E-01 -3.5743973E-02  9.2081209E-05  1.6868561E-03 -1.5947749E-03
    1192  2.0112325E+03  1.3431611E+00  1.0001241E+00  3.4303695E-01 -1.5816277E-01 -1.2267166E-01 -3.5491105E-02  5.0138890E-05  1.6867001E-03 -1.6365612E-03
    1193  2.0112419E+03  1.3429842E+00  9.9996130E-01  3.4302289E-01 -1.5539276E-01 -1.2015346E-01 -3.5239305E-02  8.2441093E-06  1.6863370E-03 -1.6780929E-03
    1194  2.0112513E+03  1.3428132E+00  9.9980373E-01  3.4300950E-01 -1.5256198E-01 -1.1757284E-01 -3.4989141E-02 -3.3866679E-05  1.6856260E-03 -1.7194927E-03
    1195  2.0112608E+03  1.3426325E+00  9.9963757E-01  3.4299496E-01 -1.4975955E-01 -1.1503128E-01 -3.4728277E-02 -7.5394037E-05  1.6854065E-03 -1.7608006E-03
    1196  2.0112702E+03  1.3424600E+00  9.9948054E-01  3.4297949E-01 -1.4690784E-01 -1.1244633E-01 -3.4461511E-02 -1.1607639E-04  1.6856132E-03 -1.8016895E-03
    1197  2.0112796E+03  1.3422759E+00  9.9931015E-01  3.4296575E-01 -1.4404163E-01 -1.0984186E-01 -3.4199771E-02 -1.5701408E-04  1.6853618E-03 -1.8423759E-03
    1198  2.0112890E+03  1.3421038E+00  9.9915373E-01  3.4295006E-01 -1.4119448E-01 -1.0726312E-01 -3.3931366E-02 -1.9877531E-04  1.6842236E-03 -1.8829989E-03
    1199  2.0112985E+03  1.3419209E+00  9.9898614E-01  3.4293472E-01 -1.3830695E-01 -1.0464873E-01 -3.3658214E-02 -2.3775148E-04  1.6855702E-03 -1.9233217E-03
    1200  2.0113079E+03  1.3417448E+00  9.9882480E-01  3.4291995E-01 -1.3540044E-01 -1.0201671E-01 -3.3383730E-02 -2.8063758E-04  1.6827484E-03 -1.9633859E-03
    1201  2.0113173E+03  1.3415609E+00  9.9865735E-01  3.4290353E-01 -1.3251407E-01 -9.9409650E-02 -3.3104417E-02 -3.1989061E-04  1.6833726E-03 -2.0032632E-03
    1202  2.0113267E+03  1.3413854E+00  9.9849721E-01  3.4288816E-01 -1.2957319E-01 -9.6752016E-02 -3.2821171E-02 -3.5920464E-04  1.6836572E-03 -2.0428618E-03
    1203  2.0113362E+03  1.3411999E+00  9.9832819E-01  3.4287173E-01 -1.2664586E-01 -9.4106420E-02 -3.2539439E-02 -4.0001739E-04  1.6822289E-03 -2.0822462E-03
    1204  2.0113456E+03  1.3410218E+00  9.9816669E-01  3.4285516E-01 -1.2370280E-01 -9.1455174E-02 -3.2247627E-02 -4.3985964E-04  1.6816073E-03 -2.1214670E-03
    1205  2.0113550E+03  1.3408402E+00  9.9800131E-01  3.4283888E-01 -1.2073908E-01 -8.8780260E-02 -3.1958822E-02 -4.7750356E-04  1.6828061E-03 -2.1603097E-03
    1206  2.0113644E+03  1.3406599E+00  9.9783790E-01  3.4282201E-01 -1.1777845E-01 -8.6115896E-02 -3.1662554E-02 -5.1643104E-04  1.6825689E-03 -2.1990000E-03
    1207  2.0113738E+03  1.3404776E+00  9.9767246E-01  3.4280514E-01 -1.1478538E-01 -8.3419685E-02 -3.1365699E-02 -5.5517523E-04  1.6821924E-03 -2.2373676E-03
    1208  2.0113833E+03  1.3402970E+00  9.9750894E-01  3.4278807E-01 -1.1180711E-01 -8.0740329E-02 -3.1066780E-02 -5.9293955E-04  1.6825717E-03 -2.2755112E-03
    1209  2.0113927E+03  1.3401166E+00  9.9734587E-01  3.4277071E-01 -1.0879562E-01 -7.8032484E-02 -3.0763133E-02 -6.3000841E-04  1.6833869E-03 -2.3133953E-03
    1210  2.0114021E+03  1.3399342E+00  9.9718083E-01  3.4275333E-01 -1.0578407E-01 -7.5327724E-02 -3.0456350E-02 -6.6874119E-04  1.6822767E-03 -2.3510179E-03
    1211  2.0114115E+03  1.3397577E+00  9.9702182E-01  3.4273593E-01 -1.0276225E-01 -7.2615197E-02 -3.0147054E-02 -7.0684361E-04  1.6815234E-03 -2.3883670E-03
    1212  2.0114210E+03  1.3395724E+00  9.9685450E-01  3.4271787E-01 -9.9724105E-02 -6.9889572E-02 -2.9834533E-02 -7.4342673E-04  1.6820254E-03 -2.4254521E-03
    1213  2.0114304E+03  1.3393983E+00  9.9669805E-01  3.4270027E-01 -9.6682603E-02 -6.7162984E-02 -2.9519619E-02 -7.8011991E-04  1.6821400E-03 -2.4622599E-03
    1214  2.0114398E+03  1.3392139E+00  9.9653207E-01  3.4268187E-01 -9.3635096E-02 -6.4432799E-02 -2.9202297E-02 -8.1750946E-04  1.6813139E-03 -2.4988233E-03
    1215  2.0114492E+03  1.3390406E+00  9.9637613E-01  3.4266445E-01 -9.0556019E-02 -6.1674280E-02 -2.8881739E-02 -8.5311560E-04  1.6819752E-03 -2.5350908E-03
    1216  2.0114587E+03  1.3388548E+00  9.9620911E-01  3.4264572E-01 -8.7496298E-02 -5.8937908E-02 -2.8558391E-02 -8.8845924E-04  1.6825899E-03 -2.5710491E-03
    1217  2.0114681E+03  1.3386865E+00  9.9605817E-01  3.4262833E-01 -8.4420617E-02 -5.6186176E-02 -2.8234441E-02 -9.2454721E-04  1.6822136E-03 -2.6067608E-03
    1218  2.0114775E+03  1.3385011E+00  9.9589216E-01  3.4260894E-01 -8.1326177E-02 -5.3422992E-02 -2.7903186E-02 -9.6042067E-04  1.6817753E-03 -2.6421960E-03
    1219  2.0114869E+03  1.3383292E+00  9.9573859E-01  3.4259063E-01 -7.8223618E-02 -5.0648765E-02 -2.7574853E-02 -9.9515811E-04  1.6820928E-03 -2.6772509E-03
    1220  2.0114963E+03  1.3381585E+00  9.9558608E-01  3.4257244E-01 -7.5135939E-02 -4.7894093E-02 -2.7241847E-02 -1.0287433E-03  1.6834030E-03 -2.7121462E-03
    1221  2.0115058E+03  1.3379759E+00  9.9542303E-01  3.4255286E-01 -7.2014311E-02 -4.5114956E-02 -2.6899355E-02 -1.0637078E-03  1.6829711E-03 -2.7466788E-03
    1222  2.0115152E+03  1.3378127E+00  9.9527752E-01  3.4253520E-01 -6.8895625E-02 -4.2334654E-02 -2.6560970E-02 -1.0992160E-03  1.6815676E-03 -2.7807836E-03
    1223  2.0115246E+03  1.3376310E+00  9.9511568E-01  3.4251531E-01 -6.5766394E-02 -3.9545964E-02 -2.6220430E-02 -1.1310583E-03  1.6836178E-03 -2.8146761E-03
    1224  2.0115340E+03  1.3374711E+00  9.9497344E-01  3.4249767E-01 -6.2648359E-02 -3.6774333E-02 -2.5874026E-02 -1.1643265E-03  1.6839952E-03 -2.8483217E-03
    1225  2.0115435E+03  1.3372895E+00  9.9481158E-01  3.4247795E-01 -5.9482369E-02 -3.3951837E-02 -2.5530532E-02 -1.1981033E-03  1.6834602E-03 -2.8815634E-03
    1226  2.0115529E+03  1.3371297E+00  9.9467077E-01  3.4245892E-01 -5.6365265E-02 -3.1186083E-02 -2.5179182E-02 -1.2314725E-03  1.6831315E-03 -2.9146040E-03
    1227  2.0115623E+03  1.3369616E+00  9.9452163E-01  3.4243994E-01 -5.3207983E-02 -2.8381378E-02 -2.4826604E-02 -1.2605410E-03  1.6866737E-03 -2.9472147E-03
    1228  2.0115717E+03  1.3367933E+00  9.9437219E-01  3.4242116E-01 -5.0045556E-02 -2.5572846E-02 -2.4472710E-02 -1.2954794E-03  1.6840438E-03 -2.9795232E-03
    1229  2.0115812E+03  1.3366326E+00  9.9423104E-01  3.4240157E-01 -4.6891950E-02 -2.2775546E-02 -2.4116404E-02 -1.3255805E-03  1.6859282E-03 -3.0115087E-03
    1230  2.0115906E+03  1.3364677E+00  9.9408451E-01  3.4238323E-01 -4.3712814E-02 -1.9955339E-02 -2.3757475E-02 -1.3565310E-03  1.6866664E-03 -3.0431974E-03
    1231  2.0116000E+03  1.3363086E+00  9.9394477E-01  3.4236378E-01 -4.0562466E-02 -1.7165088E-02 -2.3397378E-02 -1.3879513E-03  1.6865900E-03 -3.0745414E-03
    1232  2.0116094E+03  1.3361494E+00  9.9380460E-01  3.4234476E-01 -3.7372130E-02 -1.4339467E-02 -2.3032663E-02 -1.4191512E-03  1.6863998E-03 -3.1055509E-03
    1233  2.0116188E+03  1.3359896E+00  9.9366385E-01  3.4232580E-01 -3.4199476E-02 -1.1531619E-02 -2.2667857E-02 -1.4481444E-03  1.6880773E-03 -3.1362217E-03
    1234  2.0116283E+03  1.3358374E+00  9.9353133E-01  3.4230610E-01 -3.1019323E-02 -8.7195486E-03 -2.2299774E-02 -1.4796193E-03  1.6869471E-03 -3.1665664E-03
    1235  2.0116377E+03  1.3356807E+00  9.9339300E-01  3.4228773E-01 -2.7832161E-02 -5.9030068E-03 -2.1929154E-02 -1.5083153E-03  1.6882454E-03 -3.1965607E-03
    1236  2.0116471E+03  1.3355305E+00  9.9326216E-01  3.4226830E-01 -2.4642678E-02 -3.0854760E-03 -2.1557202E-02 -1.5380056E-03  1.6881925E-03 -3.2261981E-03
    1237  2.0116565E+03  1.3353799E+00  9.9313052E-01  3.4224943E-01 -2.1454626E-02 -2.7163674E-04 -2.1182989E-02 -1.5654866E-03  1.6900237E-03 -3.2555103E-03
    1238  2.0116660E+03  1.3352341E+00  9.9300364E-01  3.4223051E-01 -1.8254700E-02  2.5521513E-03 -2.0806851E-02 -1.5966474E-03  1.6878289E-03 -3.2844763E-03
    1239  2.0116754E+03  1.3350834E+00  9.9287200E-01  3.4221142E-01 -1.5061150E-02  5.3674151E-03 -2.0428565E-02 -1.6224259E-03  1.6906579E-03 -3.3130839E-03
    1240  2.0116848E+03  1.3349469E+00  9.9275389E-01  3.4219302E-01 -1.1874185E-02  8.1749016E-03 -2.0049086E-02 -1.6503776E-03  1.6909595E-03 -3.3413371E-03
    1241  2.0116942E+03  1.3347978E+00  9.9262422E-01  3.4217354E-01 -8.6650317E-03  1.1001336E-02 -1.9666368E-02 -1.6779401E-03  1.6912914E-03 -3.3692315E-03
    1242  2.0117037E+03  1.3346652E+00  9.9250929E-01  3.4215593E-01 -5.4706198E-03  1.3809320E-02 -1.9279940E-02 -1.7043737E-03  1.6923587E-03 -3.3967324E-03
    1243  2.0117131E+03  1.3345237E+00  9.9238754E-01  3.4213619E-01 -2.2583773E-03  1.6637668E-02 -1.8896045E-02 -1.7293549E-03  1.6944826E-03 -3.4238375E-03
    1244  2.0117225E+03  1.3343906E+00  9.9227226E-01  3.4211829E-01  9.3181058E-04  1.9439365E-02 -1.8507554E-02 -1.7566157E-03  1.6940641E-03 -3.4506798E-03
    1245  2.0117319E+03  1.3342617E+00  9.9216193E-01  3.4209972E-01  4.1343430E-03  2.2251041E-02 -1.8116698E-02 -1.7834940E-03  1.6935755E-03 -3.4770695E-03
    1246  2.0117414E+03  1.3341260E+00  9.9204490E-01  3.4208111E-01  7.3437138E-03  2.5067937E-02 -1.7724223E-02 -1.8065818E-03  1.6965096E-03 -3.5030914E-03
    1247  2.0117508E+03  1.3340056E+00  9.9194218E-01  3.4206344E-01  1.0537466E-02  2.7869339E-02 -1.7331873E-02 -1.8332418E-03  1.6955093E-03 -3.5287511E-03
    1248  2.0117602E+03  1.3338738E+00  9.9182906E-01  3.4204474E-01  1.3745173E-02  3.0682351E-02 -1.6937178E-02 -1.8561761E-03  1.6978809E-03 -3.5540570E-03
    1249  2.0117696E+03  1.3337609E+00  9.9173336E-01  3.4202749E-01  1.6938197E-02  3.3479102E-02 -1.6540905E-02 -1.8801108E-03  1.6988586E-03 -3.5789694E-03
    1250  2.0117790E+03  1.3336294E+00  9.9162096E-01  3.4200844E-01  2.0148497E-02  3.6291439E-02 -1.6142942E-02 -1.9035968E-03  1.6999001E-03 -3.6034969E-03
    1251  2.0117885E+03  1.3335290E+00  9.9153740E-01  3.4199155E-01  2.3330562E-02  3.9075552E-02 -1.5744990E-02 -1.9270963E-03  1.7005565E-03 -3.6276528E-03
    1252  2.0117979E+03  1.3333975E+00  9.9142336E-01  3.4197411E-01  2.6535689E-02  4.1878843E-02 -1.5343154E-02 -1.9518943E-03  1.6995483E-03 -3.6514426E-03
    1253  2.0118073E+03  1.3333014E+00  9.9134472E-01  3.4195668E-01  2.9721396E-02  4.4661691E-02 -1.4940295E-02 -1.9733096E-03  1.7014742E-03 -3.6747837E-03
    1254  2.0118167E+03  1.3331816E+00  9.9124299E-01  3.4193864E-01  3.2923169E-02  4.7459328E-02 -1.4536159E-02 -1.9953746E-03  1.7023910E-03 -3.6977656E-03
    1255  2.0118262E+03  1.3330861E+00  9.9116418E-01  3.4192193E-01  3.6096959E-02  5.0227643E-02 -1.4130684E-02 -2.0176684E-03  1.7027263E-03 -3.7203946E-03
    1256  2.0118356E+03  1.3329744E+00  9.9106944E-01  3.4190499E-01  3.9296904E-02  5.3019271E-02 -1.3722367E-02 -2.0387407E-03  1.7038427E-03 -3.7425834E-03
    1257  2.0118450E+03  1.3328822E+00  9.9099389E-01  3.4188835E-01  4.2464486E-02  5.5780518E-02 -1.3316032E-02 -2.0582529E-03  1.7061198E-03 -3.7643726E-03
    1258  2.0118544E+03  1.3327834E+00  9.9091248E-01  3.4187095E-01  4.5648622E-02  5.8554151E-02 -1.2905529E-02 -2.0801245E-03  1.7056773E-03 -3.7858019E-03
    1259  2.0118639E+03  1.3326867E+00  9.9083147E-01  3.4185518E-01  4.8828509E-02  6.1322158E-02 -1.2493649E-02 -2.0999364E-03  1.7068415E-03 -3.8067779E-03
    1260  2.0118733E+03  1.3326023E+00  9.9076337E-01  3.4183888E-01  5.1980128E-02  6.4064463E-02 -1.2084335E-02 -2.1176325E-03  1.7097427E-03 -3.8273752E-03
    1261  2.0118827E+03  1.3325105E+00  9.9068785E-01  3.4182262E-01  5.5155381E-02  6.6824309E-02 -1.1668928E-02 -2.1382761E-03  1.7093328E-03 -3.8476089E-03
    1262  2.0118921E+03  1.3324278E+00  9.9062003E-01  3.4180775E-01  5.8311086E-02  6.9561957E-02 -1.1250870E-02 -2.1561822E-03  1.7111378E-03 -3.8673200E-03
    1263  2.0119015E+03  1.3323476E+00  9.9055579E-01  3.4179183E-01  6.1478392E-02  7.2315829E-02 -1.0837437E-02 -2.1734637E-03  1.7131430E-03 -3.8866067E-03
    1264  2.0119110E+03  1.3322694E+00  9.9049272E-01  3.4177670E-01  6.4623814E-02  7.5042696E-02 -1.0418882E-02 -2.1917687E-03  1.7138595E-03 -3.9056282E-03
    1265  2.0119204E+03  1.3321948E+00  9.9043388E-01  3.4176093E-01  6.7752886E-02  7.7757580E-02 -1.0004694E-02 -2.2109367E-03  1.7131884E-03 -3.9241252E-03
    1266  2.0119298E+03  1.3321252E+00  9.9037922E-01  3.4174596E-01  7.0898283E-02  8.0484974E-02 -9.5866914E-03 -2.2247662E-03  1.7175343E-03 -3.9423005E-03
    1267  2.0119392E+03  1.3320529E+00  9.9032099E-01  3.4173194E-01  7.4026155E-02  8.3188674E-02 -9.1625195E-03 -2.2446394E-03  1.7153635E-03 -3.9600029E-03
    1268  2.0119487E+03  1.3319923E+00  9.9027486E-01  3.4171747E-01  7.7160552E-02  8.5905338E-02 -8.7447854E-03 -2.2585605E-03  1.7186230E-03 -3.9771835E-03
    1269  2.0119581E+03  1.3319322E+00  9.9022924E-01  3.4170293E-01  8.0257441E-02  8.8582076E-02 -8.3246354E-03 -2.2750916E-03  1.7190205E-03 -3.9941121E-03
    1270  2.0119675E+03  1.3318671E+00  9.9017868E-01  3.4168846E-01  8.3390624E-02  9.1291214E-02 -7.9005902E-03 -2.2900878E-03  1.7204879E-03 -4.0105757E-03
    1271  2.0119769E+03  1.3318217E+00  9.9014555E-01  3.4167613E-01  8.6459665E-02  9.3935946E-02 -7.4762810E-03 -2.3046979E-03  1.7218715E-03 -4.0265694E-03
    1272  2.0119864E+03  1.3317637E+00  9.9010262E-01  3.4166111E-01  8.9594875E-02  9.6648532E-02 -7.0536572E-03 -2.3192128E-03  1.7228669E-03 -4.0420797E-03
    1273  2.0119958E+03  1.3317205E+00  9.9007040E-01  3.4165013E-01  9.2639278E-02  9.9266173E-02 -6.6268952E-03 -2.3332641E-03  1.7240676E-03 -4.0573317E-03
    1274  2.0120052E+03  1.3316711E+00  9.9003486E-01  3.4163627E-01  9.5741187E-02  1.0194309E-01 -6.2019004E-03 -2.3454748E-03  1.7264797E-03 -4.0719545E-03
    1275  2.0120146E+03  1.3316370E+00  9.9001371E-01  3.4162329E-01  9.8806022E-02  1.0458467E-01 -5.7786438E-03 -2.3594090E-03  1.7268454E-03 -4.0862544E-03
    1276  2.0120240E+03  1.3315937E+00  9.8998244E-01  3.4161127E-01  1.0184640E-01  1.0719834E-01 -5.3519381E-03 -2.3720427E-03  1.7281697E-03 -4.1002123E-03
    1277  2.0120335E+03  1.3315640E+00  9.8996437E-01  3.4159962E-01  1.0491873E-01  1.0984061E-01 -4.9218780E-03 -2.3836927E-03  1.7299197E-03 -4.1136124E-03
    1278  2.0120429E+03  1.3315272E+00  9.8994072E-01  3.4158646E-01  1.0794366E-01  1.1244207E-01 -4.4984159E-03 -2.3943548E-03  1.7321937E-03 -4.1265485E-03
    1279  2.0120523E+03  1.3315110E+00  9.8993371E-01  3.4157726E-01  1.1097249E-01  1.1503870E-01 -4.0662121E-03 -2.4057939E-03  1.7333427E-03 -4.1391366E-03
    1280  2.0120617E+03  1.3314799E+00  9.8991502E-01  3.4156488E-01  1.1399847E-01  1.1763741E-01 -3.6389422E-03 -2.4157941E-03  1.7353588E-03 -4.1511529E-03
    1281  2.0120712E+03  1.3314599E+00  9.8990607E-01  3.4155380E-01  1.1699685E-01  1.2020865E-01 -3.2117951E-03 -2.4281511E-03  1.7347284E-03 -4.1628795E-03
    1282  2.0120806E+03  1.3314486E+00  9.8990332E-01  3.4154525E-01  1.2000582E-01  1.2278534E-01 -2.7795288E-03 -2.4353154E-03  1.7387884E-03 -4.1741038E-03
    1283  2.0120900E+03  1.3314300E+00  9.8989751E-01  3.4153247E-01  1.2297699E-01  1.2533007E-01 -2.3530845E-03 -2.4463854E-03  1.7384507E-03 -4.1848361E-03
    1284  2.0120994E+03  1.3314281E+00  9.8990369E-01  3.4152441E-01  1.2595309E-01  1.2787424E-01 -1.9211465E-03 -2.4537966E-03  1.7414550E-03 -4.1952516E-03
    1285  2.0121089E+03  1.3314168E+00  9.8990223E-01  3.4151453E-01  1.2892336E-01  1.3041540E-01 -1.4920399E-03 -2.4637007E-03  1.7413855E-03 -4.2050862E-03
    1286  2.0121183E+03  1.3314137E+00  9.8990893E-01  3.4150474E-01  1.3186817E-01  1.3293000E-01 -1.0618247E-03 -2.4705888E-03  1.7439634E-03 -4.2145521E-03
    1287  2.0121277E+03  1.3314237E+00  9.8992780E-01  3.4149593E-01  1.3479379E-01  1.3542716E-01 -6.3337171E-04 -2.4782937E-03  1.7452651E-03 -4.2235589E-03
    1288  2.0121371E+03  1.3314182E+00  9.8993050E-01  3.4148767E-01  1.3774212E-01  1.3794196E-01 -1.9984253E-04 -2.4852112E-03  1.7469398E-03 -4.2321510E-03
    1289  2.0121465E+03  1.3314371E+00  9.8995713E-01  3.4147999E-01  1.4062622E-01  1.4039709E-01  2.2913611E-04 -2.4927890E-03  1.7474389E-03 -4.2402278E-03
    1290  2.0121560E+03  1.3314379E+00  9.8996705E-01  3.4147089E-01  1.4355023E-01  1.4289116E-01  6.5907178E-04 -2.4988293E-03  1.7490505E-03 -4.2478798E-03
    1291  2.0121654E+03  1.3314641E+00  9.8999861E-01  3.4146549E-01  1.4640873E-01  1.4531826E-01  1.0904742E-03 -2.5044059E-03  1.7507182E-03 -4.2551241E-03
    1292  2.0121748E+03  1.3314771E+00  9.9002046E-01  3.4145665E-01  1.4930223E-01  1.4778089E-01  1.5213333E-03 -2.5092713E-03  1.7525706E-03 -4.2618419E-03
    1293  2.0121842E+03  1.3315039E+00  9.9005411E-01  3.4144979E-01  1.5213776E-01  1.5018930E-01  1.9484558E-03 -2.5123699E-03  1.7557669E-03 -4.2681368E-03
    1294  2.0121937E+03  1.3315249E+00  9.9008134E-01  3.4144358E-01  1.5499193E-01  1.5261073E-01  2.3812062E-03 -2.5172589E-03  1.7567693E-03 -4.2740283E-03
    1295  2.0122031E+03  1.3315603E+00  9.9012194E-01  3.4143840E-01  1.5781516E-01  1.5500407E-01  2.8110921E-03 -2.5207213E-03  1.7586454E-03 -4.2793668E-03
    1296  2.0122125E+03  1.3315909E+00  9.9015947E-01  3.4143142E-01  1.6062589E-01  1.5738690E-01  3.2389896E-03 -2.5235081E-03  1.7607814E-03 -4.2842895E-03
    1297  2.0122219E+03  1.3316293E+00  9.9020269E-01  3.4142662E-01  1.6341995E-01  1.5974991E-01  3.6700397E-03 -2.5266867E-03  1.7621143E-03 -4.2888009E-03
    1298  2.0122314E+03  1.3316657E+00  9.9024405E-01  3.4142163E-01  1.6621495E-01  1.6211589E-01  4.0990621E-03 -2.5283232E-03  1.7644711E-03 -4.2927943E-03
    1299  2.0122408E+03  1.3317167E+00  9.9030021E-01  3.4141653E-01  1.6894218E-01  1.6441630E-01  4.5258782E-03 -2.5309505E-03  1.7653998E-03 -4.2963503E-03
    1300  2.0122502E+03  1.3317572E+00  9.9034485E-01  3.4141232E-01  1.7173304E-01  1.6677625E-01  4.9567964E-03 -2.5318555E-03  1.7676073E-03 -4.2994628E-03
    1301  2.0122596E+03  1.3318101E+00  9.9040058E-01  3.4140950E-01  1.7443897E-01  1.6905567E-01  5.3833010E-03 -2.5330149E-03  1.7690816E-03 -4.3020964E-03
    1302  2.0122691E+03  1.3318654E+00  9.9046114E-01  3.4140428E-01  1.7716741E-01  1.7135766E-01  5.8097519E-03 -2.5331568E-03  1.7711234E-03 -4.3042802E-03
    1303  2.0122785E+03  1.3319221E+00  9.9051981E-01  3.4140231E-01  1.7984796E-01  1.7361101E-01  6.2369520E-03 -2.5336979E-03  1.7723271E-03 -4.3060250E-03
    1304  2.0122879E+03  1.3319811E+00  9.9058204E-01  3.4139905E-01  1.8255156E-01  1.7588700E-01  6.6645514E-03 -2.5336385E-03  1.7736563E-03 -4.3072948E-03
    1305  2.0122973E+03  1.3320483E+00  9.9065156E-01  3.4139674E-01  1.8520187E-01  1.7811333E-01  7.0885330E-03 -2.5319285E-03  1.7761784E-03 -4.3081068E-03
    1306  2.0123067E+03  1.3321115E+00  9.9071726E-01  3.4139421E-01  1.8784650E-01  1.8033219E-01  7.5143085E-03 -2.5293210E-03  1.7791541E-03 -4.3084751E-03
    1307  2.0123162E+03  1.3321901E+00  9.9079687E-01  3.4139326E-01  1.9046413E-01  1.8252536E-01  7.9387702E-03 -2.5290212E-03  1.7793309E-03 -4.3083521E-03
    1308  2.0123256E+03  1.3322520E+00  9.9086057E-01  3.4139142E-01  1.9309317E-01  1.8473221E-01  8.3609597E-03 -2.5230711E-03  1.7847098E-03 -4.3077809E-03
    1309  2.0123350E+03  1.3323425E+00  9.9095217E-01  3.4139038E-01  1.9567152E-01  1.8688806E-01  8.7834601E-03 -2.5234069E-03  1.7833660E-03 -4.3067729E-03
    1310  2.0123444E+03  1.3324117E+00  9.9102187E-01  3.4138986E-01  1.9823862E-01  1.8903292E-01  9.2057048E-03 -2.5180731E-03  1.7871961E-03 -4.3052692E-03
    1311  2.0123539E+03  1.3325038E+00  9.9111457E-01  3.4138924E-01  2.0079500E-01  1.9116733E-01  9.6276707E-03 -2.5172132E-03  1.7861021E-03 -4.3033152E-03
    1312  2.0123633E+03  1.3325803E+00  9.9119065E-01  3.4138964E-01  2.0333410E-01  1.9328671E-01  1.0047386E-02 -2.5105989E-03  1.7903153E-03 -4.3009142E-03
    1313  2.0123727E+03  1.3326827E+00  9.9129256E-01  3.4139015E-01  2.0583632E-01  1.9537009E-01  1.0466231E-02 -2.5078137E-03  1.7902487E-03 -4.2980624E-03
    1314  2.0123821E+03  1.3327633E+00  9.9137221E-01  3.4139113E-01  2.0833866E-01  1.9745376E-01  1.0884906E-02 -2.4991497E-03  1.7955981E-03 -4.2947478E-03
    1315  2.0123916E+03  1.3328685E+00  9.9147579E-01  3.4139274E-01  2.1081383E-01  1.9951237E-01  1.1301460E-02 -2.4971311E-03  1.7938332E-03 -4.2909642E-03
    1316  2.0124010E+03  1.3329616E+00  9.9156806E-01  3.4139357E-01  2.1324777E-01  2.0153098E-01  1.1716782E-02 -2.4902884E-03  1.7964507E-03 -4.2867391E-03
    1317  2.0124104E+03  1.3330706E+00  9.9167412E-01  3.4139649E-01  2.1568587E-01  2.0355425E-01  1.2131617E-02 -2.4799600E-03  1.8020782E-03 -4.2820382E-03
    1318  2.0124198E+03  1.3331628E+00  9.9176407E-01  3.4139876E-01  2.1811759E-01  2.0557114E-01  1.2546444E-02 -2.4754679E-03  1.8014152E-03 -4.2768831E-03
    1319  2.0124292E+03  1.3332828E+00  9.9188084E-01  3.4140199E-01  2.2048792E-01  2.0753013E-01  1.2957785E-02 -2.4674247E-03  1.8038150E-03 -4.2712397E-03
    1320  2.0124387E+03  1.3333889E+00  9.9198467E-01  3.4140421E-01  2.2284707E-01  2.0947718E-01  1.3369891E-02 -2.4586178E-03  1.8065379E-03 -4.2651557E-03
    1321  2.0124481E+03  1.3334980E+00  9.9209016E-01  3.4140788E-01  2.2521669E-01  2.1143666E-01  1.3780021E-02 -2.4509869E-03  1.8076270E-03 -4.2586139E-03
    1322  2.0124575E+03  1.3336181E+00  9.9220642E-01  3.4141172E-01  2.2753101E-01  2.1334272E-01  1.4188292E-02 -2.4429239E-03  1.8087012E-03 -4.2516251E-03
    1323  2.0124669E+03  1.3337388E+00  9.9232241E-01  3.4141635E-01  2.2982778E-01  2.1523224E-01  1.4595540E-02 -2.4299539E-03  1.8142062E-03 -4.2441601E-03
    1324  2.0124764E+03  1.3338550E+00  9.9243484E-01  3.4142020E-01  2.3211210E-01  2.1710952E-01  1.5002577E-02 -2.4211463E-03  1.8151114E-03 -4.2362577E-03
    1325  2.0124858E+03  1.3339827E+00  9.9255678E-01  3.4142597E-01  2.3436745E-01  2.1896089E-01  1.5406565E-02 -2.4128287E-03  1.8150559E-03 -4.2278845E-03
    1326  2.0124952E+03  1.3341065E+00  9.9267605E-01  3.4143044E-01  2.3660299E-01  2.2079266E-01  1.5810328E-02 -2.3992753E-03  1.8198027E-03 -4.2190781E-03
    1327  2.0125046E+03  1.3342385E+00  9.9280124E-01  3.4143721E-01  2.3882458E-01  2.2261340E-01  1.6211180E-02 -2.3924110E-03  1.8173966E-03 -4.2098076E-03
    1328  2.0125141E+03  1.3343652E+00  9.9292279E-01  3.4144246E-01  2.4099830E-01  2.2438881E-01  1.6609495E-02 -2.3766040E-03  1.8235221E-03 -4.2001261E-03
    1329  2.0125235E+03  1.3345052E+00  9.9305596E-01  3.4144921E-01  2.4317131E-01  2.2616175E-01  1.7009558E-02 -2.3660964E-03  1.8238665E-03 -4.1899629E-03
    1330  2.0125329E+03  1.3346357E+00  9.9317987E-01  3.4145580E-01  2.4531161E-01  2.2790598E-01  1.7405627E-02 -2.3525481E-03  1.8267683E-03 -4.1793164E-03
    1331  2.0125423E+03  1.3347777E+00  9.9331483E-01  3.4146287E-01  2.4742544E-01  2.2962480E-01  1.7800644E-02 -2.3387459E-03  1.8294851E-03 -4.1682310E-03
    1332  2.0125517E+03  1.3349154E+00  9.9344471E-01  3.4147068E-01  2.4950922E-01  2.3131715E-01  1.8192072E-02 -2.3267911E-03  1.8299119E-03 -4.1567031E-03
    1333  2.0125612E+03  1.3350638E+00  9.9358509E-01  3.4147873E-01  2.5161686E-01  2.3303020E-01  1.8586667E-02 -2.3109468E-03  1.8338181E-03 -4.1447648E-03
    1334  2.0125706E+03  1.3352019E+00  9.9371687E-01  3.4148504E-01  2.5361726E-01  2.3464158E-01  1.8975686E-02 -2.2986020E-03  1.8337041E-03 -4.1323061E-03
    1335  2.0125800E+03  1.3353534E+00  9.9385864E-01  3.4149476E-01  2.5567069E-01  2.3630505E-01  1.9365637E-02 -2.2809760E-03  1.8384327E-03 -4.1194087E-03
    1336  2.0125894E+03  1.3354985E+00  9.9399477E-01  3.4150376E-01  2.5764857E-01  2.3790052E-01  1.9748059E-02 -2.2676409E-03  1.8384823E-03 -4.1061232E-03
    1337  2.0125989E+03  1.3356576E+00  9.9414470E-01  3.4151292E-01  2.5962311E-01  2.3948896E-01  2.0134150E-02 -2.2498491E-03  1.8425836E-03 -4.0924327E-03
    1338  2.0126083E+03  1.3357987E+00  9.9427786E-01  3.4152080E-01  2.6156286E-01  2.4104451E-01  2.0518348E-02 -2.2354858E-03  1.8426798E-03 -4.0781656E-03
    1339  2.0126177E+03  1.3359665E+00  9.9443342E-01  3.4153311E-01  2.6347909E-01  2.4258567E-01  2.0893416E-02 -2.2171980E-03  1.8462898E-03 -4.0634878E-03
    1340  2.0126271E+03  1.3361158E+00  9.9457438E-01  3.4154147E-01  2.6537600E-01  2.4410011E-01  2.1275892E-02 -2.2000998E-03  1.8484244E-03 -4.0485243E-03
    1341  2.0126366E+03  1.3362747E+00  9.9472293E-01  3.4155174E-01  2.6724122E-01  2.4558767E-01  2.1653557E-02 -2.1821842E-03  1.8506797E-03 -4.0328640E-03
    1342  2.0126460E+03  1.3364346E+00  9.9487110E-01  3.4156347E-01  2.6909612E-01  2.4707315E-01  2.2022961E-02 -2.1641203E-03  1.8527803E-03 -4.0169006E-03
    1343  2.0126554E+03  1.3365968E+00  9.9502197E-01  3.4157480E-01  2.7088994E-01  2.4849855E-01  2.2391394E-02 -2.1467378E-03  1.8539043E-03 -4.0006421E-03
    1344  2.0126648E+03  1.3367631E+00  9.9517700E-01  3.4158611E-01  2.7270213E-01  2.4993602E-01  2.2766104E-02 -2.1262650E-03  1.8575758E-03 -3.9838407E-03
    1345  2.0126743E+03  1.3369246E+00  9.9532765E-01  3.4159696E-01  2.7442987E-01  2.5130064E-01  2.3129226E-02 -2.1063515E-03  1.8601896E-03 -3.9665412E-03
    1346  2.0126837E+03  1.3370928E+00  9.9548382E-01  3.4160898E-01  2.7618471E-01  2.5268445E-01  2.3500254E-02 -2.0878295E-03  1.8609996E-03 -3.9488291E-03
    1347  2.0126931E+03  1.3372558E+00  9.9563522E-01  3.4162056E-01  2.7790933E-01  2.5404306E-01  2.3866268E-02 -2.0679435E-03  1.8627193E-03 -3.9306628E-03
    1348  2.0127025E+03  1.3374281E+00  9.9579437E-01  3.4163376E-01  2.7956155E-01  2.5534144E-01  2.4220101E-02 -2.0462314E-03  1.8659010E-03 -3.9121324E-03
    1349  2.0127119E+03  1.3375994E+00  9.9595233E-01  3.4164702E-01  2.8123151E-01  2.5665166E-01  2.4579846E-02 -2.0256876E-03  1.8675716E-03 -3.8932592E-03
    1350  2.0127214E+03  1.3377671E+00  9.9610850E-01  3.4165858E-01  2.8284645E-01  2.5790641E-01  2.4940040E-02 -2.0058685E-03  1.8679494E-03 -3.8738179E-03
    1351  2.0127308E+03  1.3379403E+00  9.9626764E-01  3.4167263E-01  2.8446680E-01  2.5917556E-01  2.5291242E-02 -1.9813876E-03  1.8725578E-03 -3.8539454E-03
    1352  2.0127402E+03  1.3381157E+00  9.9642820E-01  3.4168752E-01  2.8601350E-01  2.6037663E-01  2.5636864E-02 -1.9595647E-03  1.8742267E-03 -3.8337914E-03
    1353  2.0127496E+03  1.3382874E+00  9.9658712E-01  3.4170033E-01  2.8756415E-01  2.6157519E-01  2.5988960E-02 -1.9375312E-03  1.8756789E-03 -3.8132101E-03
    1354  2.0127591E+03  1.3384635E+00  9.9674909E-01  3.4171437E-01  2.8908255E-01  2.6274653E-01  2.6336018E-02 -1.9117680E-03  1.8803242E-03 -3.7920921E-03
    1355  2.0127685E+03  1.3386403E+00  9.9691113E-01  3.4172915E-01  2.9057266E-01  2.6389496E-01  2.6677700E-02 -1.8897716E-03  1.8808222E-03 -3.7705938E-03
    1356  2.0127779E+03  1.3388159E+00  9.9707313E-01  3.4174276E-01  2.9201632E-01  2.6499597E-01  2.7020350E-02 -1.8651490E-03  1.8835678E-03 -3.7487168E-03
    1357  2.0127873E+03  1.3389924E+00  9.9723415E-01  3.4175826E-01  2.9345614E-01  2.6609699E-01  2.7359156E-02 -1.8400183E-03  1.8863535E-03 -3.7263717E-03
    1358  2.0127968E+03  1.3391720E+00  9.9739842E-01  3.4177358E-01  2.9485816E-01  2.6716514E-01  2.7693021E-02 -1.8163583E-03  1.8873097E-03 -3.7036680E-03
    1359  2.0128062E+03  1.3393506E+00  9.9756231E-01  3.4178830E-01  2.9622792E-01  2.6820059E-01  2.8027331E-02 -1.7895886E-03  1.8910032E-03 -3.6805918E-03
    1360  2.0128156E+03  1.3395290E+00  9.9772507E-01  3.4180396E-01  2.9758557E-01  2.6922700E-01  2.8358569E-02 -1.7660629E-03  1.8909587E-03 -3.6570216E-03
    1361  2.0128250E+03  1.3397069E+00  9.9788703E-01  3.4181990E-01  2.9885735E-01  2.7017442E-01  2.8682932E-02 -1.7372908E-03  1.8958096E-03 -3.6331004E-03
    1362  2.0128344E+03  1.3398922E+00  9.9805638E-01  3.4183578E-01  3.0018924E-01  2.7118005E-01  2.9009193E-02 -1.7119978E-03  1.8968343E-03 -3.6088322E-03
    1363  2.0128439E+03  1.3400662E+00  9.9821492E-01  3.4185131E-01  3.0141214E-01  2.7207861E-01  2.9333525E-02 -1.6863500E-03  1.8977553E-03 -3.5841052E-03
    1364  2.0128533E+03  1.3402506E+00  9.9838210E-01  3.4186848E-01  3.0266066E-01  2.7300958E-01  2.9651080E-02 -1.6561182E-03  1.9028168E-03 -3.5589350E-03
    1365  2.0128627E+03  1.3404250E+00  9.9854064E-01  3.4188433E-01  3.0384763E-01  2.7388122E-01  2.9966406E-02 -1.6324623E-03  1.9010088E-03 -3.5334711E-03
    1366  2.0128721E+03  1.3406125E+00  9.9871130E-01  3.4190116E-01  3.0502211E-01  2.7474174E-01  3.0280369E-02 -1.6007271E-03  1.9068655E-03 -3.5075926E-03
    1367  2.0128816E+03  1.3407888E+00  9.9886987E-01  3.4191896E-01  3.0615298E-01  2.7556567E-01  3.0587310E-02 -1.5727990E-03  1.9085401E-03 -3.4813392E-03
    1368  2.0128910E+03  1.3409721E+00  9.9903722E-01  3.4193488E-01  3.0725607E-01  2.7636023E-01  3.0895843E-02 -1.5463593E-03  1.9083560E-03 -3.4547153E-03
    1369  2.0129004E+03  1.3411496E+00  9.9919707E-01  3.4195256E-01  3.0834561E-01  2.7714522E-01  3.1200394E-02 -1.5144169E-03  1.9132437E-03 -3.4276606E-03
    1370  2.0129098E+03  1.3413312E+00  9.9936148E-01  3.4196977E-01  3.0937071E-01  2.7786870E-01  3.1502013E-02 -1.4860875E-03  1.9141662E-03 -3.4002537E-03
    1371  2.0129193E+03  1.3415124E+00  9.9952424E-01  3.4198815E-01  3.1042691E-01  2.7862654E-01  3.1800375E-02 -1.4553537E-03  1.9171209E-03 -3.3724746E-03
    1372  2.0129287E+03  1.3416889E+00  9.9968433E-01  3.4200454E-01  3.1135991E-01  2.7926412E-01  3.2095791E-02 -1.4264014E-03  1.9179225E-03 -3.3443238E-03
    1373  2.0129381E+03  1.3418690E+00  9.9984635E-01  3.4202270E-01  3.1238219E-01  2.7999187E-01  3.2390322E-02 -1.3932289E-03  1.9225159E-03 -3.3157448E-03
    1374  2.0129475E+03  1.3420479E+00  1.0000072E+00  3.4204074E-01  3.1327938E-01  2.8060317E-01  3.2676212E-02 -1.3645762E-03  1.9222629E-03 -3.2868391E-03
    1375  2.0129569E+03  1.3422242E+00  1.0001658E+00  3.4205839E-01  3.1413640E-01  2.8117337E-01  3.2963028E-02 -1.3314210E-03  1.9261957E-03 -3.2576167E-03
    1376  2.0129664E+03  1.3424066E+00  1.0003291E+00  3.4207748E-01  3.1504981E-01  2.8180292E-01  3.3246890E-02 -1.3016426E-03  1.9263317E-03 -3.2279743E-03
    1377  2.0129758E+03  1.3425772E+00  1.0004826E+00  3.4209459E-01  3.1588402E-01  2.8235955E-01  3.3524463E-02 -1.2677118E-03  1.9303128E-03 -3.1980245E-03
    1378  2.0129852E+03  1.3427588E+00  1.0006444E+00  3.4211441E-01  3.1665839E-01  2.8285681E-01  3.3801583E-02 -1.2344991E-03  1.9331709E-03 -3.1676700E-03
    1379  2.0129946E+03  1.3429280E+00  1.0007961E+00  3.4213182E-01  3.1744292E-01  2.8337042E-01  3.4072499E-02 -1.2030585E-03  1.9338925E-03 -3.1369510E-03
    1380  2.0130041E+03  1.3431061E+00  1.0009556E+00  3.4215044E-01  3.1819441E-01  2.8385224E-01  3.4342164E-02 -1.1702233E-03  1.9357506E-03 -3.1059739E-03
    1381  2.0130135E+03  1.3432794E+00  1.0011099E+00  3.4216950E-01  3.1890123E-01  2.8429139E-01  3.4609847E-02 -1.1360730E-03  1.9385265E-03 -3.0745995E-03
    1382  2.0130229E+03  1.3434484E+00  1.0012610E+00  3.4218747E-01  3.1957762E-01  2.8470887E-01  3.4868747E-02 -1.0999469E-03  1.9428860E-03 -3.0428329E-03
    1383  2.0130323E+03  1.3436255E+00  1.0014185E+00  3.4220704E-01  3.2023071E-01  2.8509735E-01  3.5133359E-02 -1.0702824E-03  1.9405480E-03 -3.0108303E-03
    1384  2.0130418E+03  1.3437881E+00  1.0015626E+00  3.4222544E-01  3.2084931E-01  2.8546418E-01  3.5385132E-02 -1.0346838E-03  1.9436575E-03 -2.9783412E-03
    1385  2.0130512E+03  1.3439620E+00  1.0017175E+00  3.4224452E-01  3.2142023E-01  2.8578159E-01  3.5638639E-02 -9.9538980E-04  1.9502987E-03 -2.9456885E-03
    1386  2.0130606E+03  1.3441266E+00  1.0018634E+00  3.4226322E-01  3.2199533E-01  2.8610688E-01  3.5888454E-02 -9.6440429E-04  1.9481960E-03 -2.9126003E-03
    1387  2.0130700E+03  1.3442954E+00  1.0020128E+00  3.4228260E-01  3.2252072E-01  2.8638771E-01  3.6133011E-02 -9.2743206E-04  1.9517766E-03 -2.8792087E-03
    1388  2.0130794E+03  1.3444584E+00  1.0021574E+00  3.4230100E-01  3.2298509E-01  2.8661122E-01  3.6373870E-02 -8.9081836E-04  1.9546736E-03 -2.8454920E-03
    1389  2.0130889E+03  1.3446227E+00  1.0023018E+00  3.4232090E-01  3.2348569E-01  2.8687013E-01  3.6615556E-02 -8.5575396E-04  1.9557196E-03 -2.8114736E-03
    1390  2.0130983E+03  1.3447828E+00  1.0024433E+00  3.4233953E-01  3.2386761E-01  2.8702022E-01  3.6847390E-02 -8.1915974E-04  1.9579494E-03 -2.7771092E-03
    1391  2.0131077E+03  1.3449457E+00  1.0025867E+00  3.4235897E-01  3.2433273E-01  2.8725146E-01  3.7081270E-02 -7.8360629E-04  1.9588847E-03 -2.7424910E-03
    1392  2.0131171E+03  1.3451009E+00  1.0027232E+00  3.4237770E-01  3.2463479E-01  2.8732801E-01  3.7306780E-02 -7.4418985E-04  1.9633399E-03 -2.7075298E-03
    1393  2.0131266E+03  1.3452605E+00  1.0028636E+00  3.4239691E-01  3.2501438E-01  2.8748361E-01  3.7530772E-02 -7.0780054E-04  1.9644467E-03 -2.6722473E-03
    1394  2.0131360E+03  1.3454139E+00  1.0029981E+00  3.4241583E-01  3.2530058E-01  2.8755132E-01  3.7749268E-02 -6.7042846E-04  1.9662982E-03 -2.6367266E-03
    1395  2.0131454E+03  1.3455662E+00  1.0031317E+00  3.4243454E-01  3.2555960E-01  2.8759226E-01  3.7967344E-02 -6.3221660E-04  1.9686587E-03 -2.6008753E-03
    1396  2.0131548E+03  1.3457207E+00  1.0032669E+00  3.4245379E-01  3.2583945E-01  2.8765866E-01  3.8180788E-02 -5.9342449E-04  1.9712384E-03 -2.5646629E-03
    1397  2.0131643E+03  1.3458628E+00  1.0033904E+00  3.4247237E-01  3.2598731E-01  2.8759889E-01  3.8388421E-02 -5.5608061E-04  1.9721408E-03 -2.5282214E-03
    1398  2.0131737E+03  1.3460206E+00  1.0035284E+00  3.4249217E-01  3.2623033E-01  2.8763417E-01  3.8596160E-02 -5.1733059E-04  1.9741505E-03 -2.4914811E-03
    1399  2.0131831E+03  1.3461575E+00  1.0036477E+00  3.4250986E-01  3.2635964E-01  2.8756399E-01  3.8795651E-02 -4.7705667E-04  1.9774364E-03 -2.4544931E-03
    1400  2.0131925E+03  1.3463024E+00  1.0037727E+00  3.4252968E-01  3.2643036E-01  2.8743431E-01  3.8996057E-02 -4.3834643E-04  1.9788142E-03 -2.4171606E-03
    1401  2.0132020E+03  1.3464455E+00  1.0038970E+00  3.4254853E-01  3.2658117E-01  2.8738864E-01  3.9192524E-02 -3.9838906E-04  1.9811356E-03 -2.3795247E-03
    1402  2.0132114E+03  1.3465815E+00  1.0040151E+00  3.4256645E-01  3.2658345E-01  2.8720666E-01  3.9376784E-02 -3.5914035E-04  1.9825705E-03 -2.3417109E-03
    1403  2.0132208E+03  1.3467178E+00  1.0041322E+00  3.4258562E-01  3.2662199E-01  2.8705305E-01  3.9568936E-02 -3.1769401E-04  1.9859635E-03 -2.3036575E-03
    1404  2.0132302E+03  1.3468540E+00  1.0042504E+00  3.4260367E-01  3.2661143E-01  2.8686284E-01  3.9748587E-02 -2.8105972E-04  1.9841363E-03 -2.2651960E-03
    1405  2.0132396E+03  1.3469857E+00  1.0043638E+00  3.4262197E-01  3.2657186E-01  2.8664233E-01  3.9929529E-02 -2.3648148E-04  1.9901178E-03 -2.2265993E-03
    1406  2.0132491E+03  1.3471103E+00  1.0044691E+00  3.4264118E-01  3.2647418E-01  2.8636756E-01  4.0106615E-02 -1.9642623E-04  1.9912271E-03 -2.1876534E-03
    1407  2.0132585E+03  1.3472448E+00  1.0045858E+00  3.4265905E-01  3.2640277E-01  2.8612906E-01  4.0273709E-02 -1.5782353E-04  1.9906543E-03 -2.1484778E-03
    1408  2.0132679E+03  1.3473638E+00  1.0046869E+00  3.4267690E-01  3.2625111E-01  2.8580876E-01  4.0442350E-02 -1.1247142E-04  1.9966893E-03 -2.1091607E-03
    1409  2.0132773E+03  1.3474806E+00  1.0047850E+00  3.4269553E-01  3.2604254E-01  2.8543413E-01  4.0608407E-02 -7.1534374E-05  1.9978978E-03 -2.0694321E-03
    1410  2.0132868E+03  1.3476112E+00  1.0048977E+00  3.4271352E-01  3.2592812E-01  2.8515696E-01  4.0771169E-02 -3.0670026E-05  1.9987889E-03 -2.0294589E-03
    1411  2.0132962E+03  1.3477134E+00  1.0049834E+00  3.4273000E-01  3.2560151E-01  2.8468473E-01  4.0916781E-02  1.3049836E-05  2.0023952E-03 -1.9893454E-03
    1412  2.0133056E+03  1.3478407E+00  1.0050923E+00  3.4274836E-01  3.2541244E-01  2.8433910E-01  4.1073336E-02  5.2354847E-05  2.0014433E-03 -1.9490884E-03
    1413  2.0133150E+03  1.3479411E+00  1.0051756E+00  3.4276558E-01  3.2507039E-01  2.8384943E-01  4.1220963E-02  9.7592552E-05  2.0060503E-03 -1.9084578E-03
    1414  2.0133245E+03  1.3480548E+00  1.0052720E+00  3.4278288E-01  3.2477007E-01  2.8340437E-01  4.1365699E-02  1.3754783E-04  2.0051245E-03 -1.8675767E-03
    1415  2.0133339E+03  1.3481580E+00  1.0053582E+00  3.4279985E-01  3.2441546E-01  2.8291401E-01  4.1501453E-02  1.8143485E-04  2.0079899E-03 -1.8265551E-03
    1416  2.0133433E+03  1.3482587E+00  1.0054421E+00  3.4281669E-01  3.2400290E-01  2.8236599E-01  4.1636908E-02  2.2633595E-04  2.0117230E-03 -1.7853870E-03
    1417  2.0133527E+03  1.3483590E+00  1.0055252E+00  3.4283378E-01  3.2359814E-01  2.8182622E-01  4.1771924E-02  2.6749577E-04  2.0113894E-03 -1.7438936E-03
    1418  2.0133621E+03  1.3484550E+00  1.0056052E+00  3.4284979E-01  3.2315180E-01  2.8125398E-01  4.1897829E-02  3.1120151E-04  2.0133586E-03 -1.7021571E-03
    1419  2.0133716E+03  1.3485498E+00  1.0056833E+00  3.4286645E-01  3.2267177E-01  2.8065133E-01  4.2020439E-02  3.5677791E-04  2.0171029E-03 -1.6603250E-03
    1420  2.0133810E+03  1.3486354E+00  1.0057528E+00  3.4288258E-01  3.2213027E-01  2.7998846E-01  4.2141809E-02  3.9727310E-04  2.0155368E-03 -1.6182637E-03
    1421  2.0133904E+03  1.3487302E+00  1.0058310E+00  3.4289920E-01  3.2163190E-01  2.7937219E-01  4.2259713E-02  4.4415760E-04  2.0200976E-03 -1.5759400E-03
    1422  2.0133998E+03  1.3488069E+00  1.0058929E+00  3.4291405E-01  3.2103169E-01  2.7866678E-01  4.2364910E-02  4.8739480E-04  2.0208880E-03 -1.5334932E-03
    1423  2.0134093E+03  1.3488939E+00  1.0059635E+00  3.4293038E-01  3.2042457E-01  2.7795241E-01  4.2472165E-02  5.3146527E-04  2.0223814E-03 -1.4909161E-03
    1424  2.0134187E+03  1.3489675E+00  1.0060222E+00  3.4294533E-01  3.1979854E-01  2.7722051E-01  4.2578024E-02  5.7773937E-04  2.0258017E-03 -1.4480624E-03
    1425  2.0134281E+03  1.3490417E+00  1.0060811E+00  3.4296056E-01  3.1912487E-01  2.7645035E-01  4.2674517E-02  6.2124842E-04  2.0262384E-03 -1.4049900E-03
    1426  2.0134375E+03  1.3491121E+00  1.0061367E+00  3.4297538E-01  3.1841672E-01  2.7564732E-01  4.2769401E-02  6.6607587E-04  2.0279066E-03 -1.3618308E-03
    1427  2.0134470E+03  1.3491835E+00  1.0061933E+00  3.4299015E-01  3.1772035E-01  2.7486076E-01  4.2859587E-02  7.1254267E-04  2.0310374E-03 -1.3184948E-03
    1428  2.0134564E+03  1.3492440E+00  1.0062401E+00  3.4300391E-01  3.1692588E-01  2.7398241E-01  4.2943471E-02  7.5522163E-04  2.0302160E-03 -1.2749944E-03
    1429  2.0134658E+03  1.3493093E+00  1.0062905E+00  3.4301883E-01  3.1616169E-01  2.7313296E-01  4.3028735E-02  8.0527480E-04  2.0365732E-03 -1.2312984E-03
    1430  2.0134752E+03  1.3493649E+00  1.0063323E+00  3.4303263E-01  3.1532911E-01  2.7222102E-01  4.3108095E-02  8.4545972E-04  2.0328552E-03 -1.1873955E-03
    1431  2.0134846E+03  1.3494220E+00  1.0063757E+00  3.4304632E-01  3.1449679E-01  2.7131469E-01  4.3182101E-02  8.9403092E-04  2.0373904E-03 -1.1433595E-03
    1432  2.0134941E+03  1.3494708E+00  1.0064112E+00  3.4305962E-01  3.1360116E-01  2.7035166E-01  4.3249504E-02  9.3995327E-04  2.0392010E-03 -1.0992477E-03
    1433  2.0135035E+03  1.3495196E+00  1.0064468E+00  3.4307278E-01  3.1269778E-01  2.6938181E-01  4.3315966E-02  9.8386787E-04  2.0388749E-03 -1.0550070E-03
    1434  2.0135129E+03  1.3495639E+00  1.0064782E+00  3.4308567E-01  3.1175618E-01  2.6837749E-01  4.3378695E-02  1.0307376E-03  2.0413019E-03 -1.0105642E-03
    1435  2.0135223E+03  1.3496055E+00  1.0065072E+00  3.4309835E-01  3.1079511E-01  2.6735859E-01  4.3436523E-02  1.0782341E-03  2.0442008E-03 -9.6596669E-04
    1436  2.0135318E+03  1.3496416E+00  1.0065311E+00  3.4311054E-01  3.0978843E-01  2.6630063E-01  4.3487800E-02  1.1230661E-03  2.0443302E-03 -9.2126410E-04
    1437  2.0135412E+03  1.3496756E+00  1.0065532E+00  3.4312240E-01  3.0875812E-01  2.6522118E-01  4.3536944E-02  1.1701971E-03  2.0466603E-03 -8.7646325E-04
    1438  2.0135506E+03  1.3497077E+00  1.0065733E+00  3.4313438E-01  3.0770937E-01  2.6412488E-01  4.3584487E-02  1.2163830E-03  2.0478822E-03 -8.3149921E-04
    1439  2.0135600E+03  1.3497345E+00  1.0065887E+00  3.4314577E-01  3.0662502E-01  2.6300048E-01  4.3624538E-02  1.2624040E-03  2.0487978E-03 -7.8639375E-04
    1440  2.0135695E+03  1.3497614E+00  1.0066043E+00  3.4315715E-01  3.0552162E-01  2.6185915E-01  4.3662465E-02  1.3102429E-03  2.0514752E-03 -7.4123235E-04
    1441  2.0135789E+03  1.3497701E+00  1.0066023E+00  3.4316786E-01  3.0431054E-01  2.6061607E-01  4.3694466E-02  1.3565677E-03  2.0524487E-03 -6.9588105E-04
    1442  2.0135883E+03  1.3498027E+00  1.0066239E+00  3.4317886E-01  3.0323370E-01  2.5950879E-01  4.3724916E-02  1.4045448E-03  2.0549872E-03 -6.5044242E-04
    1443  2.0135977E+03  1.3498049E+00  1.0066172E+00  3.4318774E-01  3.0196515E-01  2.5822478E-01  4.3740374E-02  1.4509856E-03  2.0559947E-03 -6.0500906E-04
    1444  2.0136072E+03  1.3498148E+00  1.0066166E+00  3.4319817E-01  3.0073779E-01  2.5697362E-01  4.3764166E-02  1.4982909E-03  2.0577749E-03 -5.5948409E-04
    1445  2.0136166E+03  1.3498248E+00  1.0066169E+00  3.4320793E-01  2.9950465E-01  2.5572726E-01  4.3777389E-02  1.5447179E-03  2.0584110E-03 -5.1369314E-04
    1446  2.0136260E+03  1.3498229E+00  1.0066062E+00  3.4321670E-01  2.9816612E-01  2.5437780E-01  4.3788321E-02  1.5920133E-03  2.0599815E-03 -4.6796815E-04
    1447  2.0136354E+03  1.3498283E+00  1.0066026E+00  3.4322576E-01  2.9691723E-01  2.5312054E-01  4.3796694E-02  1.6394208E-03  2.0615566E-03 -4.2213587E-04
    1448  2.0136448E+03  1.3498157E+00  1.0065815E+00  3.4323421E-01  2.9551297E-01  2.5171507E-01  4.3797896E-02  1.6862912E-03  2.0625345E-03 -3.7624328E-04
    1449  2.0136543E+03  1.3498147E+00  1.0065713E+00  3.4324346E-01  2.9417514E-01  2.5037347E-01  4.3801668E-02  1.7338670E-03  2.0640419E-03 -3.3017486E-04
    1450  2.0136637E+03  1.3497969E+00  1.0065466E+00  3.4325030E-01  2.9274675E-01  2.4895457E-01  4.3792185E-02  1.7815238E-03  2.0655886E-03 -2.8406482E-04
    1451  2.0136731E+03  1.3497892E+00  1.0065314E+00  3.4325784E-01  2.9134299E-01  2.4756418E-01  4.3778808E-02  1.8282929E-03  2.0662908E-03 -2.3799790E-04
    1452  2.0136825E+03  1.3497608E+00  1.0064956E+00  3.4326517E-01  2.8985682E-01  2.4608851E-01  4.3768311E-02  1.8766129E-03  2.0684739E-03 -1.9186107E-04
    1453  2.0136920E+03  1.3497471E+00  1.0064744E+00  3.4327265E-01  2.8839131E-01  2.4463869E-01  4.3752624E-02  1.9228086E-03  2.0683196E-03 -1.4551107E-04
    1454  2.0137014E+03  1.3497152E+00  1.0064370E+00  3.4327819E-01  2.8687895E-01  2.4315481E-01  4.3724141E-02  1.9718616E-03  2.0710317E-03 -9.9170030E-05
    1455  2.0137108E+03  1.3496890E+00  1.0064042E+00  3.4328487E-01  2.8532549E-01  2.4162476E-01  4.3700731E-02  2.0201951E-03  2.0731096E-03 -5.2914536E-05
    1456  2.0137202E+03  1.3496541E+00  1.0063633E+00  3.4329075E-01  2.8377062E-01  2.4009860E-01  4.3672023E-02  2.0664497E-03  2.0729111E-03 -6.4613674E-06
    1457  2.0137297E+03  1.3496220E+00  1.0063255E+00  3.4329646E-01  2.8217602E-01  2.3854055E-01  4.3635470E-02  2.1150992E-03  2.0750603E-03  4.0038975E-05
    1458  2.0137391E+03  1.3495776E+00  1.0062769E+00  3.4330074E-01  2.8055318E-01  2.3695862E-01  4.3594557E-02  2.1636772E-03  2.0772101E-03  8.6467091E-05
    1459  2.0137485E+03  1.3495382E+00  1.0062322E+00  3.4330596E-01  2.7890067E-01  2.3534810E-01  4.3552565E-02  2.2087263E-03  2.0758007E-03  1.3292555E-04
    1460  2.0137579E+03  1.3494875E+00  1.0061770E+00  3.4331047E-01  2.7723355E-01  2.3372746E-01  4.3506091E-02  2.2585764E-03  2.0790889E-03  1.7948751E-04
    1461  2.0137673E+03  1.3494419E+00  1.0061275E+00  3.4331439E-01  2.7553363E-01  2.3207895E-01  4.3454674E-02  2.3053954E-03  2.0793308E-03  2.2606453E-04
    1462  2.0137768E+03  1.3493861E+00  1.0060684E+00  3.4331778E-01  2.7381531E-01  2.3041753E-01  4.3397778E-02  2.3533160E-03  2.0807008E-03  2.7261519E-04
    1463  2.0137862E+03  1.3493269E+00  1.0060052E+00  3.4332167E-01  2.7202905E-01  2.2868953E-01  4.3339523E-02  2.4015110E-03  2.0823175E-03  3.1919355E-04
    1464  2.0137956E+03  1.3492706E+00  1.0059465E+00  3.4332410E-01  2.7029415E-01  2.2701890E-01  4.3275259E-02  2.4472162E-03  2.0813793E-03  3.6583689E-04
    1465  2.0138050E+03  1.3492073E+00  1.0058809E+00  3.4332643E-01  2.6846882E-01  2.2526617E-01  4.3202648E-02  2.4987479E-03  2.0863954E-03  4.1235249E-04
    1466  2.0138145E+03  1.3491350E+00  1.0058064E+00  3.4332863E-01  2.6662676E-01  2.2349492E-01  4.3131832E-02  2.5415674E-03  2.0827023E-03  4.5886507E-04
    1467  2.0138239E+03  1.3490717E+00  1.0057420E+00  3.4332967E-01  2.6480406E-01  2.2175197E-01  4.3052089E-02  2.5917870E-03  2.0862712E-03  5.0551587E-04
    1468  2.0138333E+03  1.3489946E+00  1.0056624E+00  3.4333221E-01  2.6289439E-01  2.1991930E-01  4.2975098E-02  2.6382210E-03  2.0862407E-03  5.5198026E-04
    1469  2.0138427E+03  1.3489209E+00  1.0055885E+00  3.4333242E-01  2.6101578E-01  2.1812835E-01  4.2887434E-02  2.6857240E-03  2.0871606E-03  5.9856331E-04
    1470  2.0138522E+03  1.3488367E+00  1.0055033E+00  3.4333338E-01  2.5905696E-01  2.1625501E-01  4.2801946E-02  2.7329729E-03  2.0879137E-03  6.4505918E-04
    1471  2.0138616E+03  1.3487581E+00  1.0054239E+00  3.4333425E-01  2.5713459E-01  2.1442450E-01  4.2710091E-02  2.7819719E-03  2.0903404E-03  6.9163154E-04
    1472  2.0138710E+03  1.3486655E+00  1.0053328E+00  3.4333278E-01  2.5512633E-01  2.1251621E-01  4.2610119E-02  2.8278869E-03  2.0898035E-03  7.3808341E-04
    1473  2.0138804E+03  1.3485879E+00  1.0052537E+00  3.4333429E-01  2.5315523E-01  2.1064278E-01  4.2512454E-02  2.8767238E-03  2.0922207E-03  7.8450306E-04
    1474  2.0138898E+03  1.3484812E+00  1.0051488E+00  3.4333238E-01  2.5109849E-01  2.0869140E-01  4.2407088E-02  2.9237973E-03  2.0928583E-03  8.3093899E-04
    1475  2.0138993E+03  1.3484008E+00  1.0050691E+00  3.4333165E-01  2.4907503E-01  2.0677942E-01  4.2295610E-02  2.9718041E-03  2.0944576E-03  8.7734651E-04
    1476  2.0139087E+03  1.3482917E+00  1.0049620E+00  3.4332972E-01  2.4698250E-01  2.0480113E-01  4.2181371E-02  3.0187067E-03  2.0951120E-03  9.2359471E-04
    1477  2.0139181E+03  1.3481946E+00  1.0048674E+00  3.4332728E-01  2.4488796E-01  2.0282224E-01  4.2065726E-02  3.0660737E-03  2.0961990E-03  9.6987464E-04
    1478  2.0139275E+03  1.3480909E+00  1.0047650E+00  3.4332590E-01  2.4277496E-01  2.0083173E-01  4.1943227E-02  3.1112767E-03  2.0951198E-03  1.0161569E-03
    1479  2.0139370E+03  1.3479807E+00  1.0046586E+00  3.4332209E-01  2.4062313E-01  1.9880639E-01  4.1816736E-02  3.1597126E-03  2.0974706E-03  1.0622421E-03
    1480  2.0139464E+03  1.3478742E+00  1.0045551E+00  3.4331909E-01  2.3845318E-01  1.9676598E-01  4.1687198E-02  3.2043347E-03  2.0960249E-03  1.1083098E-03
    1481  2.0139558E+03  1.3477588E+00  1.0044431E+00  3.4331571E-01  2.3628563E-01  1.9473031E-01  4.1555321E-02  3.2536168E-03  2.0992602E-03  1.1543567E-03
    1482  2.0139652E+03  1.3476447E+00  1.0043324E+00  3.4331226E-01  2.3403953E-01  1.9262283E-01  4.1416694E-02  3.2981949E-03  2.0979086E-03  1.2002863E-03
    1483  2.0139747E+03  1.3475254E+00  1.0042168E+00  3.4330863E-01  2.3183576E-01  1.9055880E-01  4.1276964E-02  3.3465761E-03  2.1004365E-03  1.2461396E-03
    1484  2.0139841E+03  1.3474069E+00  1.0041033E+00  3.4330354E-01  2.2956336E-01  1.8843241E-01  4.1130945E-02  3.3915924E-03  2.0996487E-03  1.2919437E-03
    1485  2.0139935E+03  1.3472825E+00  1.0039846E+00  3.4329795E-01  2.2729711E-01  1.8631796E-01  4.0979149E-02  3.4393747E-03  2.1017154E-03  1.3376593E-03
    1486  2.0140029E+03  1.3471543E+00  1.0038609E+00  3.4329331E-01  2.2498709E-01  1.8415727E-01  4.0829820E-02  3.4837091E-03  2.1004836E-03  1.3832255E-03
    1487  2.0140124E+03  1.3470301E+00  1.0037418E+00  3.4328824E-01  2.2266312E-01  1.8198845E-01  4.0674667E-02  3.5323600E-03  2.1035428E-03  1.4288172E-03
    1488  2.0140218E+03  1.3468949E+00  1.0036131E+00  3.4328176E-01  2.2034367E-01  1.7983389E-01  4.0509775E-02  3.5784423E-03  2.1041819E-03  1.4742604E-03
    1489  2.0140312E+03  1.3467627E+00  1.0034875E+00  3.4327517E-01  2.1795124E-01  1.7760548E-01  4.0345766E-02  3.6227203E-03  2.1032082E-03  1.5195121E-03
    1490  2.0140406E+03  1.3466265E+00  1.0033575E+00  3.4326903E-01  2.1559334E-01  1.7541437E-01  4.0178976E-02  3.6710038E-03  2.1062122E-03  1.5647916E-03
    1491  2.0140500E+03  1.3464919E+00  1.0032308E+00  3.4326116E-01  2.1318253E-01  1.7318015E-01  4.0002377E-02  3.7146924E-03  2.1047795E-03  1.6099128E-03
    1492  2.0140595E+03  1.3463467E+00  1.0030930E+00  3.4325377E-01  2.1075181E-01  1.7092688E-01  3.9824931E-02  3.7586078E-03  2.1037816E-03  1.6548262E-03
    1493  2.0140689E+03  1.3462062E+00  1.0029598E+00  3.4324641E-01  2.0830382E-01  1.6865613E-01  3.9647692E-02  3.8065445E-03  2.1068917E-03  1.6996528E-03
    1494  2.0140783E+03  1.3460617E+00  1.0028231E+00  3.4323858E-01  2.0585500E-01  1.6639046E-01  3.9464537E-02  3.8485766E-03  2.1041111E-03  1.7444655E-03
    1495  2.0140877E+03  1.3459146E+00  1.0026851E+00  3.4322950E-01  2.0336667E-01  1.6409291E-01  3.9273757E-02  3.8959329E-03  2.1068712E-03  1.7890617E-03
    1496  2.0140972E+03  1.3457631E+00  1.0025418E+00  3.4322123E-01  2.0084404E-01  1.6176109E-01  3.9082955E-02  3.9417457E-03  2.1082679E-03  1.8334778E-03
    1497  2.0141066E+03  1.3456163E+00  1.0024041E+00  3.4321215E-01  1.9834892E-01  1.5945871E-01  3.8890211E-02  3.9837075E-03  2.1058520E-03  1.8778555E-03
    1498  2.0141160E+03  1.3454648E+00  1.0022621E+00  3.4320271E-01  1.9581002E-01  1.5712013E-01  3.8689890E-02  4.0320580E-03  2.1099576E-03  1.9221004E-03
    1499  2.0141254E+03  1.3452994E+00  1.0021066E+00  3.4319285E-01  1.9319607E-01  1.5470917E-01  3.8486898E-02  4.0732455E-03  2.1071026E-03  1.9661429E-03
    1500  2.0141349E+03  1.3451557E+00  1.0019728E+00  3.4318296E-01  1.9070118E-01  1.5241787E-01  3.8283306E-02  4.1191505E-03  2.1090785E-03  2.0100720E-03
    1501  2.0141443E+03  1.3449885E+00  1.0018168E+00  3.4317171E-01  1.8804205E-01  1.4997410E-01  3.8067946E-02  4.1640758E-03  2.1102522E-03  2.0538236E-03
    1502  2.0141537E+03  1.3448341E+00  1.0016716E+00  3.4316253E-01  1.8545512E-01  1.4759497E-01  3.7860154E-02  4.2054876E-03  2.1080778E-03  2.0974099E-03
    1503  2.0141631E+03  1.3446712E+00  1.0015206E+00  3.4315058E-01  1.8282296E-01  1.4518313E-01  3.7639830E-02  4.2512165E-03  2.1103052E-03  2.1409113E-03
    1504  2.0141725E+03  1.3445043E+00  1.0013648E+00  3.4313947E-01  1.8015487E-01  1.4273552E-01  3.7419352E-02  4.2938668E-03  2.1096859E-03  2.1841809E-03
    1505  2.0141820E+03  1.3443413E+00  1.0012133E+00  3.4312807E-01  1.7750120E-01  1.4030559E-01  3.7195609E-02  4.3386597E-03  2.1113516E-03  2.2273081E-03
    1506  2.0141914E+03  1.3441800E+00  1.0010638E+00  3.4311620E-01  1.7482601E-01  1.3785812E-01  3.6967891E-02  4.3795187E-03  2.1092552E-03  2.2702635E-03
    1507  2.0142008E+03  1.3440039E+00  1.0009006E+00  3.4310335E-01  1.7211519E-01  1.3537804E-01  3.6737152E-02  4.4231301E-03  2.1100780E-03  2.3130522E-03
    1508  2.0142102E+03  1.3438440E+00  1.0007527E+00  3.4309124E-01  1.6940234E-01  1.3290096E-01  3.6501380E-02  4.4660890E-03  2.1104594E-03  2.3556295E-03
    1509  2.0142197E+03  1.3436674E+00  1.0005884E+00  3.4307902E-01  1.6666412E-01  1.3040102E-01  3.6263098E-02  4.5079604E-03  2.1099192E-03  2.3980412E-03
    1510  2.0142291E+03  1.3434989E+00  1.0004339E+00  3.4306502E-01  1.6392216E-01  1.2790029E-01  3.6021866E-02  4.5506901E-03  2.1104530E-03  2.4402371E-03
    1511  2.0142385E+03  1.3433242E+00  1.0002719E+00  3.4305231E-01  1.6115410E-01  1.2537765E-01  3.5776457E-02  4.5944567E-03  2.1121664E-03  2.4822903E-03
    1512  2.0142479E+03  1.3431533E+00  1.0001148E+00  3.4303850E-01  1.5837383E-01  1.2284727E-01  3.5526559E-02  4.6347783E-03  2.1106646E-03  2.5241138E-03
    1513  2.0142574E+03  1.3429791E+00  9.9995424E-01  3.4302487E-01  1.5558257E-01  1.2030749E-01  3.5275086E-02  4.6775789E-03  2.1118385E-03  2.5657404E-03
    1514  2.0142668E+03  1.3428045E+00  9.9979388E-01  3.4301063E-01  1.5277337E-01  1.1775455E-01  3.5018818E-02  4.7178573E-03  2.1106935E-03  2.6071638E-03
    1515  2.0142762E+03  1.3426242E+00  9.9962802E-01  3.4299614E-01  1.4993929E-01  1.1517983E-01  3.4759458E-02  4.7599011E-03  2.1115125E-03  2.6483886E-03
    1516  2.0142856E+03  1.3424491E+00  9.9946741E-01  3.4298172E-01  1.4710254E-01  1.1260453E-01  3.4498010E-02  4.8004938E-03  2.1110933E-03  2.6894005E-03
    1517  2.0142950E+03  1.3422709E+00  9.9930433E-01  3.4296653E-01  1.4426599E-01  1.1003385E-01  3.4232144E-02  4.8395565E-03  2.1093590E-03  2.7301974E-03
    1518  2.0143045E+03  1.3420941E+00  9.9914199E-01  3.4295216E-01  1.4136342E-01  1.0739931E-01  3.3964102E-02  4.8840217E-03  2.1132406E-03  2.7707811E-03
    1519  2.0143139E+03  1.3419132E+00  9.9897661E-01  3.4293664E-01  1.3851627E-01  1.0482405E-01  3.3692215E-02  4.9213945E-03  2.1102280E-03  2.8111665E-03
    1520  2.0143233E+03  1.3417372E+00  9.9881574E-01  3.4292151E-01  1.3560633E-01  1.0218989E-01  3.3416439E-02  4.9617459E-03  2.1104835E-03  2.8512624E-03
    1521  2.0143327E+03  1.3415524E+00  9.9864724E-01  3.4290521E-01  1.3269874E-01  9.9559930E-02  3.3138812E-02  5.0020369E-03  2.1108696E-03  2.8911673E-03
    1522  2.0143422E+03  1.3413765E+00  9.9848667E-01  3.4288979E-01  1.2978606E-01  9.6929214E-02  3.2856850E-02  5.0419816E-03  2.1111242E-03  2.9308574E-03
    1523  2.0143516E+03  1.3411954E+00  9.9832199E-01  3.4287344E-01  1.2685446E-01  9.4282384E-02  3.2572073E-02  5.0810962E-03  2.1108243E-03  2.9702719E-03
    1524  2.0143610E+03  1.3410108E+00  9.9815422E-01  3.4285656E-01  1.2389594E-01  9.1612159E-02  3.2283781E-02  5.1182402E-03  2.1087663E-03  3.0094738E-03
    1525  2.0143704E+03  1.3408336E+00  9.9799284E-01  3.4284081E-01  1.2094615E-01  8.8953326E-02  3.1992824E-02  5.1599767E-03  2.1115444E-03  3.0484323E-03
    1526  2.0143799E+03  1.3406525E+00  9.9782888E-01  3.4282367E-01  1.1798629E-01  8.6286802E-02  3.1699483E-02  5.1952110E-03  2.1081120E-03  3.0870989E-03
    1527  2.0143893E+03  1.3404699E+00  9.9766311E-01  3.4280680E-01  1.1498946E-01  8.3587320E-02  3.1402141E-02  5.2364268E-03  2.1108632E-03  3.1255637E-03
    1528  2.0143987E+03  1.3402908E+00  9.9750115E-01  3.4278969E-01  1.1201837E-01  8.0917231E-02  3.1101144E-02  5.2717576E-03  2.1079989E-03  3.1637587E-03
    1529  2.0144081E+03  1.3401085E+00  9.9733594E-01  3.4277256E-01  1.0900528E-01  7.8206626E-02  3.0798657E-02  5.3114645E-03  2.1098251E-03  3.2016394E-03
    1530  2.0144175E+03  1.3399266E+00  9.9717122E-01  3.4275535E-01  1.0597258E-01  7.5479181E-02  3.0493395E-02  5.3452947E-03  2.1059596E-03  3.2393351E-03
    1531  2.0144270E+03  1.3397482E+00  9.9701102E-01  3.4273717E-01  1.0299744E-01  7.2812962E-02  3.0184475E-02  5.3858016E-03  2.1090470E-03  3.2767546E-03
    1532  2.0144364E+03  1.3395697E+00  9.9684938E-01  3.4272028E-01  9.9914571E-02  7.0044767E-02  2.9869804E-02  5.4218638E-03  2.1080028E-03  3.3138610E-03
    1533  2.0144458E+03  1.3393856E+00  9.9668375E-01  3.4270181E-01  9.6899100E-02  6.7342092E-02  2.9557008E-02  5.4581841E-03  2.1074843E-03  3.3506999E-03
    1534  2.0144552E+03  1.3392120E+00  9.9652781E-01  3.4268423E-01  9.3836700E-02  6.4598359E-02  2.9238341E-02  5.4940932E-03  2.1067966E-03  3.3872966E-03
    1535  2.0144647E+03  1.3390254E+00  9.9635901E-01  3.4266634E-01  9.0772828E-02  6.1853720E-02  2.8919108E-02  5.5316705E-03  2.1080350E-03  3.4236356E-03
    1536  2.0144741E+03  1.3388533E+00  9.9620502E-01  3.4264828E-01  8.7711659E-02  5.9115691E-02  2.8595968E-02  5.5649525E-03  2.1052685E-03  3.4596840E-03
    1537  2.0144835E+03  1.3386769E+00  9.9604724E-01  3.4262964E-01  8.4628358E-02  5.6358070E-02  2.8270289E-02  5.6025600E-03  2.1071519E-03  3.4954080E-03
    1538  2.0144929E+03  1.3384952E+00  9.9588458E-01  3.4261060E-01  8.1530282E-02  5.3589997E-02  2.7940285E-02  5.6352285E-03  2.1043704E-03  3.5308582E-03
    1539  2.0145024E+03  1.3383264E+00  9.9573338E-01  3.4259303E-01  7.8458245E-02  5.0849121E-02  2.7609124E-02  5.6705577E-03  2.1045694E-03  3.5659883E-03
    1540  2.0145118E+03  1.3381448E+00  9.9557130E-01  3.4257353E-01  7.5333988E-02  4.8059484E-02  2.7274504E-02  5.7061691E-03  2.1053280E-03  3.6008411E-03
    1541  2.0145212E+03  1.3379727E+00  9.9541694E-01  3.4255580E-01  7.2224316E-02  4.5284599E-02  2.6939717E-02  5.7371540E-03  2.1017239E-03  3.6354300E-03
    1542  2.0145306E+03  1.3378026E+00  9.9526556E-01  3.4253703E-01  6.9113336E-02  4.2512096E-02  2.6601240E-02  5.7728057E-03  2.1031209E-03  3.6696849E-03
    1543  2.0145401E+03  1.3376255E+00  9.9510776E-01  3.4251770E-01  6.5983097E-02  3.9723543E-02  2.6259554E-02  5.8059620E-03  2.1023220E-03  3.7036401E-03
    1544  2.0145495E+03  1.3374604E+00  9.9496085E-01  3.4249957E-01  6.2852629E-02  3.6938615E-02  2.5914014E-02  5.8381454E-03  2.1008545E-03  3.7372908E-03
    1545  2.0145589E+03  1.3372869E+00  9.9480760E-01  3.4247935E-01  5.9714557E-02  3.4146514E-02  2.5568042E-02  5.8705091E-03  2.0999275E-03  3.7705816E-03
    1546  2.0145683E+03  1.3371215E+00  9.9466041E-01  3.4246111E-01  5.6571644E-02  3.1354173E-02  2.5217472E-02  5.9034102E-03  2.0997894E-03  3.8036208E-03
    1547  2.0145777E+03  1.3369526E+00  9.9451063E-01  3.4244200E-01  5.3421117E-02  2.8555280E-02  2.4865838E-02  5.9356217E-03  2.0993342E-03  3.8362875E-03
    1548  2.0145872E+03  1.3367870E+00  9.9436371E-01  3.4242329E-01  5.0266524E-02  2.5752865E-02  2.4513659E-02  5.9679600E-03  2.0992864E-03  3.8686736E-03
    1549  2.0145966E+03  1.3366249E+00  9.9422114E-01  3.4240372E-01  4.7105949E-02  2.2950469E-02  2.4155481E-02  5.9984604E-03  2.0977140E-03  3.9007464E-03
    1550  2.0146060E+03  1.3364611E+00  9.9407593E-01  3.4238516E-01  4.3938765E-02  2.0141959E-02  2.3796805E-02  6.0310398E-03  2.0985679E-03  3.9324719E-03
    1551  2.0146154E+03  1.3363016E+00  9.9393605E-01  3.4236554E-01  4.0769364E-02  1.7332865E-02  2.3436499E-02  6.0613985E-03  2.0975195E-03  3.9638789E-03
    1552  2.0146249E+03  1.3361414E+00  9.9379453E-01  3.4234688E-01  3.7595935E-02  1.4523378E-02  2.3072557E-02  6.0911866E-03  2.0962232E-03  3.9949634E-03
    1553  2.0146343E+03  1.3359845E+00  9.9365708E-01  3.4232746E-01  3.4416819E-02  1.1709827E-02  2.2706992E-02  6.1212926E-03  2.0956103E-03  4.0256823E-03
    1554  2.0146437E+03  1.3358280E+00  9.9351920E-01  3.4230881E-01  3.1235516E-02  8.8959061E-03  2.2339610E-02  6.1503234E-03  2.0942513E-03  4.0560721E-03
    1555  2.0146531E+03  1.3356739E+00  9.9338474E-01  3.4228918E-01  2.8051981E-02  6.0822297E-03  2.1969752E-02  6.1785312E-03  2.0924147E-03  4.0861166E-03
    1556  2.0146626E+03  1.3355225E+00  9.9325193E-01  3.4227059E-01  2.4861364E-02  3.2642809E-03  2.1597083E-02  6.2080519E-03  2.0922505E-03  4.1158014E-03
    1557  2.0146720E+03  1.3353745E+00  9.9312289E-01  3.4225161E-01  2.1669695E-02  4.4677474E-04  2.1222920E-02  6.2349466E-03  2.0898136E-03  4.1451331E-03
    1558  2.0146814E+03  1.3352260E+00  9.9299361E-01  3.4223242E-01  1.8477304E-02 -2.3701938E-03  2.0847498E-02  6.2641835E-03  2.0900540E-03  4.1741295E-03
    1559  2.0146908E+03  1.3350782E+00  9.9286464E-01  3.4221361E-01  1.5284290E-02 -5.1844350E-03  2.0468725E-02  6.2927170E-03  2.0899175E-03  4.2027995E-03
    1560  2.0147002E+03  1.3349343E+00  9.9273972E-01  3.4219453E-01  1.2085267E-02 -8.0037967E-03  2.0089064E-02  6.3193460E-03  2.0882669E-03  4.2310791E-03
    1561  2.0147097E+03  1.3347976E+00  9.9262142E-01  3.4217616E-01  8.8857922E-03 -1.0821652E-02  1.9707444E-02  6.3456368E-03  2.0866018E-03  4.2590351E-03
    1562  2.0147191E+03  1.3346519E+00  9.9249454E-01  3.4215737E-01  5.6849708E-03 -1.3637681E-02  1.9322652E-02  6.3737277E-03  2.0871098E-03  4.2866179E-03
    1563  2.0147285E+03  1.3345214E+00  9.9238254E-01  3.4213887E-01  2.4926089E-03 -1.6444817E-02  1.8937426E-02  6.3993068E-03  2.0855038E-03  4.3138030E-03
    1564  2.0147379E+03  1.3343810E+00  9.9226083E-01  3.4212022E-01 -7.2189773E-04 -1.9270719E-02  1.8548821E-02  6.4257222E-03  2.0850722E-03  4.3406500E-03
    1565  2.0147474E+03  1.3342528E+00  9.9215101E-01  3.4210182E-01 -3.9130604E-03 -2.2072817E-02  1.8159757E-02  6.4499654E-03  2.0828420E-03  4.3671234E-03
    1566  2.0147568E+03  1.3341214E+00  9.9203835E-01  3.4208307E-01 -7.1228464E-03 -2.4891140E-02  1.7768294E-02  6.4758235E-03  2.0826029E-03  4.3932206E-03
    1567  2.0147662E+03  1.3339947E+00  9.9192911E-01  3.4206563E-01 -1.0320606E-02 -2.7694985E-02  1.7374379E-02  6.5007801E-03  2.0818297E-03  4.4189503E-03
    1568  2.0147756E+03  1.3338709E+00  9.9182409E-01  3.4204684E-01 -1.3522555E-02 -3.0502986E-02  1.6980431E-02  6.5248301E-03  2.0805378E-03  4.4442923E-03
    1569  2.0147851E+03  1.3337472E+00  9.9171823E-01  3.4202899E-01 -1.6723175E-02 -3.3307192E-02  1.6584016E-02  6.5489528E-03  2.0796727E-03  4.4692800E-03
    1570  2.0147945E+03  1.3336294E+00  9.9161826E-01  3.4201112E-01 -1.9919552E-02 -3.6105793E-02  1.6186241E-02  6.5719831E-03  2.0780962E-03  4.4938868E-03
    1571  2.0148039E+03  1.3335119E+00  9.9151854E-01  3.4199332E-01 -2.3114644E-02 -3.8900747E-02  1.5786103E-02  6.5940991E-03  2.0759924E-03  4.5181067E-03
    1572  2.0148133E+03  1.3334004E+00  9.9142473E-01  3.4197572E-01 -2.6318796E-02 -4.1703548E-02  1.5384751E-02  6.6178614E-03  2.0759718E-03  4.5418896E-03
    1573  2.0148227E+03  1.3332863E+00  9.9132720E-01  3.4195906E-01 -2.9502675E-02 -4.4483766E-02  1.4981091E-02  6.6379419E-03  2.0726025E-03  4.5653394E-03
    1574  2.0148322E+03  1.3331784E+00  9.9123728E-01  3.4194117E-01 -3.2698772E-02 -4.7275451E-02  1.4576679E-02  6.6618100E-03  2.0734962E-03  4.5883138E-03
    1575  2.0148416E+03  1.3330750E+00  9.9115087E-01  3.4192416E-01 -3.5891999E-02 -5.0064187E-02  1.4172188E-02  6.6816919E-03  2.0707636E-03  4.6109283E-03
    1576  2.0148510E+03  1.3329716E+00  9.9106500E-01  3.4190656E-01 -3.9066072E-02 -5.2832573E-02  1.3766501E-02  6.7029728E-03  2.0697417E-03  4.6332311E-03
    1577  2.0148604E+03  1.3328706E+00  9.9098020E-01  3.4189044E-01 -4.2247216E-02 -5.5603907E-02  1.3356691E-02  6.7241999E-03  2.0690963E-03  4.6551035E-03
    1578  2.0148699E+03  1.3327765E+00  9.9090251E-01  3.4187403E-01 -4.5433923E-02 -5.8380025E-02  1.2946102E-02  6.7445773E-03  2.0680866E-03  4.6764907E-03
    1579  2.0148793E+03  1.3326825E+00  9.9082559E-01  3.4185690E-01 -4.8605039E-02 -6.1142154E-02  1.2537114E-02  6.7628106E-03  2.0652869E-03  4.6975237E-03
    1580  2.0148887E+03  1.3325914E+00  9.9075020E-01  3.4184122E-01 -5.1770498E-02 -6.3895608E-02  1.2125110E-02  6.7840859E-03  2.0658724E-03  4.7182135E-03
    1581  2.0148981E+03  1.3325028E+00  9.9067787E-01  3.4182494E-01 -5.4937010E-02 -6.6646419E-02  1.1709409E-02  6.8017453E-03  2.0633005E-03  4.7384449E-03
    1582  2.0149076E+03  1.3324230E+00  9.9061329E-01  3.4180974E-01 -5.8103012E-02 -6.9399085E-02  1.1296073E-02  6.8210964E-03  2.0628763E-03  4.7582201E-03
    1583  2.0149170E+03  1.3323371E+00  9.9054356E-01  3.4179349E-01 -6.1255862E-02 -7.2136832E-02  1.0880970E-02  6.8386095E-03  2.0609451E-03  4.7776644E-03
    1584  2.0149264E+03  1.3322632E+00  9.9048466E-01  3.4177852E-01 -6.4388853E-02 -7.4852684E-02  1.0463831E-02  6.8559017E-03  2.0592155E-03  4.7966862E-03
    1585  2.0149358E+03  1.3321865E+00  9.9042320E-01  3.4176327E-01 -6.7556116E-02 -7.7601780E-02  1.0045663E-02  6.8741838E-03  2.0589291E-03  4.8152547E-03
    1586  2.0149453E+03  1.3321160E+00  9.9036804E-01  3.4174793E-01 -7.0676908E-02 -8.0305692E-02  9.6287837E-03  6.8899293E-03  2.0564783E-03  4.8334509E-03
    1587  2.0149547E+03  1.3320464E+00  9.9031291E-01  3.4173354E-01 -7.3818641E-02 -8.3026464E-02  9.2078233E-03  6.9062659E-03  2.0550442E-03  4.8512217E-03
    1588  2.0149641E+03  1.3319838E+00  9.9026442E-01  3.4171942E-01 -7.6932199E-02 -8.5718861E-02  8.7866616E-03  6.9218391E-03  2.0533069E-03  4.8685323E-03
    1589  2.0149735E+03  1.3319245E+00  9.9021972E-01  3.4170478E-01 -8.0049197E-02 -8.8414606E-02  8.3654092E-03  6.9368307E-03  2.0514164E-03  4.8854144E-03
    1590  2.0149829E+03  1.3318616E+00  9.9017076E-01  3.4169084E-01 -8.3174826E-02 -9.1118533E-02  7.9437068E-03  6.9519703E-03  2.0500588E-03  4.9019115E-03
    1591  2.0149924E+03  1.3318086E+00  9.9013118E-01  3.4167743E-01 -8.6253399E-02 -9.3773652E-02  7.5202537E-03  6.9672863E-03  2.0492889E-03  4.9179974E-03
    1592  2.0150018E+03  1.3317587E+00  9.9009440E-01  3.4166435E-01 -8.9368846E-02 -9.6464557E-02  7.0957104E-03  6.9797533E-03  2.0461658E-03  4.9335875E-03
    1593  2.0150112E+03  1.3317108E+00  9.9006019E-01  3.4165066E-01 -9.2441370E-02 -9.9113626E-02  6.6722559E-03  6.9946431E-03  2.0458392E-03  4.9488039E-03
    1594  2.0150206E+03  1.3316648E+00  9.9002671E-01  3.4163810E-01 -9.5526537E-02 -1.0177272E-01  6.2461826E-03  7.0077492E-03  2.0441503E-03  4.9635989E-03
    1595  2.0150301E+03  1.3316275E+00  9.9000188E-01  3.4162565E-01 -9.8577357E-02 -1.0439823E-01  5.8208775E-03  7.0194142E-03  2.0414876E-03  4.9779266E-03
    1596  2.0150395E+03  1.3315869E+00  9.8997464E-01  3.4161227E-01 -1.0165232E-01 -1.0704647E-01  5.3941444E-03  7.0337403E-03  2.0419130E-03  4.9918273E-03
    1597  2.0150489E+03  1.3315519E+00  9.8995080E-01  3.4160112E-01 -1.0470394E-01 -1.0967083E-01  4.9668942E-03  7.0443954E-03  2.0390686E-03  5.0053268E-03
    1598  2.0150583E+03  1.3315283E+00  9.8993918E-01  3.4158911E-01 -1.0772669E-01 -1.1226678E-01  4.5400860E-03  7.0555069E-03  2.0371380E-03  5.0183688E-03
    1599  2.0150678E+03  1.3314930E+00  9.8991518E-01  3.4157784E-01 -1.1077182E-01 -1.1488228E-01  4.1104545E-03  7.0675823E-03  2.0365962E-03  5.0309861E-03
    1600  2.0150772E+03  1.3314724E+00  9.8990542E-01  3.4156698E-01 -1.1379346E-01 -1.1747704E-01  3.6835746E-03  7.0780252E-03  2.0348849E-03  5.0431403E-03
    1601  2.0150866E+03  1.3314543E+00  9.8989861E-01  3.4155571E-01 -1.1678292E-01 -1.2003734E-01  3.2544152E-03  7.0871981E-03  2.0323112E-03  5.0548868E-03
    1602  2.0150960E+03  1.3314392E+00  9.8989382E-01  3.4154536E-01 -1.1979000E-01 -1.2261473E-01  2.8247359E-03  7.0975812E-03  2.0314098E-03  5.0661714E-03
    1603  2.0151054E+03  1.3314250E+00  9.8988904E-01  3.4153600E-01 -1.2277508E-01 -1.2516962E-01  2.3945325E-03  7.1055925E-03  2.0285909E-03  5.0770016E-03
    1604  2.0151149E+03  1.3314155E+00  9.8989038E-01  3.4152516E-01 -1.2575444E-01 -1.2771997E-01  1.9655304E-03  7.1146833E-03  2.0273121E-03  5.0873713E-03
    1605  2.0151243E+03  1.3314101E+00  9.8989323E-01  3.4151682E-01 -1.2871228E-01 -1.3024766E-01  1.5353790E-03  7.1231336E-03  2.0257832E-03  5.0973505E-03
    1606  2.0151337E+03  1.3314099E+00  9.8990330E-01  3.4150664E-01 -1.3165346E-01 -1.3275938E-01  1.1059225E-03  7.1310552E-03  2.0242273E-03  5.1068279E-03
    1607  2.0151431E+03  1.3314079E+00  9.8991024E-01  3.4149763E-01 -1.3461062E-01 -1.3528597E-01  6.7535282E-04  7.1380195E-03  2.0221163E-03  5.1159032E-03
    1608  2.0151526E+03  1.3314166E+00  9.8992726E-01  3.4148938E-01 -1.3751854E-01 -1.3776380E-01  2.4526316E-04  7.1448583E-03  2.0203312E-03  5.1245271E-03
    1609  2.0151620E+03  1.3314205E+00  9.8993965E-01  3.4148085E-01 -1.4044167E-01 -1.4025576E-01 -1.8591010E-04  7.1499378E-03  2.0172672E-03  5.1326706E-03
    1610  2.0151714E+03  1.3314416E+00  9.8996849E-01  3.4147314E-01 -1.4332243E-01 -1.4270656E-01 -6.1587727E-04  7.1566087E-03  2.0162616E-03  5.1403471E-03
    1611  2.0151808E+03  1.3314437E+00  9.8997911E-01  3.4146462E-01 -1.4623984E-01 -1.4519301E-01 -1.0468357E-03  7.1613424E-03  2.0137332E-03  5.1476092E-03
    1612  2.0151903E+03  1.3314748E+00  9.9001551E-01  3.4145931E-01 -1.4907980E-01 -1.4760393E-01 -1.4758688E-03  7.1667378E-03  2.0123331E-03  5.1544047E-03
    1613  2.0151997E+03  1.3314917E+00  9.9004033E-01  3.4145140E-01 -1.5195232E-01 -1.5004541E-01 -1.9069128E-03  7.1713997E-03  2.0106586E-03  5.1607411E-03
    1614  2.0152091E+03  1.3315233E+00  9.9007885E-01  3.4144447E-01 -1.5477945E-01 -1.5244259E-01 -2.3368601E-03  7.1761332E-03  2.0094937E-03  5.1666395E-03
    1615  2.0152185E+03  1.3315422E+00  9.9010284E-01  3.4143939E-01 -1.5762745E-01 -1.5486038E-01 -2.7670699E-03  7.1794537E-03  2.0073718E-03  5.1720819E-03
    1616  2.0152279E+03  1.3315894E+00  9.9015546E-01  3.4143398E-01 -1.6042609E-01 -1.5723008E-01 -3.1960144E-03  7.1824128E-03  2.0053473E-03  5.1770655E-03
    1617  2.0152374E+03  1.3316193E+00  9.9019127E-01  3.4142802E-01 -1.6322791E-01 -1.5960198E-01 -3.6259260E-03  7.1861596E-03  2.0045571E-03  5.1816025E-03
    1618  2.0152468E+03  1.3316584E+00  9.9023614E-01  3.4142224E-01 -1.6600626E-01 -1.6195149E-01 -4.0547788E-03  7.1866786E-03  2.0009963E-03  5.1856823E-03
    1619  2.0152562E+03  1.3317027E+00  9.9028398E-01  3.4141867E-01 -1.6878719E-01 -1.6430316E-01 -4.4840245E-03  7.1888264E-03  1.9995245E-03  5.1893019E-03
    1620  2.0152656E+03  1.3317561E+00  9.9034264E-01  3.4141344E-01 -1.7148854E-01 -1.6657788E-01 -4.9106665E-03  7.1907581E-03  1.9982962E-03  5.1924620E-03
    1621  2.0152751E+03  1.3317969E+00  9.9038827E-01  3.4140860E-01 -1.7428481E-01 -1.6894359E-01 -5.3412239E-03  7.1895646E-03  1.9944007E-03  5.1951639E-03
    1622  2.0152845E+03  1.3318556E+00  9.9044972E-01  3.4140588E-01 -1.7696395E-01 -1.7119818E-01 -5.7657769E-03  7.1904122E-03  1.9930136E-03  5.1973985E-03
    1623  2.0152939E+03  1.3319165E+00  9.9051345E-01  3.4140304E-01 -1.7966321E-01 -1.7346901E-01 -6.1941947E-03  7.1915989E-03  1.9924161E-03  5.1991828E-03
    1624  2.0153033E+03  1.3319740E+00  9.9057357E-01  3.4140038E-01 -1.8234718E-01 -1.7572706E-01 -6.6201173E-03  7.1905903E-03  1.9900872E-03  5.2005031E-03
    1625  2.0153128E+03  1.3320371E+00  9.9064035E-01  3.4139676E-01 -1.8502986E-01 -1.7798359E-01 -7.0462737E-03  7.1877377E-03  1.9863620E-03  5.2013757E-03
    1626  2.0153222E+03  1.3321051E+00  9.9070872E-01  3.4139638E-01 -1.8765804E-01 -1.8018858E-01 -7.4694586E-03  7.1864349E-03  1.9846662E-03  5.2017687E-03
    1627  2.0153316E+03  1.3321801E+00  9.9078604E-01  3.4139408E-01 -1.9025946E-01 -1.8236527E-01 -7.8941940E-03  7.1870775E-03  1.9853542E-03  5.2017234E-03
    1628  2.0153410E+03  1.3322460E+00  9.9085449E-01  3.4139154E-01 -1.9293263E-01 -1.8461294E-01 -8.3196901E-03  7.1805973E-03  1.9793971E-03  5.2012002E-03
    1629  2.0153504E+03  1.3323246E+00  9.9093291E-01  3.4139166E-01 -1.9548237E-01 -1.8674311E-01 -8.7392635E-03  7.1793218E-03  1.9791015E-03  5.2002203E-03
    1630  2.0153599E+03  1.3324164E+00  9.9102528E-01  3.4139107E-01 -1.9804673E-01 -1.8888402E-01 -9.1627088E-03  7.1769659E-03  1.9781816E-03  5.1987843E-03
    1631  2.0153693E+03  1.3324869E+00  9.9109605E-01  3.4139082E-01 -2.0062930E-01 -1.9104465E-01 -9.5846447E-03  7.1711982E-03  1.9743203E-03  5.1968779E-03
    1632  2.0153787E+03  1.3325826E+00  9.9119146E-01  3.4139111E-01 -2.0312984E-01 -1.9312651E-01 -1.0003325E-02  7.1690658E-03  1.9745440E-03  5.1945218E-03
    1633  2.0153881E+03  1.3326625E+00  9.9127154E-01  3.4139099E-01 -2.0567747E-01 -1.9525441E-01 -1.0423059E-02  7.1625608E-03  1.9708461E-03  5.1917147E-03
    1634  2.0153976E+03  1.3327643E+00  9.9137184E-01  3.4139244E-01 -2.0816020E-01 -1.9731913E-01 -1.0841066E-02  7.1567695E-03  1.9683218E-03  5.1884477E-03
    1635  2.0154070E+03  1.3328615E+00  9.9146915E-01  3.4139240E-01 -2.1060004E-01 -1.9934168E-01 -1.1258365E-02  7.1528510E-03  1.9681450E-03  5.1847060E-03
    1636  2.0154164E+03  1.3329482E+00  9.9155375E-01  3.4139449E-01 -2.1311550E-01 -2.0143911E-01 -1.1676389E-02  7.1442430E-03  1.9637432E-03  5.1804998E-03
    1637  2.0154258E+03  1.3330606E+00  9.9166322E-01  3.4139737E-01 -2.1550791E-01 -2.0341959E-01 -1.2088322E-02  7.1389432E-03  1.9630903E-03  5.1758529E-03
    1638  2.0154353E+03  1.3331612E+00  9.9176269E-01  3.4139854E-01 -2.1793073E-01 -2.0542644E-01 -1.2504296E-02  7.1300845E-03  1.9593421E-03  5.1707424E-03
    1639  2.0154447E+03  1.3332708E+00  9.9186862E-01  3.4140216E-01 -2.2030802E-01 -2.0739214E-01 -1.2915878E-02  7.1247262E-03  1.9595734E-03  5.1651528E-03
    1640  2.0154541E+03  1.3333830E+00  9.9197730E-01  3.4140572E-01 -2.2269717E-01 -2.0937012E-01 -1.3327046E-02  7.1156485E-03  1.9565227E-03  5.1591258E-03
    1641  2.0154635E+03  1.3334901E+00  9.9208182E-01  3.4140830E-01 -2.2504498E-01 -2.1130712E-01 -1.3737859E-02  7.1062698E-03  1.9536399E-03  5.1526299E-03
    1642  2.0154730E+03  1.3336146E+00  9.9220069E-01  3.4141390E-01 -2.2733998E-01 -2.1319607E-01 -1.4143902E-02  7.0969908E-03  1.9513006E-03  5.1456902E-03
    1643  2.0154824E+03  1.3337261E+00  9.9230810E-01  3.4141801E-01 -2.2967601E-01 -2.1512472E-01 -1.4551292E-02  7.0886420E-03  1.9503240E-03  5.1383181E-03
    1644  2.0154918E+03  1.3338529E+00  9.9243187E-01  3.4142098E-01 -2.3193810E-01 -2.1697831E-01 -1.4959785E-02  7.0779645E-03  1.9474899E-03  5.1304746E-03
    1645  2.0155012E+03  1.3339740E+00  9.9254731E-01  3.4142664E-01 -2.3421073E-01 -2.1884667E-01 -1.5364055E-02  7.0665535E-03  1.9444477E-03  5.1221058E-03
    1646  2.0155106E+03  1.3340982E+00  9.9266600E-01  3.4143223E-01 -2.3644133E-01 -2.2067587E-01 -1.5765460E-02  7.0570988E-03  1.9437412E-03  5.1133576E-03
    1647  2.0155201E+03  1.3342302E+00  9.9279227E-01  3.4143798E-01 -2.3865293E-01 -2.2248556E-01 -1.6167365E-02  7.0447525E-03  1.9405955E-03  5.1041570E-03
    1648  2.0155295E+03  1.3343623E+00  9.9291889E-01  3.4144341E-01 -2.4084351E-01 -2.2427492E-01 -1.6568590E-02  7.0328825E-03  1.9384183E-03  5.0944641E-03
    1649  2.0155389E+03  1.3344966E+00  9.9304720E-01  3.4144940E-01 -2.4300307E-01 -2.2603513E-01 -1.6967947E-02  7.0209313E-03  1.9366264E-03  5.0843049E-03
    1650  2.0155483E+03  1.3346276E+00  9.9317131E-01  3.4145626E-01 -2.4516797E-01 -2.2780340E-01 -1.7364565E-02  7.0082943E-03  1.9345909E-03  5.0737033E-03
    1651  2.0155578E+03  1.3347742E+00  9.9330999E-01  3.4146419E-01 -2.4726682E-01 -2.2950897E-01 -1.7757851E-02  6.9948650E-03  1.9321686E-03  5.0626965E-03
    1652  2.0155672E+03  1.3349066E+00  9.9343613E-01  3.4147043E-01 -2.4936865E-01 -2.3121624E-01 -1.8152406E-02  6.9815309E-03  1.9302936E-03  5.0512373E-03
    1653  2.0155766E+03  1.3350576E+00  9.9357875E-01  3.4147888E-01 -2.5143444E-01 -2.3288994E-01 -1.8544502E-02  6.9673259E-03  1.9280275E-03  5.0392984E-03
    1654  2.0155860E+03  1.3351956E+00  9.9370839E-01  3.4148721E-01 -2.5348653E-01 -2.3455345E-01 -1.8933077E-02  6.9526656E-03  1.9257502E-03  5.0269153E-03
    1655  2.0155955E+03  1.3353450E+00  9.9384947E-01  3.4149557E-01 -2.5553216E-01 -2.3621002E-01 -1.9322144E-02  6.9375231E-03  1.9234133E-03  5.0141097E-03
    1656  2.0156049E+03  1.3354999E+00  9.9399582E-01  3.4150409E-01 -2.5743893E-01 -2.3773213E-01 -1.9706803E-02  6.9218389E-03  1.9210100E-03  5.0008289E-03
    1657  2.0156143E+03  1.3356463E+00  9.9413312E-01  3.4151319E-01 -2.5951784E-01 -2.3942268E-01 -2.0095160E-02  6.9064780E-03  1.9193842E-03  4.9870938E-03
    1658  2.0156237E+03  1.3357952E+00  9.9427344E-01  3.4152179E-01 -2.6140305E-01 -2.4092940E-01 -2.0473650E-02  6.8888875E-03  1.9159309E-03  4.9729566E-03
    1659  2.0156331E+03  1.3359554E+00  9.9442257E-01  3.4153279E-01 -2.6336346E-01 -2.4250775E-01 -2.0855712E-02  6.8725014E-03  1.9141612E-03  4.9583402E-03
    1660  2.0156426E+03  1.3361169E+00  9.9457498E-01  3.4154196E-01 -2.6520951E-01 -2.4397610E-01 -2.1233407E-02  6.8554120E-03  1.9121148E-03  4.9432973E-03
    1661  2.0156520E+03  1.3362638E+00  9.9471157E-01  3.4155225E-01 -2.6710654E-01 -2.4549589E-01 -2.1610644E-02  6.8372781E-03  1.9094514E-03  4.9278267E-03
    1662  2.0156614E+03  1.3364326E+00  9.9486827E-01  3.4156429E-01 -2.6896181E-01 -2.4697817E-01 -2.1983643E-02  6.8188931E-03  1.9069961E-03  4.9118970E-03
    1663  2.0156708E+03  1.3365939E+00  9.9501947E-01  3.4157447E-01 -2.7074869E-01 -2.4839363E-01 -2.2355055E-02  6.8001800E-03  1.9046434E-03  4.8955366E-03
    1664  2.0156803E+03  1.3367544E+00  9.9516857E-01  3.4158582E-01 -2.7254212E-01 -2.4981628E-01 -2.2725847E-02  6.7825461E-03  1.9037779E-03  4.8787682E-03
    1665  2.0156897E+03  1.3369227E+00  9.9532515E-01  3.4159751E-01 -2.7432287E-01 -2.5122898E-01 -2.3093891E-02  6.7622689E-03  1.9007268E-03  4.8615420E-03
    1666  2.0156991E+03  1.3370832E+00  9.9547378E-01  3.4160938E-01 -2.7603790E-01 -2.5257980E-01 -2.3458098E-02  6.7424331E-03  1.8985324E-03  4.8439007E-03
    1667  2.0157085E+03  1.3372582E+00  9.9563733E-01  3.4162083E-01 -2.7778456E-01 -2.5396164E-01 -2.3822924E-02  6.7227398E-03  1.8969153E-03  4.8258244E-03
    1668  2.0157180E+03  1.3374198E+00  9.9578539E-01  3.4163444E-01 -2.7940859E-01 -2.5522632E-01 -2.4182269E-02  6.7015095E-03  1.8941974E-03  4.8073121E-03
    1669  2.0157274E+03  1.3375942E+00  9.9594767E-01  3.4164648E-01 -2.8113897E-01 -2.5659646E-01 -2.4542508E-02  6.6797325E-03  1.8913669E-03  4.7883656E-03
    1670  2.0157368E+03  1.3377671E+00  9.9610702E-01  3.4166005E-01 -2.8267982E-01 -2.5778283E-01 -2.4896996E-02  6.6598509E-03  1.8908126E-03  4.7690383E-03
    1671  2.0157462E+03  1.3379333E+00  9.9626130E-01  3.4167205E-01 -2.8437530E-01 -2.5912183E-01 -2.5253471E-02  6.6373189E-03  1.8880763E-03  4.7492425E-03
    1672  2.0157556E+03  1.3381170E+00  9.9642978E-01  3.4168724E-01 -2.8585540E-01 -2.6025405E-01 -2.5601351E-02  6.6149134E-03  1.8858542E-03  4.7290591E-03
    1673  2.0157651E+03  1.3382759E+00  9.9657582E-01  3.4170004E-01 -2.8748301E-01 -2.6153062E-01 -2.5952389E-02  6.5911294E-03  1.8826722E-03  4.7084572E-03
    1674  2.0157745E+03  1.3384691E+00  9.9675473E-01  3.4171435E-01 -2.8892625E-01 -2.6262880E-01 -2.6297452E-02  6.5670193E-03  1.8795941E-03  4.6874252E-03
    1675  2.0157839E+03  1.3386284E+00  9.9689951E-01  3.4172886E-01 -2.9047651E-01 -2.6383423E-01 -2.6642284E-02  6.5437372E-03  1.8777896E-03  4.6659477E-03
    1676  2.0157933E+03  1.3388206E+00  9.9707702E-01  3.4174353E-01 -2.9189071E-01 -2.6490950E-01 -2.6981215E-02  6.5192802E-03  1.8751840E-03  4.6440963E-03
    1677  2.0158028E+03  1.3389852E+00  9.9722675E-01  3.4175843E-01 -2.9335294E-01 -2.6603261E-01 -2.7320339E-02  6.4948057E-03  1.8729562E-03  4.6218495E-03
    1678  2.0158122E+03  1.3391727E+00  9.9739940E-01  3.4177326E-01 -2.9472641E-01 -2.6707107E-01 -2.7655340E-02  6.4714326E-03  1.8722591E-03  4.5991736E-03
    1679  2.0158216E+03  1.3393492E+00  9.9756058E-01  3.4178862E-01 -2.9614078E-01 -2.6815066E-01 -2.7990126E-02  6.4440758E-03  1.8680124E-03  4.5760634E-03
    1680  2.0158310E+03  1.3395219E+00  9.9771774E-01  3.4180419E-01 -2.9741929E-01 -2.6910090E-01 -2.8318390E-02  6.4191023E-03  1.8665302E-03  4.5525720E-03
    1681  2.0158405E+03  1.3397145E+00  9.9789460E-01  3.4181993E-01 -2.9881017E-01 -2.7016136E-01 -2.8648805E-02  6.3943641E-03  1.8656914E-03  4.5286726E-03
    1682  2.0158499E+03  1.3398763E+00  9.9804042E-01  3.4183584E-01 -3.0004908E-01 -2.7107907E-01 -2.8970013E-02  6.3664996E-03  1.8620894E-03  4.5044102E-03
    1683  2.0158593E+03  1.3400752E+00  9.9822231E-01  3.4185287E-01 -3.0132682E-01 -2.7203223E-01 -2.9294594E-02  6.3396896E-03  1.8599505E-03  4.4797391E-03
    1684  2.0158687E+03  1.3402461E+00  9.9837829E-01  3.4186785E-01 -3.0255384E-01 -2.7294090E-01 -2.9612936E-02  6.3122958E-03  1.8576536E-03  4.4546422E-03
    1685  2.0158782E+03  1.3404289E+00  9.9854438E-01  3.4188447E-01 -3.0374703E-01 -2.7381617E-01 -2.9930867E-02  6.2864009E-03  1.8572082E-03  4.4291928E-03
    1686  2.0158876E+03  1.3406069E+00  9.9870524E-01  3.4190171E-01 -3.0490091E-01 -2.7465753E-01 -3.0243386E-02  6.2545203E-03  1.8512012E-03  4.4033192E-03
    1687  2.0158970E+03  1.3407913E+00  9.9887268E-01  3.4191863E-01 -3.0607079E-01 -2.7551654E-01 -3.0554248E-02  6.2296741E-03  1.8525864E-03  4.3770876E-03
    1688  2.0159064E+03  1.3409705E+00  9.9903546E-01  3.4193508E-01 -3.0715125E-01 -2.7628971E-01 -3.0861537E-02  6.1989119E-03  1.8484423E-03  4.3504696E-03
    1689  2.0159158E+03  1.3411515E+00  9.9919861E-01  3.4195291E-01 -3.0825744E-01 -2.7709096E-01 -3.1166487E-02  6.1710268E-03  1.8475684E-03  4.3234584E-03
    1690  2.0159253E+03  1.3413306E+00  9.9936078E-01  3.4196987E-01 -3.0928561E-01 -2.7782040E-01 -3.1465206E-02  6.1407124E-03  1.8446173E-03  4.2960951E-03
    1691  2.0159347E+03  1.3415114E+00  9.9952395E-01  3.4198746E-01 -3.1031415E-01 -2.7854858E-01 -3.1765565E-02  6.1111618E-03  1.8427963E-03  4.2683655E-03
    1692  2.0159441E+03  1.3416905E+00  9.9968564E-01  3.4200491E-01 -3.1129747E-01 -2.7923628E-01 -3.2061192E-02  6.0808675E-03  1.8406489E-03  4.2402186E-03
    1693  2.0159535E+03  1.3418717E+00  9.9984890E-01  3.4202281E-01 -3.1226591E-01 -2.7991371E-01 -3.2352194E-02  6.0488884E-03  1.8371819E-03  4.2117065E-03
    1694  2.0159630E+03  1.3420489E+00  1.0000080E+00  3.4204090E-01 -3.1318333E-01 -2.8054301E-01 -3.2640320E-02  6.0178404E-03  1.8349907E-03  4.1828497E-03
    1695  2.0159724E+03  1.3422278E+00  1.0001690E+00  3.4205880E-01 -3.1410875E-01 -2.8118109E-01 -3.2927655E-02  5.9862080E-03  1.8325950E-03  4.1536131E-03
    1696  2.0159818E+03  1.3424013E+00  1.0003245E+00  3.4207683E-01 -3.1489327E-01 -2.8168511E-01 -3.3208154E-02  5.9544878E-03  1.8304841E-03  4.1240037E-03
    1697  2.0159912E+03  1.3425898E+00  1.0004936E+00  3.4209616E-01 -3.1583834E-01 -2.8234810E-01 -3.3490240E-02  5.9223710E-03  1.8283369E-03  4.0940341E-03
    1698  2.0160007E+03  1.3427546E+00  1.0006417E+00  3.4211292E-01 -3.1660122E-01 -2.8283638E-01 -3.3764840E-02  5.8887300E-03  1.8249651E-03  4.0637649E-03
    1699  2.0160101E+03  1.3429344E+00  1.0008019E+00  3.4213252E-01 -3.1731757E-01 -2.8327981E-01 -3.4037765E-02  5.8581312E-03  1.8250822E-03  4.0330490E-03
    1700  2.0160195E+03  1.3431086E+00  1.0009576E+00  3.4215098E-01 -3.1815533E-01 -2.8384613E-01 -3.4309199E-02  5.8243285E-03  1.8222987E-03  4.0020298E-03
    1701  2.0160289E+03  1.3432803E+00  1.0011111E+00  3.4216916E-01 -3.1880349E-01 -2.8423252E-01 -3.4570963E-02  5.7913011E-03  1.8205578E-03  3.9707433E-03
    1702  2.0160383E+03  1.3434562E+00  1.0012677E+00  3.4218850E-01 -3.1950839E-01 -2.8467101E-01 -3.4837381E-02  5.7569572E-03  1.8178974E-03  3.9390598E-03
    1703  2.0160478E+03  1.3436245E+00  1.0014183E+00  3.4220628E-01 -3.2016987E-01 -2.8507352E-01 -3.5096356E-02  5.7231247E-03  1.8161376E-03  3.9069871E-03
    1704  2.0160572E+03  1.3437962E+00  1.0015708E+00  3.4222532E-01 -3.2076384E-01 -2.8541140E-01 -3.5352437E-02  5.6889452E-03  1.8143301E-03  3.8746151E-03
    1705  2.0160666E+03  1.3439679E+00  1.0017228E+00  3.4224506E-01 -3.2137431E-01 -2.8576769E-01 -3.5606627E-02  5.6534495E-03  1.8115388E-03  3.8419107E-03
    1706  2.0160760E+03  1.3441281E+00  1.0018648E+00  3.4226326E-01 -3.2192035E-01 -2.8606715E-01 -3.5853200E-02  5.6181158E-03  1.8092319E-03  3.8088839E-03
    1707  2.0160855E+03  1.3443035E+00  1.0020209E+00  3.4228267E-01 -3.2245324E-01 -2.8635254E-01 -3.6100695E-02  5.5811311E-03  1.8056124E-03  3.7755187E-03
    1708  2.0160949E+03  1.3444626E+00  1.0021608E+00  3.4230185E-01 -3.2294179E-01 -2.8660092E-01 -3.6340868E-02  5.5462226E-03  1.8044236E-03  3.7417990E-03
    1709  2.0161043E+03  1.3446290E+00  1.0023089E+00  3.4232010E-01 -3.2340625E-01 -2.8682713E-01 -3.6579125E-02  5.5102665E-03  1.8024445E-03  3.7078220E-03
    1710  2.0161137E+03  1.3447893E+00  1.0024493E+00  3.4234001E-01 -3.2383736E-01 -2.8702125E-01 -3.6816107E-02  5.4733705E-03  1.7998766E-03  3.6734939E-03
    1711  2.0161232E+03  1.3449517E+00  1.0025931E+00  3.4235863E-01 -3.2424236E-01 -2.8719512E-01 -3.7047236E-02  5.4381597E-03  1.7993112E-03  3.6388485E-03
    1712  2.0161326E+03  1.3451091E+00  1.0027313E+00  3.4237778E-01 -3.2461676E-01 -2.8734279E-01 -3.7273967E-02  5.4002102E-03  1.7963030E-03  3.6039072E-03
    1713  2.0161420E+03  1.3452661E+00  1.0028698E+00  3.4239633E-01 -3.2492561E-01 -2.8742669E-01 -3.7498911E-02  5.3624438E-03  1.7937564E-03  3.5686874E-03
    1714  2.0161514E+03  1.3454198E+00  1.0030040E+00  3.4241576E-01 -3.2526444E-01 -2.8754373E-01 -3.7720706E-02  5.3253426E-03  1.7922316E-03  3.5331110E-03
    1715  2.0161608E+03  1.3455775E+00  1.0031424E+00  3.4243504E-01 -3.2553203E-01 -2.8759645E-01 -3.7935583E-02  5.2859315E-03  1.7886677E-03  3.4972638E-03
    1716  2.0161703E+03  1.3457270E+00  1.0032731E+00  3.4245395E-01 -3.2576478E-01 -2.8761599E-01 -3.8148789E-02  5.2490160E-03  1.7878848E-03  3.4611312E-03
    1717  2.0161797E+03  1.3458738E+00  1.0034012E+00  3.4247261E-01 -3.2596903E-01 -2.8761034E-01 -3.8358688E-02  5.2101486E-03  1.7854616E-03  3.4246870E-03
    1718  2.0161891E+03  1.3460248E+00  1.0035332E+00  3.4249157E-01 -3.2617230E-01 -2.8760720E-01 -3.8565099E-02  5.1717517E-03  1.7837887E-03  3.3879631E-03
    1719  2.0161985E+03  1.3461685E+00  1.0036576E+00  3.4251094E-01 -3.2630215E-01 -2.8753580E-01 -3.8766348E-02  5.1329247E-03  1.7819733E-03  3.3509515E-03
    1720  2.0162080E+03  1.3463141E+00  1.0037847E+00  3.4252939E-01 -3.2642508E-01 -2.8746041E-01 -3.8964672E-02  5.0939651E-03  1.7802966E-03  3.3136685E-03
    1721  2.0162174E+03  1.3464540E+00  1.0039055E+00  3.4254851E-01 -3.2652520E-01 -2.8736501E-01 -3.9160196E-02  5.0537794E-03  1.7776531E-03  3.2761263E-03
    1722  2.0162268E+03  1.3465893E+00  1.0040223E+00  3.4256695E-01 -3.2653924E-01 -2.8718880E-01 -3.9350446E-02  5.0152849E-03  1.7770098E-03  3.2382751E-03
    1723  2.0162362E+03  1.3467333E+00  1.0041476E+00  3.4258569E-01 -3.2660214E-01 -2.8706357E-01 -3.9538573E-02  4.9730578E-03  1.7729260E-03  3.2001318E-03
    1724  2.0162457E+03  1.3468638E+00  1.0042599E+00  3.4260393E-01 -3.2658168E-01 -2.8686132E-01 -3.9720356E-02  4.9334459E-03  1.7716500E-03  3.1617959E-03
    1725  2.0162551E+03  1.3469956E+00  1.0043730E+00  3.4262260E-01 -3.2653215E-01 -2.8663154E-01 -3.9900612E-02  4.8925407E-03  1.7693970E-03  3.1231438E-03
    1726  2.0162645E+03  1.3471225E+00  1.0044820E+00  3.4264050E-01 -3.2645760E-01 -2.8638338E-01 -4.0074217E-02  4.8522100E-03  1.7679744E-03  3.0842356E-03
    1727  2.0162739E+03  1.3472523E+00  1.0045934E+00  3.4265888E-01 -3.2635347E-01 -2.8610516E-01 -4.0248309E-02  4.8107085E-03  1.7655747E-03  3.0451337E-03
    1728  2.0162833E+03  1.3473761E+00  1.0046988E+00  3.4267738E-01 -3.2622305E-01 -2.8580804E-01 -4.0415007E-02  4.7689061E-03  1.7632300E-03  3.0056761E-03
    1729  2.0162928E+03  1.3475007E+00  1.0048056E+00  3.4269506E-01 -3.2606921E-01 -2.8549254E-01 -4.0576665E-02  4.7275539E-03  1.7615134E-03  2.9660405E-03
    1730  2.0163022E+03  1.3476141E+00  1.0049014E+00  3.4271274E-01 -3.2583655E-01 -2.8509901E-01 -4.0737543E-02  4.6847713E-03  1.7585711E-03  2.9262002E-03
    1731  2.0163116E+03  1.3477366E+00  1.0050056E+00  3.4273098E-01 -3.2564628E-01 -2.8475190E-01 -4.0894379E-02  4.6435541E-03  1.7575313E-03  2.8860227E-03
    1732  2.0163210E+03  1.3478449E+00  1.0050969E+00  3.4274798E-01 -3.2534696E-01 -2.8430126E-01 -4.1045706E-02  4.6008042E-03  1.7551280E-03  2.8456762E-03
    1733  2.0163305E+03  1.3479658E+00  1.0051995E+00  3.4276625E-01 -3.2509406E-01 -2.8389934E-01 -4.1194729E-02  4.5602149E-03  1.7551532E-03  2.8050617E-03
    1734  2.0163399E+03  1.3480596E+00  1.0052777E+00  3.4278196E-01 -3.2474287E-01 -2.8340988E-01 -4.1332990E-02  4.5161212E-03  1.7518441E-03  2.7642771E-03
    1735  2.0163493E+03  1.3481788E+00  1.0053783E+00  3.4280055E-01 -3.2439374E-01 -2.8291869E-01 -4.1475047E-02  4.4743010E-03  1.7509727E-03  2.7233282E-03
    1736  2.0163587E+03  1.3482678E+00  1.0054507E+00  3.4281708E-01 -3.2399003E-01 -2.8237899E-01 -4.1611042E-02  4.4297282E-03  1.7476475E-03  2.6820807E-03
    1737  2.0163682E+03  1.3483832E+00  1.0055499E+00  3.4283334E-01 -3.2361263E-01 -2.8186980E-01 -4.1742831E-02  4.3880569E-03  1.7474938E-03  2.6405632E-03
    1738  2.0163776E+03  1.3484651E+00  1.0056145E+00  3.4285061E-01 -3.2312851E-01 -2.8125924E-01 -4.1869269E-02  4.3436293E-03  1.7447017E-03  2.5989276E-03
    1739  2.0163870E+03  1.3485679E+00  1.0057015E+00  3.4286637E-01 -3.2266288E-01 -2.8066892E-01 -4.1993961E-02  4.3000644E-03  1.7429790E-03  2.5570854E-03
    1740  2.0163964E+03  1.3486569E+00  1.0057739E+00  3.4288302E-01 -3.2216446E-01 -2.8004980E-01 -4.2114658E-02  4.2575198E-03  1.7425261E-03  2.5149938E-03
    1741  2.0164059E+03  1.3487371E+00  1.0058379E+00  3.4289923E-01 -3.2157530E-01 -2.7934572E-01 -4.2229588E-02  4.2116230E-03  1.7388967E-03  2.4727264E-03
    1742  2.0164153E+03  1.3488314E+00  1.0059166E+00  3.4291481E-01 -3.2106616E-01 -2.7872391E-01 -4.2342250E-02  4.1682260E-03  1.7379543E-03  2.4302717E-03
    1743  2.0164247E+03  1.3489053E+00  1.0059749E+00  3.4293043E-01 -3.2040915E-01 -2.7795920E-01 -4.2449950E-02  4.1236218E-03  1.7360032E-03  2.3876186E-03
    1744  2.0164341E+03  1.3489875E+00  1.0060418E+00  3.4294577E-01 -3.1980354E-01 -2.7725077E-01 -4.2552768E-02  4.0789668E-03  1.7342306E-03  2.3447363E-03
    1745  2.0164435E+03  1.3490643E+00  1.0061028E+00  3.4296147E-01 -3.1914633E-01 -2.7649238E-01 -4.2653951E-02  4.0330001E-03  1.7312259E-03  2.3017742E-03
    1746  2.0164530E+03  1.3491243E+00  1.0061484E+00  3.4297599E-01 -3.1841097E-01 -2.7566361E-01 -4.2747357E-02  3.9899520E-03  1.7314070E-03  2.2585449E-03
    1747  2.0164624E+03  1.3492077E+00  1.0062168E+00  3.4299091E-01 -3.1774181E-01 -2.7490374E-01 -4.2838069E-02  3.9431579E-03  1.7279910E-03  2.2151668E-03
    1748  2.0164718E+03  1.3492632E+00  1.0062585E+00  3.4300471E-01 -3.1693453E-01 -2.7401164E-01 -4.2922886E-02  3.8973489E-03  1.7256897E-03  2.1716593E-03
    1749  2.0164812E+03  1.3493295E+00  1.0063103E+00  3.4301924E-01 -3.1617937E-01 -2.7317185E-01 -4.3007524E-02  3.8535925E-03  1.7256298E-03  2.1279627E-03
    1750  2.0164907E+03  1.3493844E+00  1.0063518E+00  3.4303263E-01 -3.1534519E-01 -2.7226147E-01 -4.3083728E-02  3.8075482E-03  1.7234570E-03  2.0840911E-03
    1751  2.0165001E+03  1.3494434E+00  1.0063963E+00  3.4304710E-01 -3.1450865E-01 -2.7134984E-01 -4.3158806E-02  3.7629266E-03  1.7228153E-03  2.0401113E-03
    1752  2.0165095E+03  1.3494913E+00  1.0064318E+00  3.4305953E-01 -3.1362333E-01 -2.7039572E-01 -4.3227610E-02  3.7172440E-03  1.7212548E-03  1.9959891E-03
    1753  2.0165189E+03  1.3495405E+00  1.0064671E+00  3.4307344E-01 -3.1272073E-01 -2.6942648E-01 -4.3294247E-02  3.6703907E-03  1.7186873E-03  1.9517035E-03
    1754  2.0165284E+03  1.3495841E+00  1.0064980E+00  3.4308605E-01 -3.1177405E-01 -2.6841748E-01 -4.3356574E-02  3.6249228E-03  1.7176522E-03  1.9072705E-03
    1755  2.0165378E+03  1.3496291E+00  1.0065303E+00  3.4309877E-01 -3.1082373E-01 -2.6740947E-01 -4.3414264E-02  3.5782500E-03  1.7155614E-03  1.8626886E-03
    1756  2.0165472E+03  1.3496646E+00  1.0065537E+00  3.4311098E-01 -3.0982128E-01 -2.6635490E-01 -4.3466380E-02  3.5324309E-03  1.7144283E-03  1.8180026E-03
    1757  2.0165566E+03  1.3496978E+00  1.0065750E+00  3.4312273E-01 -3.0877929E-01 -2.6526429E-01 -4.3515001E-02  3.4856056E-03  1.7124066E-03  1.7731990E-03
    1758  2.0165660E+03  1.3497320E+00  1.0065968E+00  3.4313516E-01 -3.0773989E-01 -2.6417794E-01 -4.3561955E-02  3.4386738E-03  1.7104186E-03  1.7282552E-03
    1759  2.0165755E+03  1.3497600E+00  1.0066139E+00  3.4314613E-01 -3.0667153E-01 -2.6306946E-01 -4.3602066E-02  3.3932705E-03  1.7101094E-03  1.6831611E-03
    1760  2.0165849E+03  1.3497742E+00  1.0066169E+00  3.4315732E-01 -3.0548317E-01 -2.6184537E-01 -4.3637803E-02  3.3462306E-03  1.7082484E-03  1.6379822E-03
    1761  2.0165943E+03  1.3498094E+00  1.0066403E+00  3.4316913E-01 -3.0444502E-01 -2.6076916E-01 -4.3675864E-02  3.2992079E-03  1.7065350E-03  1.5926729E-03
    1762  2.0166037E+03  1.3498181E+00  1.0066396E+00  3.4317857E-01 -3.0320794E-01 -2.5951033E-01 -4.3697609E-02  3.2529843E-03  1.7057129E-03  1.5472715E-03
    1763  2.0166132E+03  1.3498292E+00  1.0066404E+00  3.4318885E-01 -3.0199970E-01 -2.5827424E-01 -4.3725467E-02  3.2056260E-03  1.7038396E-03  1.5017864E-03
    1764  2.0166226E+03  1.3498427E+00  1.0066435E+00  3.4319916E-01 -3.0078668E-01 -2.5704302E-01 -4.3743662E-02  3.1581336E-03  1.7019939E-03  1.4561397E-03
    1765  2.0166320E+03  1.3498499E+00  1.0066414E+00  3.4320846E-01 -2.9956092E-01 -2.5579916E-01 -4.3761756E-02  3.1112007E-03  1.7006970E-03  1.4105037E-03
    1766  2.0166414E+03  1.3498481E+00  1.0066301E+00  3.4321799E-01 -2.9820427E-01 -2.5443357E-01 -4.3770695E-02  3.0639073E-03  1.6992435E-03  1.3646638E-03
    1767  2.0166509E+03  1.3498552E+00  1.0066286E+00  3.4322656E-01 -2.9695476E-01 -2.5317723E-01 -4.3777528E-02  3.0159685E-03  1.6971586E-03  1.3188099E-03
    1768  2.0166603E+03  1.3498419E+00  1.0066074E+00  3.4323453E-01 -2.9554971E-01 -2.5177093E-01 -4.3778774E-02  2.9702714E-03  1.6973473E-03  1.2729241E-03
    1769  2.0166697E+03  1.3498386E+00  1.0065952E+00  3.4324340E-01 -2.9422626E-01 -2.5044626E-01 -4.3780001E-02  2.9211478E-03  1.6942594E-03  1.2268884E-03
    1770  2.0166791E+03  1.3498274E+00  1.0065766E+00  3.4325079E-01 -2.9279435E-01 -2.4901991E-01 -4.3774439E-02  2.8749341E-03  1.6941444E-03  1.1807897E-03
    1771  2.0166885E+03  1.3498146E+00  1.0065548E+00  3.4325973E-01 -2.9139129E-01 -2.4762383E-01 -4.3767455E-02  2.8278180E-03  1.6932102E-03  1.1346078E-03
    1772  2.0166980E+03  1.3497905E+00  1.0065254E+00  3.4326510E-01 -2.8992942E-01 -2.4618199E-01 -4.3747428E-02  2.7807603E-03  1.6923475E-03  1.0884128E-03
    1773  2.0167074E+03  1.3497738E+00  1.0065004E+00  3.4327335E-01 -2.8843704E-01 -2.4470537E-01 -4.3731668E-02  2.7324461E-03  1.6901751E-03  1.0422710E-03
    1774  2.0167168E+03  1.3497428E+00  1.0064637E+00  3.4327911E-01 -2.8691502E-01 -2.4320593E-01 -4.3709082E-02  2.6850899E-03  1.6891627E-03  9.9592726E-04
    1775  2.0167262E+03  1.3497210E+00  1.0064352E+00  3.4328584E-01 -2.8540327E-01 -2.4171757E-01 -4.3685699E-02  2.6368896E-03  1.6873722E-03  9.4951741E-04
    1776  2.0167357E+03  1.3496859E+00  1.0063946E+00  3.4329135E-01 -2.8385129E-01 -2.4019720E-01 -4.3654093E-02  2.5893005E-03  1.6862019E-03  9.0309857E-04
    1777  2.0167451E+03  1.3496435E+00  1.0063462E+00  3.4329733E-01 -2.8218540E-01 -2.3856599E-01 -4.3619417E-02  2.5413412E-03  1.6846894E-03  8.5665177E-04
    1778  2.0167545E+03  1.3496138E+00  1.0063110E+00  3.4330273E-01 -2.8064748E-01 -2.3706309E-01 -4.3584386E-02  2.4946357E-03  1.6845069E-03  8.1012878E-04
    1779  2.0167639E+03  1.3495675E+00  1.0062605E+00  3.4330701E-01 -2.7896890E-01 -2.3543214E-01 -4.3536766E-02  2.4459434E-03  1.6823057E-03  7.6363768E-04
    1780  2.0167734E+03  1.3495156E+00  1.0062050E+00  3.4331062E-01 -2.7728647E-01 -2.3379641E-01 -4.3490065E-02  2.3984738E-03  1.6813710E-03  7.1710288E-04
    1781  2.0167828E+03  1.3494726E+00  1.0061569E+00  3.4331565E-01 -2.7559280E-01 -2.3215647E-01 -4.3436329E-02  2.3505065E-03  1.6799986E-03  6.7050786E-04
    1782  2.0167922E+03  1.3494178E+00  1.0060990E+00  3.4331881E-01 -2.7389008E-01 -2.3050583E-01 -4.3384244E-02  2.3036120E-03  1.6796139E-03  6.2399803E-04
    1783  2.0168016E+03  1.3493605E+00  1.0060390E+00  3.4332147E-01 -2.7211961E-01 -2.2879962E-01 -4.3319989E-02  2.2552588E-03  1.6779006E-03  5.7735826E-04
    1784  2.0168111E+03  1.3492977E+00  1.0059722E+00  3.4332555E-01 -2.7032679E-01 -2.2706898E-01 -4.3257816E-02  2.2079107E-03  1.6770890E-03  5.3082171E-04
    1785  2.0168205E+03  1.3492395E+00  1.0059119E+00  3.4332762E-01 -2.6855651E-01 -2.2536689E-01 -4.3189619E-02  2.1602229E-03  1.6760159E-03  4.8420699E-04
    1786  2.0168299E+03  1.3491706E+00  1.0058411E+00  3.4332947E-01 -2.6670579E-01 -2.2358678E-01 -4.3119017E-02  2.1132729E-03  1.6756398E-03  4.3763314E-04
    1787  2.0168393E+03  1.3491042E+00  1.0057724E+00  3.4333181E-01 -2.6487784E-01 -2.2183670E-01 -4.3041139E-02  2.0653765E-03  1.6743360E-03  3.9104048E-04
    1788  2.0168487E+03  1.3490256E+00  1.0056930E+00  3.4333259E-01 -2.6296998E-01 -2.2001025E-01 -4.2959727E-02  2.0179444E-03  1.6734295E-03  3.4451489E-04
    1789  2.0168582E+03  1.3489535E+00  1.0056195E+00  3.4333393E-01 -2.6108824E-01 -2.1821290E-01 -4.2875339E-02  1.9711550E-03  1.6732194E-03  2.9793568E-04
    1790  2.0168676E+03  1.3488702E+00  1.0055355E+00  3.4333465E-01 -2.5914604E-01 -2.1635896E-01 -4.2787077E-02  1.9231791E-03  1.6717590E-03  2.5142010E-04
    1791  2.0168770E+03  1.3487897E+00  1.0054549E+00  3.4333478E-01 -2.5720401E-01 -2.1451017E-01 -4.2693837E-02  1.8756333E-03  1.6707195E-03  2.0491380E-04
    1792  2.0168864E+03  1.3487042E+00  1.0053691E+00  3.4333504E-01 -2.5521704E-01 -2.1261836E-01 -4.2598672E-02  1.8294193E-03  1.6709843E-03  1.5843505E-04
    1793  2.0168959E+03  1.3486160E+00  1.0052812E+00  3.4333473E-01 -2.5322637E-01 -2.1072924E-01 -4.2497124E-02  1.7799996E-03  1.6680565E-03  1.1194310E-04
    1794  2.0169053E+03  1.3485228E+00  1.0051901E+00  3.4333263E-01 -2.5120376E-01 -2.0881544E-01 -4.2388319E-02  1.7332082E-03  1.6676419E-03  6.5566277E-05
    1795  2.0169147E+03  1.3484273E+00  1.0050949E+00  3.4333244E-01 -2.4913698E-01 -2.0685678E-01 -4.2280209E-02  1.6861462E-03  1.6668891E-03  1.9257036E-05
    1796  2.0169241E+03  1.3483285E+00  1.0049977E+00  3.4333079E-01 -2.4706987E-01 -2.0489922E-01 -4.2170646E-02  1.6377252E-03  1.6648425E-03 -2.7117322E-05
    1797  2.0169336E+03  1.3482314E+00  1.0049025E+00  3.4332890E-01 -2.4498913E-01 -2.0293744E-01 -4.2051687E-02  1.5905054E-03  1.6639760E-03 -7.3470631E-05
    1798  2.0169430E+03  1.3481274E+00  1.0048009E+00  3.4332643E-01 -2.4287869E-01 -2.0094905E-01 -4.1929640E-02  1.5437167E-03  1.6633721E-03 -1.1965538E-04
    1799  2.0169524E+03  1.3480092E+00  1.0046851E+00  3.4332402E-01 -2.4066437E-01 -1.9885830E-01 -4.1806066E-02  1.4982866E-03  1.6640994E-03 -1.6581279E-04
    1800  2.0169618E+03  1.3479171E+00  1.0045957E+00  3.4332135E-01 -2.3859886E-01 -1.9691848E-01 -4.1680379E-02  1.4513907E-03  1.6633766E-03 -2.1198587E-04
    1801  2.0169712E+03  1.3477888E+00  1.0044728E+00  3.4331603E-01 -2.3634369E-01 -1.9480615E-01 -4.1537541E-02  1.4045994E-03  1.6625666E-03 -2.5796720E-04
    1802  2.0169807E+03  1.3476854E+00  1.0043710E+00  3.4331434E-01 -2.3415170E-01 -1.9274567E-01 -4.1406030E-02  1.3583715E-03  1.6622046E-03 -3.0383310E-04
    1803  2.0169901E+03  1.3475620E+00  1.0042530E+00  3.4330901E-01 -2.3192992E-01 -1.9066578E-01 -4.1264139E-02  1.3116349E-03  1.6614454E-03 -3.4981049E-04
    1804  2.0169995E+03  1.3474399E+00  1.0041353E+00  3.4330455E-01 -2.2965499E-01 -1.8853736E-01 -4.1117622E-02  1.2640861E-03  1.6596777E-03 -3.9559159E-04
    1805  2.0170089E+03  1.3473206E+00  1.0040199E+00  3.4330069E-01 -2.2739519E-01 -1.8642213E-01 -4.0973060E-02  1.2181982E-03  1.6594987E-03 -4.4130052E-04
    1806  2.0170184E+03  1.3471906E+00  1.0038960E+00  3.4329459E-01 -2.2508454E-01 -1.8426372E-01 -4.0820819E-02  1.1729154E-03  1.6598995E-03 -4.8698414E-04
    1807  2.0170278E+03  1.3470677E+00  1.0037788E+00  3.4328886E-01 -2.2278691E-01 -1.8212760E-01 -4.0659310E-02  1.1243412E-03  1.6568864E-03 -5.3254515E-04
    1808  2.0170372E+03  1.3469333E+00  1.0036504E+00  3.4328290E-01 -2.2043250E-01 -1.7993275E-01 -4.0499759E-02  1.0796982E-03  1.6575912E-03 -5.7789307E-04
    1809  2.0170466E+03  1.3467971E+00  1.0035200E+00  3.4327710E-01 -2.1804100E-01 -1.7770343E-01 -4.0337567E-02  1.0330358E-03  1.6563320E-03 -6.2329616E-04
    1810  2.0170561E+03  1.3466694E+00  1.0033990E+00  3.4327037E-01 -2.1573400E-01 -1.7556331E-01 -4.0170686E-02  9.8788655E-04  1.6564821E-03 -6.6859551E-04
    1811  2.0170655E+03  1.3465191E+00  1.0032563E+00  3.4326277E-01 -2.1323553E-01 -1.7324072E-01 -3.9994804E-02  9.4335214E-04  1.6570205E-03 -7.1366836E-04
    1812  2.0170749E+03  1.3463939E+00  1.0031375E+00  3.4325641E-01 -2.1090090E-01 -1.7107832E-01 -3.9822582E-02  8.9613377E-04  1.6548595E-03 -7.5872577E-04
    1813  2.0170843E+03  1.3462422E+00  1.0029948E+00  3.4324739E-01 -2.0841378E-01 -1.6877678E-01 -3.9636995E-02  8.5217071E-04  1.6557648E-03 -8.0359412E-04
    1814  2.0170937E+03  1.3460994E+00  1.0028593E+00  3.4324003E-01 -2.0595172E-01 -1.6649893E-01 -3.9452793E-02  8.0642346E-04  1.6546807E-03 -8.4825727E-04
    1815  2.0171032E+03  1.3459522E+00  1.0027212E+00  3.4323093E-01 -2.0346762E-01 -1.6419953E-01 -3.9268085E-02  7.6090470E-04  1.6537749E-03 -8.9287020E-04
    1816  2.0171126E+03  1.3458063E+00  1.0025829E+00  3.4322344E-01 -2.0098123E-01 -1.6190274E-01 -3.9078486E-02  7.1722578E-04  1.6546997E-03 -9.3747393E-04
    1817  2.0171220E+03  1.3456512E+00  1.0024377E+00  3.4321348E-01 -1.9845597E-01 -1.5957547E-01 -3.8880501E-02  6.7251660E-04  1.6543321E-03 -9.8181551E-04
    1818  2.0171314E+03  1.3455001E+00  1.0022954E+00  3.4320472E-01 -1.9589607E-01 -1.5721073E-01 -3.8685345E-02  6.2581983E-04  1.6518432E-03 -1.0260233E-03
    1819  2.0171409E+03  1.3453443E+00  1.0021493E+00  3.4319497E-01 -1.9336740E-01 -1.5488355E-01 -3.8483856E-02  5.8312384E-04  1.6533142E-03 -1.0701904E-03
    1820  2.0171503E+03  1.3451905E+00  1.0020058E+00  3.4318473E-01 -1.9076292E-01 -1.5248925E-01 -3.8273672E-02  5.3960325E-04  1.6536535E-03 -1.1140503E-03
    1821  2.0171597E+03  1.3450293E+00  1.0018550E+00  3.4317437E-01 -1.8818755E-01 -1.5011956E-01 -3.8067994E-02  4.9226197E-04  1.6501438E-03 -1.1578818E-03
    1822  2.0171691E+03  1.3448741E+00  1.0017104E+00  3.4316370E-01 -1.8557413E-01 -1.4772106E-01 -3.7853067E-02  4.5115524E-04  1.6527043E-03 -1.2015490E-03
    1823  2.0171786E+03  1.3447088E+00  1.0015571E+00  3.4315175E-01 -1.8293548E-01 -1.4530674E-01 -3.7628743E-02  4.0665165E-04  1.6515817E-03 -1.2449301E-03
    1824  2.0171880E+03  1.3445464E+00  1.0014051E+00  3.4314122E-01 -1.8029402E-01 -1.4287965E-01 -3.7414376E-02  3.6149586E-04  1.6496362E-03 -1.2881404E-03
    1825  2.0171974E+03  1.3443783E+00  1.0012499E+00  3.4312845E-01 -1.7759799E-01 -1.4041772E-01 -3.7180273E-02  3.2063827E-04  1.6520330E-03 -1.3313948E-03
    1826  2.0172068E+03  1.3442198E+00  1.0011021E+00  3.4311772E-01 -1.7495294E-01 -1.3799414E-01 -3.6958794E-02  2.7681581E-04  1.6510574E-03 -1.3742415E-03
    1827  2.0172162E+03  1.3440444E+00  1.0009386E+00  3.4310582E-01 -1.7223487E-01 -1.3549952E-01 -3.6735351E-02  2.3310633E-04  1.6502005E-03 -1.4170942E-03
    1828  2.0172257E+03  1.3438820E+00  1.0007890E+00  3.4309293E-01 -1.6953697E-01 -1.3304179E-01 -3.6495184E-02  1.9046009E-04  1.6502816E-03 -1.4598215E-03
    1829  2.0172351E+03  1.3437058E+00  1.0006259E+00  3.4307994E-01 -1.6677628E-01 -1.3052465E-01 -3.6251626E-02  1.4790194E-04  1.6500430E-03 -1.5021410E-03
    1830  2.0172445E+03  1.3435414E+00  1.0004737E+00  3.4306764E-01 -1.6405256E-01 -1.2803290E-01 -3.6019658E-02  1.0755686E-04  1.6518794E-03 -1.5443225E-03
    1831  2.0172539E+03  1.3433633E+00  1.0003091E+00  3.4305428E-01 -1.6126872E-01 -1.2549676E-01 -3.5771958E-02  6.2615690E-05  1.6491385E-03 -1.5865228E-03
    1832  2.0172634E+03  1.3431943E+00  1.0001538E+00  3.4304051E-01 -1.5852625E-01 -1.2300212E-01 -3.5524127E-02  2.2903752E-05  1.6512586E-03 -1.6283548E-03
    1833  2.0172728E+03  1.3430173E+00  9.9999075E-01  3.4302654E-01 -1.5569715E-01 -1.2042658E-01 -3.5270574E-02 -1.9714588E-05  1.6502715E-03 -1.6699861E-03
    1834  2.0172822E+03  1.3428426E+00  9.9982972E-01  3.4301292E-01 -1.5289994E-01 -1.1788567E-01 -3.5014263E-02 -6.1315028E-05  1.6501306E-03 -1.7114456E-03
    1835  2.0172916E+03  1.3426693E+00  9.9967088E-01  3.4299845E-01 -1.5008331E-01 -1.1532719E-01 -3.4756123E-02 -1.0182800E-04  1.6508234E-03 -1.7526514E-03
    1836  2.0173011E+03  1.3424833E+00  9.9950032E-01  3.4298295E-01 -1.4722964E-01 -1.1273630E-01 -3.4493344E-02 -1.4464975E-04  1.6490814E-03 -1.7937312E-03
    1837  2.0173105E+03  1.3423150E+00  9.9934582E-01  3.4296916E-01 -1.4437509E-01 -1.1014633E-01 -3.4228763E-02 -1.8228989E-04  1.6522672E-03 -1.8345571E-03
    1838  2.0173199E+03  1.3421329E+00  9.9917902E-01  3.4295391E-01 -1.4152572E-01 -1.0756292E-01 -3.3962794E-02 -2.2551642E-04  1.6495959E-03 -1.8751123E-03
    1839  2.0173293E+03  1.3419543E+00  9.9901541E-01  3.4293888E-01 -1.3863044E-01 -1.0493992E-01 -3.3690519E-02 -2.6561791E-04  1.6499537E-03 -1.9155717E-03
    1840  2.0173388E+03  1.3417726E+00  9.9884973E-01  3.4292282E-01 -1.3575034E-01 -1.0233828E-01 -3.3412061E-02 -3.0509541E-04  1.6506632E-03 -1.9557586E-03
    1841  2.0173482E+03  1.3415994E+00  9.9869222E-01  3.4290718E-01 -1.3283940E-01 -9.9707947E-02 -3.3131448E-02 -3.4342167E-04  1.6521283E-03 -1.9955499E-03
    1842  2.0173576E+03  1.3414102E+00  9.9851843E-01  3.4289175E-01 -1.2990784E-01 -9.7047924E-02 -3.2859914E-02 -3.8442549E-04  1.6507634E-03 -2.0351889E-03
    1843  2.0173670E+03  1.3412367E+00  9.9836099E-01  3.4287571E-01 -1.2699029E-01 -9.4421052E-02 -3.2569242E-02 -4.2515686E-04  1.6496863E-03 -2.0748431E-03
    1844  2.0173764E+03  1.3410508E+00  9.9819281E-01  3.4285801E-01 -1.2404274E-01 -9.1763287E-02 -3.2279452E-02 -4.6019299E-04  1.6537474E-03 -2.1139404E-03
    1845  2.0173859E+03  1.3408757E+00  9.9803337E-01  3.4284232E-01 -1.2108824E-01 -8.9101690E-02 -3.1986547E-02 -5.0354056E-04  1.6493716E-03 -2.1529122E-03
    1846  2.0173953E+03  1.3406893E+00  9.9786376E-01  3.4282556E-01 -1.1811017E-01 -8.6411577E-02 -3.1698595E-02 -5.3881603E-04  1.6527519E-03 -2.1915679E-03
    1847  2.0174047E+03  1.3405099E+00  9.9770115E-01  3.4280872E-01 -1.1513286E-01 -8.3734975E-02 -3.1397889E-02 -5.7978270E-04  1.6503546E-03 -2.2301373E-03
    1848  2.0174141E+03  1.3403299E+00  9.9753813E-01  3.4279178E-01 -1.1214946E-01 -8.1052242E-02 -3.1097223E-02 -6.1522583E-04  1.6530645E-03 -2.2682904E-03
    1849  2.0174236E+03  1.3401470E+00  9.9737201E-01  3.4277494E-01 -1.0914624E-01 -7.8347754E-02 -3.0798484E-02 -6.5419868E-04  1.6520473E-03 -2.3062460E-03
    1850  2.0174330E+03  1.3399698E+00  9.9721300E-01  3.4275677E-01 -1.0613557E-01 -7.5644611E-02 -3.0490957E-02 -6.9113858E-04  1.6528577E-03 -2.3439963E-03
    1851  2.0174424E+03  1.3397859E+00  9.9704604E-01  3.4273984E-01 -1.0310080E-01 -7.2921154E-02 -3.0179650E-02 -7.2788158E-04  1.6535238E-03 -2.3814054E-03
    1852  2.0174518E+03  1.3396057E+00  9.9688389E-01  3.4272185E-01 -1.0008063E-01 -7.0209998E-02 -2.9870637E-02 -7.6467600E-04  1.6538464E-03 -2.4185224E-03
    1853  2.0174613E+03  1.3394292E+00  9.9672502E-01  3.4270414E-01 -9.7034169E-02 -6.7479004E-02 -2.9555165E-02 -7.9995675E-04  1.6554856E-03 -2.4554423E-03
    1854  2.0174707E+03  1.3392457E+00  9.9655968E-01  3.4268606E-01 -9.3970325E-02 -6.4735025E-02 -2.9235300E-02 -8.3803312E-04  1.6539918E-03 -2.4920249E-03
    1855  2.0174801E+03  1.3390698E+00  9.9640172E-01  3.4266803E-01 -9.0932114E-02 -6.2013257E-02 -2.8918857E-02 -8.7198859E-04  1.6563322E-03 -2.5283208E-03
    1856  2.0174895E+03  1.3388906E+00  9.9624073E-01  3.4264990E-01 -8.7843704E-02 -5.9248453E-02 -2.8595251E-02 -9.0897034E-04  1.6554628E-03 -2.5644332E-03
    1857  2.0174989E+03  1.3387105E+00  9.9607903E-01  3.4263145E-01 -8.4775155E-02 -5.6506734E-02 -2.8268421E-02 -9.4234963E-04  1.6578549E-03 -2.6002045E-03
    1858  2.0175084E+03  1.3385412E+00  9.9592761E-01  3.4261364E-01 -8.1683025E-02 -5.3740818E-02 -2.7942207E-02 -9.8083907E-04  1.6548067E-03 -2.6356457E-03
    1859  2.0175178E+03  1.3383582E+00  9.9576381E-01  3.4259441E-01 -7.8589943E-02 -5.0980398E-02 -2.7609545E-02 -1.0125627E-03  1.6582860E-03 -2.6708487E-03
    1860  2.0175272E+03  1.3381875E+00  9.9561133E-01  3.4257617E-01 -7.5486378E-02 -4.8212856E-02 -2.7273522E-02 -1.0485276E-03  1.6571861E-03 -2.7057136E-03
    1861  2.0175366E+03  1.3380086E+00  9.9545127E-01  3.4255729E-01 -7.2366089E-02 -4.5425624E-02 -2.6940465E-02 -1.0830708E-03  1.6571836E-03 -2.7402544E-03
    1862  2.0175461E+03  1.3378415E+00  9.9530249E-01  3.4253898E-01 -6.9263311E-02 -4.2662856E-02 -2.6600456E-02 -1.1147908E-03  1.6598217E-03 -2.7746125E-03
    1863  2.0175555E+03  1.3376646E+00  9.9514483E-01  3.4251976E-01 -6.6127117E-02 -3.9871087E-02 -2.6256029E-02 -1.1492463E-03  1.6593401E-03 -2.8085864E-03
    1864  2.0175649E+03  1.3374947E+00  9.9499334E-01  3.4250132E-01 -6.3000149E-02 -3.7084688E-02 -2.5915461E-02 -1.1834492E-03  1.6587683E-03 -2.8422176E-03
    1865  2.0175743E+03  1.3373275E+00  9.9484573E-01  3.4248177E-01 -5.9862808E-02 -3.4295421E-02 -2.5567386E-02 -1.2139994E-03  1.6616261E-03 -2.8756255E-03
    1866  2.0175838E+03  1.3371541E+00  9.9469140E-01  3.4246273E-01 -5.6719871E-02 -3.1500397E-02 -2.5219473E-02 -1.2459942E-03  1.6626668E-03 -2.9086611E-03
    1867  2.0175932E+03  1.3369931E+00  9.9454882E-01  3.4244427E-01 -5.3567959E-02 -2.8699852E-02 -2.4868107E-02 -1.2802215E-03  1.6611688E-03 -2.9413903E-03
    1868  2.0176026E+03  1.3368239E+00  9.9439828E-01  3.4242566E-01 -5.0411655E-02 -2.5897870E-02 -2.4513785E-02 -1.3096839E-03  1.6641001E-03 -2.9737840E-03
    1869  2.0176120E+03  1.3366618E+00  9.9425602E-01  3.4240578E-01 -4.7252101E-02 -2.3094690E-02 -2.4157410E-02 -1.3428333E-03  1.6630285E-03 -3.0058618E-03
    1870  2.0176214E+03  1.3364968E+00  9.9410990E-01  3.4238692E-01 -4.4088099E-02 -2.0289057E-02 -2.3799042E-02 -1.3722295E-03  1.6653986E-03 -3.0376281E-03
    1871  2.0176309E+03  1.3363386E+00  9.9397069E-01  3.4236792E-01 -4.0919145E-02 -1.7481467E-02 -2.3437678E-02 -1.4050089E-03  1.6640370E-03 -3.0690459E-03
    1872  2.0176403E+03  1.3361767E+00  9.9382809E-01  3.4234866E-01 -3.7743871E-02 -1.4668619E-02 -2.3075252E-02 -1.4319135E-03  1.6682154E-03 -3.1001289E-03
    1873  2.0176497E+03  1.3360183E+00  9.9368892E-01  3.4232934E-01 -3.4568109E-02 -1.1858488E-02 -2.2709621E-02 -1.4639704E-03  1.6669147E-03 -3.1308851E-03
    1874  2.0176591E+03  1.3358643E+00  9.9355363E-01  3.4231069E-01 -3.1384868E-02 -9.0443529E-03 -2.2340515E-02 -1.4932881E-03  1.6680012E-03 -3.1612893E-03
    1875  2.0176686E+03  1.3357105E+00  9.9341908E-01  3.4229137E-01 -2.8198474E-02 -6.2270717E-03 -2.1971402E-02 -1.5225223E-03  1.6688110E-03 -3.1913333E-03
    1876  2.0176780E+03  1.3355591E+00  9.9328653E-01  3.4227257E-01 -2.5013556E-02 -3.4138613E-03 -2.1599695E-02 -1.5522760E-03  1.6687991E-03 -3.2210752E-03
    1877  2.0176874E+03  1.3354071E+00  9.9315364E-01  3.4225348E-01 -2.1819291E-02 -5.9465210E-04 -2.1224639E-02 -1.5802881E-03  1.6701808E-03 -3.2504689E-03
    1878  2.0176968E+03  1.3352602E+00  9.9302571E-01  3.4223446E-01 -1.8627903E-02  2.2207280E-03 -2.0848631E-02 -1.6085786E-03  1.6709025E-03 -3.2794811E-03
    1879  2.0177063E+03  1.3351121E+00  9.9289632E-01  3.4221574E-01 -1.5429697E-02  5.0408807E-03 -2.0470578E-02 -1.6363044E-03  1.6718625E-03 -3.3081669E-03
    1880  2.0177157E+03  1.3349749E+00  9.9277802E-01  3.4219686E-01 -1.2237670E-02  7.8540874E-03 -2.0091758E-02 -1.6629066E-03  1.6735952E-03 -3.3365019E-03
    1881  2.0177251E+03  1.3348208E+00  9.9264355E-01  3.4217729E-01 -9.0325960E-03  1.0676931E-02 -1.9709527E-02 -1.6902568E-03  1.6742153E-03 -3.3644721E-03
    1882  2.0177345E+03  1.3346907E+00  9.9253100E-01  3.4215974E-01 -5.8352164E-03  1.3490547E-02 -1.9325763E-02 -1.7162904E-03  1.6757605E-03 -3.3920509E-03
    1883  2.0177440E+03  1.3345533E+00  9.9241305E-01  3.4214023E-01 -2.6397397E-03  1.6300511E-02 -1.8940251E-02 -1.7434178E-03  1.6758976E-03 -3.4193155E-03
    1884  2.0177534E+03  1.3344166E+00  9.9229472E-01  3.4212184E-01  5.6511251E-04  1.9115935E-02 -1.8550823E-02 -1.7671774E-03  1.6790183E-03 -3.4461957E-03
    1885  2.0177628E+03  1.3342820E+00  9.9217835E-01  3.4210366E-01  3.7715533E-03  2.1934080E-02 -1.8162527E-02 -1.7954450E-03  1.6772066E-03 -3.4726516E-03
    1886  2.0177722E+03  1.3341571E+00  9.9207154E-01  3.4208561E-01  6.9671875E-03  2.4739390E-02 -1.7772203E-02 -1.8181269E-03  1.6806630E-03 -3.4987899E-03
    1887  2.0177816E+03  1.3340239E+00  9.9195725E-01  3.4206667E-01  1.0173909E-02  2.7551483E-02 -1.7377574E-02 -1.8429402E-03  1.6815988E-03 -3.5245390E-03
    1888  2.0177911E+03  1.3339045E+00  9.9185514E-01  3.4204939E-01  1.3370761E-02  3.0353967E-02 -1.6983206E-02 -1.8673813E-03  1.6825186E-03 -3.5498999E-03
    1889  2.0178005E+03  1.3337782E+00  9.9174721E-01  3.4203099E-01  1.6575412E-02  3.3162262E-02 -1.6586849E-02 -1.8911066E-03  1.6837819E-03 -3.5748886E-03
    1890  2.0178099E+03  1.3336595E+00  9.9164670E-01  3.4201280E-01  1.9771104E-02  3.5959717E-02 -1.6188613E-02 -1.9163803E-03  1.6831340E-03 -3.5995142E-03
    1891  2.0178193E+03  1.3335456E+00  9.9155000E-01  3.4199561E-01  2.2966022E-02  3.8755130E-02 -1.5789108E-02 -1.9385658E-03  1.6851579E-03 -3.6237238E-03
    1892  2.0178288E+03  1.3334271E+00  9.9144958E-01  3.4197748E-01  2.6171188E-02  4.1559395E-02 -1.5388207E-02 -1.9605995E-03  1.6869500E-03 -3.6475495E-03
    1893  2.0178382E+03  1.3333187E+00  9.9135823E-01  3.4196044E-01  2.9350954E-02  4.4336722E-02 -1.4985768E-02 -1.9828557E-03  1.6881762E-03 -3.6710320E-03
    1894  2.0178476E+03  1.3332087E+00  9.9126599E-01  3.4194274E-01  3.2549807E-02  4.7131588E-02 -1.4581781E-02 -2.0057507E-03  1.6883469E-03 -3.6940977E-03
    1895  2.0178570E+03  1.3331026E+00  9.9117657E-01  3.4192606E-01  3.5740187E-02  4.9915493E-02 -1.4175305E-02 -2.0266583E-03  1.6900984E-03 -3.7167567E-03
    1896  2.0178665E+03  1.3330021E+00  9.9109334E-01  3.4190880E-01  3.8924016E-02  5.2693255E-02 -1.3769239E-02 -2.0481999E-03  1.6908352E-03 -3.7390351E-03
    1897  2.0178759E+03  1.3328977E+00  9.9100557E-01  3.4189211E-01  4.2110302E-02  5.5470657E-02 -1.3360355E-02 -2.0683924E-03  1.6925457E-03 -3.7609381E-03
    1898  2.0178853E+03  1.3328094E+00  9.9093344E-01  3.4187591E-01  4.5268801E-02  5.8219960E-02 -1.2951159E-02 -2.0882127E-03  1.6941925E-03 -3.7824052E-03
    1899  2.0178947E+03  1.3327050E+00  9.9084647E-01  3.4185851E-01  4.8469106E-02  6.1008745E-02 -1.2539639E-02 -2.1080006E-03  1.6954628E-03 -3.8034634E-03
    1900  2.0179041E+03  1.3326197E+00  9.9077661E-01  3.4184307E-01  5.1624778E-02  6.3753283E-02 -1.2128505E-02 -2.1269072E-03  1.6972272E-03 -3.8241344E-03
    1901  2.0179136E+03  1.3325342E+00  9.9070705E-01  3.4182711E-01  5.4791713E-02  6.6506288E-02 -1.1714575E-02 -2.1464228E-03  1.6979692E-03 -3.8443920E-03
    1902  2.0179230E+03  1.3324472E+00  9.9063682E-01  3.4181037E-01  5.7943505E-02  6.9243654E-02 -1.1300150E-02 -2.1646147E-03  1.6996354E-03 -3.8642501E-03
    1903  2.0179324E+03  1.3323672E+00  9.9057133E-01  3.4179592E-01  6.1114243E-02  7.1999940E-02 -1.0885697E-02 -2.1823165E-03  1.7013734E-03 -3.8836899E-03
    1904  2.0179418E+03  1.3322856E+00  9.9050567E-01  3.4177996E-01  6.4252757E-02  7.4720691E-02 -1.0467934E-02 -2.2015071E-03  1.7012251E-03 -3.9027322E-03
    1905  2.0179513E+03  1.3322169E+00  9.9045175E-01  3.4176519E-01  6.7401096E-02  7.7451824E-02 -1.0050728E-02 -2.2165808E-03  1.7047307E-03 -3.9213115E-03
    1906  2.0179607E+03  1.3321384E+00  9.9038814E-01  3.4175024E-01  7.0538783E-02  8.0170060E-02 -9.6312761E-03 -2.2333339E-03  1.7061845E-03 -3.9395184E-03
    1907  2.0179701E+03  1.3320756E+00  9.9034124E-01  3.4173433E-01  7.3666272E-02  8.2879480E-02 -9.2132076E-03 -2.2510920E-03  1.7061812E-03 -3.9572732E-03
    1908  2.0179795E+03  1.3320056E+00  9.9028519E-01  3.4172041E-01  7.6798764E-02  8.5591363E-02 -8.7925987E-03 -2.2657026E-03  1.7089710E-03 -3.9746736E-03
    1909  2.0179890E+03  1.3319477E+00  9.9024110E-01  3.4170658E-01  7.9899468E-02  8.8270800E-02 -8.3713321E-03 -2.2824971E-03  1.7091222E-03 -3.9916193E-03
    1910  2.0179984E+03  1.3318838E+00  9.9019133E-01  3.4169247E-01  8.3030594E-02  9.0978126E-02 -7.9475318E-03 -2.2972517E-03  1.7108783E-03 -4.0081299E-03
    1911  2.0180078E+03  1.3318390E+00  9.9016010E-01  3.4167893E-01  8.6113910E-02  9.3639099E-02 -7.5251886E-03 -2.3123118E-03  1.7118820E-03 -4.0241938E-03
    1912  2.0180172E+03  1.3317762E+00  9.9011102E-01  3.4166515E-01  8.9226221E-02  9.6327148E-02 -7.1009268E-03 -2.3252534E-03  1.7146236E-03 -4.0398771E-03
    1913  2.0180266E+03  1.3317382E+00  9.9008552E-01  3.4165269E-01  9.2297528E-02  9.8973915E-02 -6.6763863E-03 -2.3406553E-03  1.7144523E-03 -4.0551076E-03
    1914  2.0180361E+03  1.3316844E+00  9.9004483E-01  3.4163955E-01  9.5384977E-02  1.0163569E-01 -6.2507148E-03 -2.3531094E-03  1.7168042E-03 -4.0699136E-03
    1915  2.0180455E+03  1.3316490E+00  9.9002197E-01  3.4162703E-01  9.8448557E-02  1.0427383E-01 -5.8252743E-03 -2.3646746E-03  1.7196053E-03 -4.0842799E-03
    1916  2.0180549E+03  1.3316094E+00  9.8999470E-01  3.4161471E-01  1.0150849E-01  1.0690722E-01 -5.3987264E-03 -2.3777461E-03  1.7204626E-03 -4.0982088E-03
    1917  2.0180643E+03  1.3315762E+00  9.8997367E-01  3.4160255E-01  1.0455882E-01  1.0953083E-01 -4.9720151E-03 -2.3899179E-03  1.7217889E-03 -4.1117068E-03
    1918  2.0180738E+03  1.3315411E+00  9.8995053E-01  3.4159060E-01  1.0760662E-01  1.1215044E-01 -4.5438166E-03 -2.4000470E-03  1.7247291E-03 -4.1247761E-03
    1919  2.0180832E+03  1.3315207E+00  9.8994110E-01  3.4157956E-01  1.1061892E-01  1.1473612E-01 -4.1172013E-03 -2.4110482E-03  1.7263288E-03 -4.1373770E-03
    1920  2.0180926E+03  1.3314941E+00  9.8992576E-01  3.4156832E-01  1.1364720E-01  1.1733484E-01 -3.6876380E-03 -2.4230910E-03  1.7264801E-03 -4.1495711E-03
    1921  2.0181020E+03  1.3314717E+00  9.8991448E-01  3.4155725E-01  1.1665869E-01  1.1991734E-01 -3.2586459E-03 -2.4313290E-03  1.7299794E-03 -4.1613084E-03
    1922  2.0181115E+03  1.3314571E+00  9.8990983E-01  3.4154724E-01  1.1966237E-01  1.2249200E-01 -2.8296297E-03 -2.4414424E-03  1.7311636E-03 -4.1726060E-03
    1923  2.0181209E+03  1.3314439E+00  9.8990778E-01  3.4153613E-01  1.2263133E-01  1.2503270E-01 -2.4013681E-03 -2.4515820E-03  1.7319060E-03 -4.1834880E-03
    1924  2.0181303E+03  1.3314356E+00  9.8990864E-01  3.4152699E-01  1.2562277E-01  1.2759241E-01 -1.9696391E-03 -2.4602358E-03  1.7336819E-03 -4.1939177E-03
    1925  2.0181397E+03  1.3314267E+00  9.8990949E-01  3.4151717E-01  1.2857533E-01  1.3011505E-01 -1.5397192E-03 -2.4677314E-03  1.7361289E-03 -4.2038602E-03
    1926  2.0181492E+03  1.3314286E+00  9.8992075E-01  3.4150786E-01  1.3152432E-01  1.3263565E-01 -1.1113274E-03 -2.4774079E-03  1.7359743E-03 -4.2133821E-03
    1927  2.0181586E+03  1.3314218E+00  9.8992268E-01  3.4149914E-01  1.3448041E-01  1.3516030E-01 -6.7989552E-04 -2.4838285E-03  1.7386628E-03 -4.2224913E-03
    1928  2.0181680E+03  1.3314355E+00  9.8994483E-01  3.4149064E-01  1.3738743E-01  1.3763747E-01 -2.5003666E-04 -2.4916576E-03  1.7394761E-03 -4.2311337E-03
    1929  2.0181774E+03  1.3314379E+00  9.8995579E-01  3.4148214E-01  1.4031267E-01  1.4013204E-01  1.8062359E-04 -2.4979060E-03  1.7414251E-03 -4.2393311E-03
    1930  2.0181868E+03  1.3314531E+00  9.8997818E-01  3.4147491E-01  1.4320305E-01  1.4259171E-01  6.1133083E-04 -2.5033418E-03  1.7437357E-03 -4.2470774E-03
    1931  2.0181963E+03  1.3314660E+00  9.8999919E-01  3.4146681E-01  1.4609335E-01  1.4505135E-01  1.0420016E-03 -2.5081186E-03  1.7462287E-03 -4.2543473E-03
    1932  2.0182057E+03  1.3314870E+00  9.9002729E-01  3.4145974E-01  1.4895943E-01  1.4748738E-01  1.4720578E-03 -2.5114863E-03  1.7496711E-03 -4.2611573E-03
    1933  2.0182151E+03  1.3315056E+00  9.9005312E-01  3.4145252E-01  1.5182799E-01  1.4992572E-01  1.9022628E-03 -2.5167174E-03  1.7507943E-03 -4.2675117E-03
    1934  2.0182245E+03  1.3315350E+00  9.9008836E-01  3.4144667E-01  1.5466339E-01  1.5233098E-01  2.3324028E-03 -2.5221719E-03  1.7512499E-03 -4.2734218E-03
    1935  2.0182340E+03  1.3315629E+00  9.9012280E-01  3.4144010E-01  1.5749087E-01  1.5472901E-01  2.7618569E-03 -2.5241328E-03  1.7547459E-03 -4.2788788E-03
    1936  2.0182434E+03  1.3315967E+00  9.9016207E-01  3.4143462E-01  1.6030720E-01  1.5711508E-01  3.1921223E-03 -2.5285035E-03  1.7553916E-03 -4.2838951E-03
    1937  2.0182528E+03  1.3316321E+00  9.9020314E-01  3.4142899E-01  1.6310551E-01  1.5948416E-01  3.6213515E-03 -2.5315959E-03  1.7568542E-03 -4.2884501E-03
    1938  2.0182622E+03  1.3316747E+00  9.9025062E-01  3.4142411E-01  1.6587940E-01  1.6182965E-01  4.0497490E-03 -2.5324270E-03  1.7601209E-03 -4.2925479E-03
    1939  2.0182717E+03  1.3317151E+00  9.9029575E-01  3.4141932E-01  1.6865786E-01  1.6417843E-01  4.4794370E-03 -2.5351935E-03  1.7610017E-03 -4.2961952E-03
    1940  2.0182811E+03  1.3317619E+00  9.9034678E-01  3.4141510E-01  1.7141205E-01  1.6650466E-01  4.9073921E-03 -2.5376256E-03  1.7617431E-03 -4.2993687E-03
    1941  2.0182905E+03  1.3318169E+00  9.9040613E-01  3.4141076E-01  1.7410883E-01  1.6877451E-01  5.3343213E-03 -2.5356615E-03  1.7664304E-03 -4.3020920E-03
    1942  2.0182999E+03  1.3318641E+00  9.9045706E-01  3.4140700E-01  1.7687966E-01  1.7111542E-01  5.7642384E-03 -2.5391737E-03  1.7651840E-03 -4.3043577E-03
    1943  2.0183093E+03  1.3319216E+00  9.9051800E-01  3.4140363E-01  1.7955021E-01  1.7336200E-01  6.1882120E-03 -2.5383848E-03  1.7677739E-03 -4.3061587E-03
    1944  2.0183188E+03  1.3319893E+00  9.9058743E-01  3.4140185E-01  1.8222724E-01  1.7561093E-01  6.6163130E-03 -2.5351572E-03  1.7723586E-03 -4.3075157E-03
    1945  2.0183282E+03  1.3320434E+00  9.9064498E-01  3.4139838E-01  1.8490110E-01  1.7785952E-01  7.0415838E-03 -2.5365419E-03  1.7718541E-03 -4.3083960E-03
    1946  2.0183376E+03  1.3321188E+00  9.9072167E-01  3.4139709E-01  1.8754567E-01  1.8007999E-01  7.4656794E-03 -2.5343601E-03  1.7744670E-03 -4.3088271E-03
    1947  2.0183470E+03  1.3321812E+00  9.9078703E-01  3.4139421E-01  1.9018441E-01  1.8229359E-01  7.8908188E-03 -2.5323998E-03  1.7763984E-03 -4.3087982E-03
    1948  2.0183565E+03  1.3322632E+00  9.9086970E-01  3.4139351E-01  1.9277439E-01  1.8446021E-01  8.3141792E-03 -2.5286057E-03  1.7796865E-03 -4.3082922E-03
    1949  2.0183659E+03  1.3323325E+00  9.9094010E-01  3.4139242E-01  1.9538834E-01  1.8665148E-01  8.7368521E-03 -2.5247512E-03  1.7825754E-03 -4.3073267E-03
    1950  2.0183753E+03  1.3324185E+00  9.9102699E-01  3.4139155E-01  1.9794928E-01  1.8878973E-01  9.1595475E-03 -2.5242351E-03  1.7816762E-03 -4.3059113E-03
    1951  2.0183847E+03  1.3324954E+00  9.9110478E-01  3.4139065E-01  2.0050894E-01  1.9092875E-01  9.5801900E-03 -2.5178311E-03  1.7861917E-03 -4.3040228E-03
    1952  2.0183942E+03  1.3325868E+00  9.9119461E-01  3.4139216E-01  2.0304352E-01  1.9304364E-01  9.9998836E-03 -2.5155277E-03  1.7861573E-03 -4.3016850E-03
    1953  2.0184036E+03  1.3326719E+00  9.9127955E-01  3.4139235E-01  2.0555811E-01  1.9513921E-01  1.0418901E-02 -2.5105183E-03  1.7883996E-03 -4.2989180E-03
    1954  2.0184130E+03  1.3327703E+00  9.9137799E-01  3.4139234E-01  2.0804851E-01  1.9721072E-01  1.0837788E-02 -2.5050538E-03  1.7906095E-03 -4.2956633E-03
    1955  2.0184224E+03  1.3328598E+00  9.9146501E-01  3.4139479E-01  2.1053359E-01  1.9927917E-01  1.1254418E-02 -2.4988963E-03  1.7930533E-03 -4.2919496E-03
    1956  2.0184318E+03  1.3329623E+00  9.9156624E-01  3.4139603E-01  2.1299267E-01  2.0132193E-01  1.1670736E-02 -2.4930801E-03  1.7947199E-03 -4.2878000E-03
    1957  2.0184413E+03  1.3330627E+00  9.9166550E-01  3.4139722E-01  2.1539309E-01  2.0330714E-01  1.2085953E-02 -2.4872031E-03  1.7959565E-03 -4.2831596E-03
    1958  2.0184507E+03  1.3331651E+00  9.9176486E-01  3.4140022E-01  2.1784407E-01  2.0534360E-01  1.2500461E-02 -2.4780803E-03  1.7999728E-03 -4.2780532E-03
    1959  2.0184601E+03  1.3332756E+00  9.9187201E-01  3.4140357E-01  2.2021827E-01  2.0730755E-01  1.2910719E-02 -2.4707501E-03  1.8017764E-03 -4.2725264E-03
    1960  2.0184695E+03  1.3333847E+00  9.9197927E-01  3.4140545E-01  2.2259080E-01  2.0926622E-01  1.3324585E-02 -2.4635468E-03  1.8029703E-03 -4.2665171E-03
    1961  2.0184790E+03  1.3334939E+00  9.9208479E-01  3.4140910E-01  2.2494902E-01  2.1121469E-01  1.3734330E-02 -2.4536477E-03  1.8063472E-03 -4.2599949E-03
    1962  2.0184884E+03  1.3336125E+00  9.9219928E-01  3.4141317E-01  2.2727226E-01  2.1312860E-01  1.4143669E-02 -2.4452699E-03  1.8078128E-03 -4.2530827E-03
    1963  2.0184978E+03  1.3337341E+00  9.9231725E-01  3.4141690E-01  2.2955516E-01  2.1500330E-01  1.4551859E-02 -2.4351677E-03  1.8105144E-03 -4.2456821E-03
    1964  2.0185072E+03  1.3338488E+00  9.9242741E-01  3.4142138E-01  2.3187435E-01  2.1691655E-01  1.4957797E-02 -2.4263830E-03  1.8114448E-03 -4.2378279E-03
    1965  2.0185167E+03  1.3339743E+00  9.9254770E-01  3.4142664E-01  2.3412165E-01  2.1875958E-01  1.5362076E-02 -2.4153516E-03  1.8142128E-03 -4.2295644E-03
    1966  2.0185261E+03  1.3341041E+00  9.9267250E-01  3.4143157E-01  2.3632753E-01  2.2056225E-01  1.5765282E-02 -2.4043009E-03  1.8165001E-03 -4.2208010E-03
    1967  2.0185355E+03  1.3342291E+00  9.9279084E-01  3.4143821E-01  2.3859392E-01  2.2242713E-01  1.6166794E-02 -2.3930431E-03  1.8185463E-03 -4.2115894E-03
    1968  2.0185449E+03  1.3343601E+00  9.9291657E-01  3.4144353E-01  2.4076663E-01  2.2420038E-01  1.6566250E-02 -2.3825578E-03  1.8194075E-03 -4.2019652E-03
    1969  2.0185543E+03  1.3344973E+00  9.9304735E-01  3.4144995E-01  2.4290098E-01  2.2593549E-01  1.6965494E-02 -2.3698186E-03  1.8220267E-03 -4.1918453E-03
    1970  2.0185638E+03  1.3346270E+00  9.9317059E-01  3.4145643E-01  2.4510127E-01  2.2773776E-01  1.7363510E-02 -2.3561603E-03  1.8251126E-03 -4.1812729E-03
    1971  2.0185732E+03  1.3347711E+00  9.9330655E-01  3.4146454E-01  2.4715860E-01  2.2940478E-01  1.7753816E-02 -2.3439205E-03  1.8263514E-03 -4.1702720E-03
    1972  2.0185826E+03  1.3349072E+00  9.9343590E-01  3.4147129E-01  2.4931775E-01  2.3116666E-01  1.8151093E-02 -2.3292660E-03  1.8295843E-03 -4.1588502E-03
    1973  2.0185920E+03  1.3350535E+00  9.9357416E-01  3.4147934E-01  2.5134203E-01  2.3280070E-01  1.8541335E-02 -2.3158748E-03  1.8310422E-03 -4.1469169E-03
    1974  2.0186015E+03  1.3351967E+00  9.9370945E-01  3.4148722E-01  2.5342549E-01  2.3449271E-01  1.8932782E-02 -2.3006464E-03  1.8338922E-03 -4.1345386E-03
    1975  2.0186109E+03  1.3353439E+00  9.9384857E-01  3.4149538E-01  2.5540925E-01  2.3608961E-01  1.9319645E-02 -2.2862303E-03  1.8355019E-03 -4.1217322E-03
    1976  2.0186203E+03  1.3354926E+00  9.9398819E-01  3.4150441E-01  2.5745292E-01  2.3774564E-01  1.9707277E-02 -2.2700829E-03  1.8383972E-03 -4.1084801E-03
    1977  2.0186297E+03  1.3356424E+00  9.9412953E-01  3.4151287E-01  2.5937692E-01  2.3928660E-01  2.0090325E-02 -2.2554537E-03  1.8393326E-03 -4.0947864E-03
    1978  2.0186392E+03  1.3357984E+00  9.9427530E-01  3.4152314E-01  2.6137020E-01  2.4089496E-01  2.0475241E-02 -2.2389362E-03  1.8416923E-03 -4.0806285E-03
    1979  2.0186486E+03  1.3359458E+00  9.9441413E-01  3.4153167E-01  2.6326701E-01  2.4241443E-01  2.0852582E-02 -2.2201705E-03  1.8459013E-03 -4.0660718E-03
    1980  2.0186580E+03  1.3361133E+00  9.9457028E-01  3.4154301E-01  2.6516059E-01  2.4392621E-01  2.1234386E-02 -2.2046278E-03  1.8464273E-03 -4.0510551E-03
    1981  2.0186674E+03  1.3362614E+00  9.9470855E-01  3.4155282E-01  2.6704054E-01  2.4542905E-01  2.1611482E-02 -2.1868821E-03  1.8486600E-03 -4.0355421E-03
    1982  2.0186769E+03  1.3364271E+00  9.9486357E-01  3.4156352E-01  2.6888417E-01  2.4690277E-01  2.1981399E-02 -2.1686487E-03  1.8509989E-03 -4.0196476E-03
    1983  2.0186863E+03  1.3365864E+00  9.9501200E-01  3.4157441E-01  2.7070233E-01  2.4834337E-01  2.2358957E-02 -2.1483010E-03  1.8550393E-03 -4.0033403E-03
    1984  2.0186957E+03  1.3367513E+00  9.9516535E-01  3.4158598E-01  2.7248436E-01  2.4976046E-01  2.2723900E-02 -2.1319354E-03  1.8545742E-03 -3.9865096E-03
    1985  2.0187051E+03  1.3369117E+00  9.9531450E-01  3.4159724E-01  2.7426619E-01  2.5117423E-01  2.3091967E-02 -2.1108994E-03  1.8584866E-03 -3.9693860E-03
    1986  2.0187145E+03  1.3370832E+00  9.9547354E-01  3.4160961E-01  2.7597736E-01  2.5251580E-01  2.3461559E-02 -2.0909182E-03  1.8608123E-03 -3.9517305E-03
    1987  2.0187240E+03  1.3372444E+00  9.9562318E-01  3.4162126E-01  2.7772858E-01  2.5390554E-01  2.3823033E-02 -2.0726655E-03  1.8609575E-03 -3.9336230E-03
    1988  2.0187334E+03  1.3374188E+00  9.9578477E-01  3.4163407E-01  2.7937287E-01  2.5519112E-01  2.4181743E-02 -2.0499156E-03  1.8652577E-03 -3.9151734E-03
    1989  2.0187428E+03  1.3375849E+00  9.9593817E-01  3.4164672E-01  2.8106283E-01  2.5652162E-01  2.4541214E-02 -2.0316230E-03  1.8646523E-03 -3.8962753E-03
    1990  2.0187522E+03  1.3377579E+00  9.9609800E-01  3.4165990E-01  2.8266531E-01  2.5776691E-01  2.4898409E-02 -2.0088847E-03  1.8680659E-03 -3.8769506E-03
    1991  2.0187617E+03  1.3379289E+00  9.9625605E-01  3.4167288E-01  2.8427630E-01  2.5902449E-01  2.5251812E-02 -1.9865092E-03  1.8706692E-03 -3.8571783E-03
    1992  2.0187711E+03  1.3381012E+00  9.9641468E-01  3.4168653E-01  2.8585752E-01  2.6025414E-01  2.5603381E-02 -1.9640217E-03  1.8729794E-03 -3.8370011E-03
    1993  2.0187805E+03  1.3382788E+00  9.9657827E-01  3.4170053E-01  2.8739626E-01  2.6144334E-01  2.5952918E-02 -1.9408453E-03  1.8755678E-03 -3.8164131E-03
    1994  2.0187899E+03  1.3384496E+00  9.9673532E-01  3.4171425E-01  2.8891837E-01  2.6261919E-01  2.6299183E-02 -1.9160930E-03  1.8792791E-03 -3.7953721E-03
    1995  2.0187994E+03  1.3386274E+00  9.9689865E-01  3.4172877E-01  2.9040846E-01  2.6376699E-01  2.6641470E-02 -1.8933195E-03  1.8806219E-03 -3.7739415E-03
    1996  2.0188088E+03  1.3388044E+00  9.9706072E-01  3.4174372E-01  2.9187158E-01  2.6488842E-01  2.6983163E-02 -1.8697160E-03  1.8824099E-03 -3.7521259E-03
    1997  2.0188182E+03  1.3389817E+00  9.9722393E-01  3.4175782E-01  2.9329946E-01  2.6597719E-01  2.7322266E-02 -1.8456946E-03  1.8841726E-03 -3.7298672E-03
    1998  2.0188276E+03  1.3391585E+00  9.9738505E-01  3.4177345E-01  2.9469929E-01  2.6704185E-01  2.7657442E-02 -1.8197886E-03  1.8873860E-03 -3.7071746E-03
    1999  2.0188370E+03  1.3393378E+00  9.9754913E-01  3.4178870E-01  2.9609464E-01  2.6810340E-01  2.7991242E-02 -1.7957736E-03  1.8883458E-03 -3.6841194E-03
    2000  2.0188465E+03  1.3395167E+00  9.9771294E-01  3.4180380E-01  2.9741546E-01  2.6909497E-01  2.8320494E-02 -1.7691507E-03  1.8915246E-03 -3.6606752E-03
    2001  2.0188559E+03  1.3396970E+00  9.9787718E-01  3.4181980E-01  2.9876922E-01  2.7011890E-01  2.8650322E-02 -1.7431432E-03  1.8936549E-03 -3.6367982E-03
    2002  2.0188653E+03  1.3398746E+00  9.9803900E-01  3.4183556E-01  2.9999752E-01  2.7102356E-01  2.8973961E-02 -1.7172079E-03  1.8953044E-03 -3.6125123E-03
    2003  2.0188747E+03  1.3400581E+00  9.9820659E-01  3.4185149E-01  3.0132320E-01  2.7202714E-01  2.9296064E-02 -1.6900370E-03  1.8978152E-03 -3.5878523E-03
    2004  2.0188842E+03  1.3402347E+00  9.9836683E-01  3.4186789E-01  3.0252281E-01  2.7290641E-01  2.9616397E-02 -1.6628920E-03  1.8999490E-03 -3.5628410E-03
    2005  2.0188936E+03  1.3404191E+00  9.9853448E-01  3.4188467E-01  3.0371253E-01  2.7378145E-01  2.9931082E-02 -1.6361095E-03  1.9012239E-03 -3.5373334E-03
    2006  2.0189030E+03  1.3405934E+00  9.9869275E-01  3.4190067E-01  3.0489367E-01  2.7464668E-01  3.0246991E-02 -1.6053538E-03  1.9061657E-03 -3.5115195E-03
    2007  2.0189124E+03  1.3407802E+00  9.9886185E-01  3.4191837E-01  3.0603903E-01  2.7548125E-01  3.0557788E-02 -1.5787348E-03  1.9065292E-03 -3.4852639E-03
    2008  2.0189219E+03  1.3409547E+00  9.9901988E-01  3.4193482E-01  3.0714585E-01  2.7628271E-01  3.0863138E-02 -1.5485212E-03  1.9101222E-03 -3.4586434E-03
    2009  2.0189313E+03  1.3411410E+00  9.9918897E-01  3.4195206E-01  3.0822219E-01  2.7705184E-01  3.1170352E-02 -1.5218999E-03  1.9097721E-03 -3.4316719E-03
    2010  2.0189407E+03  1.3413178E+00  9.9934821E-01  3.4196957E-01  3.0927901E-01  2.7780705E-01  3.1471960E-02 -1.4890218E-03  1.9152340E-03 -3.4042558E-03
    2011  2.0189501E+03  1.3414992E+00  9.9951201E-01  3.4198719E-01  3.1030879E-01  2.7854012E-01  3.1768673E-02 -1.4614440E-03  1.9150739E-03 -3.3765179E-03
    2012  2.0189595E+03  1.3416762E+00  9.9967159E-01  3.4200462E-01  3.1128339E-01  2.7921901E-01  3.2064379E-02 -1.4311033E-03  1.9173431E-03 -3.3484464E-03
    2013  2.0189690E+03  1.3418571E+00  9.9983441E-01  3.4202266E-01  3.1225315E-01  2.7989578E-01  3.2357367E-02 -1.3995006E-03  1.9204550E-03 -3.3199556E-03
    2014  2.0189784E+03  1.3420362E+00  9.9999575E-01  3.4204049E-01  3.1318469E-01  2.8053927E-01  3.2645421E-02 -1.3691389E-03  1.9219572E-03 -3.2910961E-03
    2015  2.0189878E+03  1.3422145E+00  1.0001559E+00  3.4205863E-01  3.1407397E-01  2.8114187E-01  3.2932102E-02 -1.3373360E-03  1.9245758E-03 -3.2619118E-03
    2016  2.0189972E+03  1.3423892E+00  1.0003126E+00  3.4207658E-01  3.1494689E-01  2.8173215E-01  3.3214733E-02 -1.3057221E-03  1.9265909E-03 -3.2323130E-03
    2017  2.0190067E+03  1.3425690E+00  1.0004740E+00  3.4209493E-01  3.1582402E-01  2.8232819E-01  3.3495830E-02 -1.2720799E-03  1.9302835E-03 -3.2023633E-03
    2018  2.0190161E+03  1.3427430E+00  1.0006299E+00  3.4211310E-01  3.1652394E-01  2.8275357E-01  3.3770365E-02 -1.2431422E-03  1.9289151E-03 -3.1720573E-03
    2019  2.0190255E+03  1.3429227E+00  1.0007904E+00  3.4213229E-01  3.1742902E-01  2.8338330E-01  3.4045724E-02 -1.2072588E-03  1.9341393E-03 -3.1413981E-03
    2020  2.0190349E+03  1.3430891E+00  1.0009392E+00  3.4214990E-01  3.1808617E-01  2.8377576E-01  3.4310408E-02 -1.1750652E-03  1.9353907E-03 -3.1104559E-03
    2021  2.0190444E+03  1.3432713E+00  1.0011018E+00  3.4216947E-01  3.1884252E-01  2.8426115E-01  3.4581367E-02 -1.1413480E-03  1.9377627E-03 -3.0791107E-03
    2022  2.0190538E+03  1.3434354E+00  1.0012485E+00  3.4218698E-01  3.1952670E-01  2.8468303E-01  3.4843672E-02 -1.1070244E-03  1.9403488E-03 -3.0473732E-03
    2023  2.0190632E+03  1.3436105E+00  1.0014042E+00  3.4220632E-01  3.2015855E-01  2.8505608E-01  3.5102470E-02 -1.0741618E-03  1.9411965E-03 -3.0153582E-03
    2024  2.0190726E+03  1.3437856E+00  1.0015595E+00  3.4222612E-01  3.2078371E-01  2.8542297E-01  3.5360734E-02 -1.0394943E-03  1.9434878E-03 -2.9829821E-03
    2025  2.0190821E+03  1.3439459E+00  1.0017026E+00  3.4224336E-01  3.2138165E-01  2.8576894E-01  3.5612710E-02 -1.0024281E-03  1.9478765E-03 -2.9503046E-03
    2026  2.0190915E+03  1.3441179E+00  1.0018543E+00  3.4226357E-01  3.2193492E-01  2.8607250E-01  3.5862414E-02 -9.6961254E-04  1.9476496E-03 -2.9172621E-03
    2027  2.0191009E+03  1.3442840E+00  1.0020015E+00  3.4228248E-01  3.2247093E-01  2.8636221E-01  3.6108714E-02 -9.3355083E-04  1.9503466E-03 -2.8838974E-03
    2028  2.0191103E+03  1.3444504E+00  1.0021492E+00  3.4230123E-01  3.2297308E-01  2.8662350E-01  3.6349586E-02 -8.9689472E-04  1.9533304E-03 -2.8502251E-03
    2029  2.0191197E+03  1.3446075E+00  1.0022873E+00  3.4232012E-01  3.2340951E-01  2.8682015E-01  3.6589360E-02 -8.6209902E-04  1.9541426E-03 -2.8162416E-03
    2030  2.0191292E+03  1.3447791E+00  1.0024397E+00  3.4233941E-01  3.2389285E-01  2.8706501E-01  3.6827844E-02 -8.2524284E-04  1.9566568E-03 -2.7818997E-03
    2031  2.0191386E+03  1.3449280E+00  1.0025698E+00  3.4235820E-01  3.2423510E-01  2.8718080E-01  3.7054294E-02 -7.8827329E-04  1.9589912E-03 -2.7472645E-03
    2032  2.0191480E+03  1.3450990E+00  1.0027214E+00  3.4237755E-01  3.2465805E-01  2.8737597E-01  3.7282083E-02 -7.5188234E-04  1.9605158E-03 -2.7123982E-03
    2033  2.0191574E+03  1.3452467E+00  1.0028506E+00  3.4239614E-01  3.2496765E-01  2.8746062E-01  3.7507029E-02 -7.1310170E-04  1.9641010E-03 -2.6772027E-03
    2034  2.0191669E+03  1.3454051E+00  1.0029894E+00  3.4241563E-01  3.2526339E-01  2.8753404E-01  3.7729344E-02 -6.7718962E-04  1.9644020E-03 -2.6415916E-03
    2035  2.0191763E+03  1.3455603E+00  1.0031256E+00  3.4243470E-01  3.2559054E-01  2.8764494E-01  3.7945595E-02 -6.3778754E-04  1.9679257E-03 -2.6057133E-03
    2036  2.0191857E+03  1.3457060E+00  1.0032531E+00  3.4245289E-01  3.2577902E-01  2.8762168E-01  3.8157338E-02 -6.0042415E-04  1.9692147E-03 -2.5696388E-03
    2037  2.0191951E+03  1.3458621E+00  1.0033893E+00  3.4247277E-01  3.2603889E-01  2.8766868E-01  3.8370210E-02 -5.6186590E-04  1.9713244E-03 -2.5331903E-03
    2038  2.0192046E+03  1.3460069E+00  1.0035153E+00  3.4249158E-01  3.2620107E-01  2.8762518E-01  3.8575890E-02 -5.2234649E-04  1.9741291E-03 -2.4964756E-03
    2039  2.0192140E+03  1.3461502E+00  1.0036402E+00  3.4251004E-01  3.2632402E-01  2.8754688E-01  3.8777145E-02 -4.8443237E-04  1.9750328E-03 -2.4594652E-03
    2040  2.0192234E+03  1.3462994E+00  1.0037698E+00  3.4252962E-01  3.2648935E-01  2.8751276E-01  3.8976591E-02 -4.4388592E-04  1.9782837E-03 -2.4221696E-03
    2041  2.0192328E+03  1.3464319E+00  1.0038848E+00  3.4254716E-01  3.2655691E-01  2.8738555E-01  3.9171360E-02 -4.0581948E-04  1.9788262E-03 -2.3846457E-03
    2042  2.0192422E+03  1.3465779E+00  1.0040108E+00  3.4256706E-01  3.2659526E-01  2.8723397E-01  3.9361291E-02 -3.6340555E-04  1.9833667E-03 -2.3467723E-03
    2043  2.0192517E+03  1.3467101E+00  1.0041250E+00  3.4258509E-01  3.2664173E-01  2.8709317E-01  3.9548561E-02 -3.2678794E-04  1.9818958E-03 -2.3086837E-03
    2044  2.0192611E+03  1.3468478E+00  1.0042441E+00  3.4260371E-01  3.2661648E-01  2.8688501E-01  3.9731467E-02 -2.8331135E-04  1.9870250E-03 -2.2703363E-03
    2045  2.0192705E+03  1.3469789E+00  1.0043568E+00  3.4262208E-01  3.2659903E-01  2.8668576E-01  3.9913268E-02 -2.4538249E-04  1.9863200E-03 -2.2317025E-03
    2046  2.0192799E+03  1.3471062E+00  1.0044657E+00  3.4264043E-01  3.2650597E-01  2.8642021E-01  4.0085754E-02 -2.0266151E-04  1.9901373E-03 -2.1927988E-03
    2047  2.0192894E+03  1.3472334E+00  1.0045747E+00  3.4265863E-01  3.2642157E-01  2.8616288E-01  4.0258681E-02 -1.6296995E-04  1.9907418E-03 -2.1537117E-03
    2048  2.0192988E+03  1.3473603E+00  1.0046835E+00  3.4267688E-01  3.2628008E-01  2.8585344E-01  4.0426640E-02 -1.2124516E-04  1.9930812E-03 -2.1143264E-03
    2049  2.0193082E+03  1.3474806E+00  1.0047859E+00  3.4269468E-01  3.2610637E-01  2.8551646E-01  4.0589905E-02 -7.8724697E-05  1.9959512E-03 -2.0746759E-03
    2050  2.0193176E+03  1.3475988E+00  1.0048863E+00  3.4271245E-01  3.2591786E-01  2.8516676E-01  4.0751099E-02 -3.5876368E-05  1.9989150E-03 -2.0347914E-03
    2051  2.0193271E+03  1.3477169E+00  1.0049864E+00  3.4273051E-01  3.2568298E-01  2.8477655E-01  4.0906434E-02  4.4482250E-06  1.9990830E-03 -1.9946348E-03
    2052  2.0193365E+03  1.3478310E+00  1.0050832E+00  3.4274776E-01  3.2545949E-01  2.8440186E-01  4.1057634E-02  4.8122977E-05  2.0024421E-03 -1.9543191E-03
    2053  2.0193459E+03  1.3479420E+00  1.0051764E+00  3.4276555E-01  3.2511832E-01  2.8391228E-01  4.1206038E-02  8.9717282E-05  2.0034799E-03 -1.9137626E-03
    2054  2.0193553E+03  1.3480474E+00  1.0052648E+00  3.4278262E-01  3.2483300E-01  2.8348253E-01  4.1350468E-02  1.3205665E-04  2.0049718E-03 -1.8729151E-03
    2055  2.0193647E+03  1.3481565E+00  1.0053568E+00  3.4279968E-01  3.2445792E-01  2.8296931E-01  4.1488607E-02  1.7550408E-04  2.0074279E-03 -1.8319238E-03
    2056  2.0193742E+03  1.3482565E+00  1.0054394E+00  3.4281711E-01  3.2407355E-01  2.8244678E-01  4.1626762E-02  2.1759393E-04  2.0082970E-03 -1.7907030E-03
    2057  2.0193836E+03  1.3483584E+00  1.0055250E+00  3.4283342E-01  3.2367080E-01  2.8191238E-01  4.1758420E-02  2.6141330E-04  2.0106277E-03 -1.7492144E-03
    2058  2.0193930E+03  1.3484528E+00  1.0056028E+00  3.4285007E-01  3.2321605E-01  2.8133167E-01  4.1884380E-02  3.0405562E-04  2.0116276E-03 -1.7075720E-03
    2059  2.0194024E+03  1.3485483E+00  1.0056818E+00  3.4286651E-01  3.2275405E-01  2.8074413E-01  4.2009915E-02  3.4785834E-04  2.0136221E-03 -1.6657638E-03
    2060  2.0194119E+03  1.3486357E+00  1.0057529E+00  3.4288283E-01  3.2220833E-01  2.8007879E-01  4.2129539E-02  3.9253175E-04  2.0161930E-03 -1.6236612E-03
    2061  2.0194213E+03  1.3487255E+00  1.0058268E+00  3.4289868E-01  3.2169288E-01  2.7944924E-01  4.2243641E-02  4.3532409E-04  2.0167257E-03 -1.5814016E-03
    2062  2.0194307E+03  1.3488081E+00  1.0058939E+00  3.4291426E-01  3.2111529E-01  2.7875941E-01  4.2355884E-02  4.8154178E-04  2.0205570E-03 -1.5390152E-03
    2063  2.0194401E+03  1.3488920E+00  1.0059620E+00  3.4293007E-01  3.2052851E-01  2.7806467E-01  4.2463834E-02  5.2556032E-04  2.0218581E-03 -1.4962978E-03
    2064  2.0194496E+03  1.3489676E+00  1.0060221E+00  3.4294545E-01  3.1987469E-01  2.7730808E-01  4.2566613E-02  5.7028308E-04  2.0237601E-03 -1.4534771E-03
    2065  2.0194590E+03  1.3490438E+00  1.0060833E+00  3.4296050E-01  3.1922302E-01  2.7655496E-01  4.2668067E-02  6.1429307E-04  2.0247843E-03 -1.4104912E-03
    2066  2.0194684E+03  1.3491146E+00  1.0061389E+00  3.4297571E-01  3.1852297E-01  2.7575946E-01  4.2763504E-02  6.6061736E-04  2.0278744E-03 -1.3672571E-03
    2067  2.0194778E+03  1.3491859E+00  1.0061951E+00  3.4299078E-01  3.1781370E-01  2.7496018E-01  4.2853514E-02  7.0573639E-04  2.0296072E-03 -1.3238708E-03
    2068  2.0194872E+03  1.3492461E+00  1.0062418E+00  3.4300433E-01  3.1704857E-01  2.7410823E-01  4.2940340E-02  7.5033004E-04  2.0307095E-03 -1.2803795E-03
    2069  2.0194967E+03  1.3493117E+00  1.0062921E+00  3.4301964E-01  3.1626216E-01  2.7323688E-01  4.3025281E-02  7.9580651E-04  2.0325055E-03 -1.2366990E-03
    2070  2.0195061E+03  1.3493659E+00  1.0063332E+00  3.4303275E-01  3.1544380E-01  2.7234221E-01  4.3101590E-02  8.4159482E-04  2.0344195E-03 -1.1928247E-03
    2071  2.0195155E+03  1.3494259E+00  1.0063791E+00  3.4304685E-01  3.1460151E-01  2.7142304E-01  4.3178473E-02  8.8506176E-04  2.0339064E-03 -1.1488446E-03
    2072  2.0195249E+03  1.3494742E+00  1.0064139E+00  3.4306028E-01  3.1374413E-01  2.7049578E-01  4.3248353E-02  9.3208672E-04  2.0367599E-03 -1.1046732E-03
    2073  2.0195344E+03  1.3495263E+00  1.0064529E+00  3.4307343E-01  3.1282592E-01  2.6951343E-01  4.3312488E-02  9.7721025E-04  2.0376204E-03 -1.0604101E-03
    2074  2.0195438E+03  1.3495653E+00  1.0064793E+00  3.4308601E-01  3.1186925E-01  2.6849409E-01  4.3375159E-02  1.0236867E-03  2.0397003E-03 -1.0160136E-03
    2075  2.0195532E+03  1.3496136E+00  1.0065145E+00  3.4309909E-01  3.1093234E-01  2.6749876E-01  4.3433582E-02  1.0712381E-03  2.0426768E-03 -9.7143877E-04
    2076  2.0195626E+03  1.3496452E+00  1.0065341E+00  3.4311105E-01  3.0992407E-01  2.6643793E-01  4.3486137E-02  1.1166672E-03  2.0434074E-03 -9.2674018E-04
    2077  2.0195721E+03  1.3496834E+00  1.0065602E+00  3.4312322E-01  3.0890539E-01  2.6536881E-01  4.3536582E-02  1.1640745E-03  2.0459808E-03 -8.8190626E-04
    2078  2.0195815E+03  1.3497151E+00  1.0065802E+00  3.4313487E-01  3.0786351E-01  2.6428253E-01  4.3580979E-02  1.2098308E-03  2.0467709E-03 -8.3694014E-04
    2079  2.0195909E+03  1.3497361E+00  1.0065896E+00  3.4314649E-01  3.0671712E-01  2.6309416E-01  4.3622963E-02  1.2556239E-03  2.0474959E-03 -7.9187197E-04
    2080  2.0196003E+03  1.3497688E+00  1.0066110E+00  3.4315782E-01  3.0568674E-01  2.6202356E-01  4.3663185E-02  1.3033278E-03  2.0499882E-03 -7.4666044E-04
    2081  2.0196098E+03  1.3497851E+00  1.0066167E+00  3.4316836E-01  3.0450962E-01  2.6081751E-01  4.3692112E-02  1.3502303E-03  2.0516172E-03 -7.0138696E-04
    2082  2.0196192E+03  1.3498000E+00  1.0066213E+00  3.4317877E-01  3.0333311E-01  2.5961216E-01  4.3720944E-02  1.3967190E-03  2.0527276E-03 -6.5600859E-04
    2083  2.0196286E+03  1.3498203E+00  1.0066302E+00  3.4319006E-01  3.0214041E-01  2.5839300E-01  4.3747413E-02  1.4433424E-03  2.0538361E-03 -6.1049367E-04
    2084  2.0196380E+03  1.3498236E+00  1.0066250E+00  3.4319854E-01  3.0092415E-01  2.5716057E-01  4.3763580E-02  1.4931167E-03  2.0580015E-03 -5.6488478E-04
    2085  2.0196474E+03  1.3498345E+00  1.0066256E+00  3.4320888E-01  2.9965609E-01  2.5587404E-01  4.3782052E-02  1.5361475E-03  2.0553766E-03 -5.1922912E-04
    2086  2.0196569E+03  1.3498327E+00  1.0066148E+00  3.4321788E-01  2.9833788E-01  2.5454475E-01  4.3793132E-02  1.5853512E-03  2.0587665E-03 -4.7341531E-04
    2087  2.0196663E+03  1.3498369E+00  1.0066100E+00  3.4322693E-01  2.9708562E-01  2.5328565E-01  4.3799969E-02  1.6328587E-03  2.0604290E-03 -4.2757027E-04
    2088  2.0196757E+03  1.3498296E+00  1.0065941E+00  3.4323542E-01  2.9570489E-01  2.5190282E-01  4.3802067E-02  1.6793375E-03  2.0610093E-03 -3.8167173E-04
    2089  2.0196851E+03  1.3498221E+00  1.0065783E+00  3.4324388E-01  2.9432000E-01  2.5051695E-01  4.3803056E-02  1.7255970E-03  2.0612258E-03 -3.3562881E-04
    2090  2.0196946E+03  1.3498132E+00  1.0065613E+00  3.4325195E-01  2.9296509E-01  2.4916691E-01  4.3798180E-02  1.7750052E-03  2.0645266E-03 -2.8952135E-04
    2091  2.0197040E+03  1.3497912E+00  1.0065319E+00  3.4325927E-01  2.9147161E-01  2.4768267E-01  4.3788931E-02  1.8204314E-03  2.0638489E-03 -2.4341750E-04
    2092  2.0197134E+03  1.3497862E+00  1.0065195E+00  3.4326667E-01  2.9013092E-01  2.4635702E-01  4.3773898E-02  1.8720924E-03  2.0692240E-03 -1.9713159E-04
    2093  2.0197228E+03  1.3497477E+00  1.0064738E+00  3.4327392E-01  2.8850318E-01  2.4474437E-01  4.3758816E-02  1.9148262E-03  2.0658305E-03 -1.5100423E-04
    2094  2.0197323E+03  1.3497398E+00  1.0064586E+00  3.4328120E-01  2.8712441E-01  2.4338335E-01  4.3741061E-02  1.9677992E-03  2.0723147E-03 -1.0451559E-04
    2095  2.0197417E+03  1.3496962E+00  1.0064109E+00  3.4328535E-01  2.8551204E-01  2.4180807E-01  4.3703966E-02  2.0111073E-03  2.0692446E-03 -5.8137221E-05
    2096  2.0197511E+03  1.3496749E+00  1.0063828E+00  3.4329214E-01  2.8398249E-01  2.4030623E-01  4.3676263E-02  2.0619220E-03  2.0738317E-03 -1.1909732E-05
    2097  2.0197605E+03  1.3496258E+00  1.0063284E+00  3.4329739E-01  2.8234703E-01  2.3870349E-01  4.3643532E-02  2.1075541E-03  2.0730082E-03  3.4545902E-05
    2098  2.0197699E+03  1.3496046E+00  1.0063011E+00  3.4330353E-01  2.8079923E-01  2.3719297E-01  4.3606259E-02  2.1553709E-03  2.0741898E-03  8.1181061E-05
    2099  2.0197794E+03  1.3495449E+00  1.0062386E+00  3.4330633E-01  2.7909191E-01  2.3553546E-01  4.3556446E-02  2.2054067E-03  2.0778007E-03  1.2760600E-04
    2100  2.0197888E+03  1.3495046E+00  1.0061926E+00  3.4331197E-01  2.7743777E-01  2.3392262E-01  4.3515146E-02  2.2478586E-03  2.0738020E-03  1.7405664E-04
    2101  2.0197982E+03  1.3494627E+00  1.0061461E+00  3.4331658E-01  2.7577147E-01  2.3230348E-01  4.3467993E-02  2.2994530E-03  2.0786864E-03  2.2076668E-04
    2102  2.0198076E+03  1.3494001E+00  1.0060812E+00  3.4331898E-01  2.7401655E-01  2.3061010E-01  4.3406449E-02  2.3463693E-03  2.0790445E-03  2.6732477E-04
    2103  2.0198171E+03  1.3493471E+00  1.0060233E+00  3.4332372E-01  2.7227413E-01  2.2892219E-01  4.3351936E-02  2.3935002E-03  2.0796477E-03  3.1385255E-04
    2104  2.0198265E+03  1.3492868E+00  1.0059607E+00  3.4332604E-01  2.7050306E-01  2.2721766E-01  4.3285401E-02  2.4413610E-03  2.0808613E-03  3.6049966E-04
    2105  2.0198359E+03  1.3492232E+00  1.0058951E+00  3.4332812E-01  2.6870868E-01  2.2549268E-01  4.3215998E-02  2.4907772E-03  2.0837805E-03  4.0699667E-04
    2106  2.0198453E+03  1.3491580E+00  1.0058273E+00  3.4333073E-01  2.6684963E-01  2.2370578E-01  4.3143851E-02  2.5361128E-03  2.0825194E-03  4.5359337E-04
    2107  2.0198548E+03  1.3490871E+00  1.0057547E+00  3.4333234E-01  2.6504747E-01  2.2197813E-01  4.3069332E-02  2.5855605E-03  2.0853761E-03  5.0018436E-04
    2108  2.0198642E+03  1.3490187E+00  1.0056847E+00  3.4333404E-01  2.6314998E-01  2.2016275E-01  4.2987232E-02  2.6333585E-03  2.0865432E-03  5.4681531E-04
    2109  2.0198736E+03  1.3489321E+00  1.0055979E+00  3.4333415E-01  2.6121481E-01  2.1831347E-01  4.2901348E-02  2.6784834E-03  2.0851424E-03  5.9334092E-04
    2110  2.0198830E+03  1.3488647E+00  1.0055288E+00  3.4333594E-01  2.5934552E-01  2.1652763E-01  4.2817895E-02  2.7286699E-03  2.0888265E-03  6.3984341E-04
    2111  2.0198924E+03  1.3487711E+00  1.0054356E+00  3.4333546E-01  2.5732630E-01  2.1460732E-01  4.2718987E-02  2.7739953E-03  2.0875711E-03  6.8642422E-04
    2112  2.0199019E+03  1.3486996E+00  1.0053632E+00  3.4333643E-01  2.5543625E-01  2.1280672E-01  4.2629526E-02  2.8234557E-03  2.0906049E-03  7.3285080E-04
    2113  2.0199113E+03  1.3485946E+00  1.0052593E+00  3.4333524E-01  2.5335450E-01  2.1083035E-01  4.2524151E-02  2.8694497E-03  2.0900727E-03  7.7937697E-04
    2114  2.0199207E+03  1.3485156E+00  1.0051806E+00  3.4333496E-01  2.5138857E-01  2.0896707E-01  4.2421506E-02  2.9177981E-03  2.0920087E-03  8.2578946E-04
    2115  2.0199301E+03  1.3484123E+00  1.0050791E+00  3.4333323E-01  2.4931270E-01  2.0700226E-01  4.2310439E-02  2.9654729E-03  2.0933367E-03  8.7213617E-04
    2116  2.0199396E+03  1.3483204E+00  1.0049883E+00  3.4333215E-01  2.4725534E-01  2.0505711E-01  4.2198227E-02  3.0124000E-03  2.0939552E-03  9.1844480E-04
    2117  2.0199490E+03  1.3482138E+00  1.0048833E+00  3.4333044E-01  2.4513450E-01  2.0304961E-01  4.2084892E-02  3.0586363E-03  2.0938811E-03  9.6475514E-04
    2118  2.0199584E+03  1.3481138E+00  1.0047863E+00  3.4332755E-01  2.4305536E-01  2.0109295E-01  4.1962414E-02  3.1078402E-03  2.0967737E-03  1.0110665E-03
    2119  2.0199678E+03  1.3480085E+00  1.0046828E+00  3.4332566E-01  2.4088256E-01  1.9904508E-01  4.1837475E-02  3.1509747E-03  2.0937882E-03  1.0571865E-03
    2120  2.0199773E+03  1.3478935E+00  1.0045712E+00  3.4332230E-01  2.3873377E-01  1.9702365E-01  4.1710118E-02  3.2009386E-03  2.0976754E-03  1.1032633E-03
    2121  2.0199867E+03  1.3477899E+00  1.0044707E+00  3.4331913E-01  2.3655265E-01  1.9497964E-01  4.1573005E-02  3.2471861E-03  2.0978556E-03  1.1493305E-03
    2122  2.0199961E+03  1.3476643E+00  1.0043496E+00  3.4331469E-01  2.3432123E-01  1.9288346E-01  4.1437761E-02  3.2903597E-03  2.0951204E-03  1.1952393E-03
    2123  2.0200055E+03  1.3475536E+00  1.0042431E+00  3.4331048E-01  2.3210717E-01  1.9081189E-01  4.1295273E-02  3.3403309E-03  2.0991781E-03  1.2411528E-03
    2124  2.0200150E+03  1.3474286E+00  1.0041223E+00  3.4330636E-01  2.2985692E-01  1.8870587E-01  4.1151046E-02  3.3889462E-03  2.1020093E-03  1.2869369E-03
    2125  2.0200244E+03  1.3473113E+00  1.0040100E+00  3.4330129E-01  2.2755994E-01  1.8655789E-01  4.1002046E-02  3.4306054E-03  2.0979451E-03  1.3326604E-03
    2126  2.0200338E+03  1.3471813E+00  1.0038852E+00  3.4329613E-01  2.2528914E-01  1.8443803E-01  4.0851105E-02  3.4787878E-03  2.1004871E-03  1.3783007E-03
    2127  2.0200432E+03  1.3470524E+00  1.0037614E+00  3.4329096E-01  2.2295275E-01  1.8225875E-01  4.0693997E-02  3.5276322E-03  2.1037942E-03  1.4238380E-03
    2128  2.0200526E+03  1.3469250E+00  1.0036407E+00  3.4328428E-01  2.2062424E-01  1.8009343E-01  4.0530801E-02  3.5706899E-03  2.1013945E-03  1.4692953E-03
    2129  2.0200621E+03  1.3467883E+00  1.0035103E+00  3.4327799E-01  2.1825691E-01  1.7789085E-01  4.0366053E-02  3.6197842E-03  2.1051605E-03  1.5146237E-03
    2130  2.0200715E+03  1.3466568E+00  1.0033851E+00  3.4327170E-01  2.1587831E-01  1.7567786E-01  4.0200451E-02  3.6635373E-03  2.1036814E-03  1.5598560E-03
    2131  2.0200809E+03  1.3465149E+00  1.0032504E+00  3.4326452E-01  2.1347647E-01  1.7344891E-01  4.0027561E-02  3.7092620E-03  2.1042440E-03  1.6050181E-03
    2132  2.0200903E+03  1.3463777E+00  1.0031209E+00  3.4325685E-01  2.1105852E-01  1.7120824E-01  3.9850281E-02  3.7557414E-03  2.1057222E-03  1.6500192E-03
    2133  2.0200998E+03  1.3462324E+00  1.0029829E+00  3.4324945E-01  2.0861072E-01  1.6893952E-01  3.9671200E-02  3.7997478E-03  2.1048639E-03  1.6948839E-03
    2134  2.0201092E+03  1.3460922E+00  1.0028508E+00  3.4324136E-01  2.0615329E-01  1.6666513E-01  3.9488158E-02  3.8456983E-03  2.1060581E-03  1.7396401E-03
    2135  2.0201186E+03  1.3459412E+00  1.0027081E+00  3.4323314E-01  2.0366623E-01  1.6436519E-01  3.9301039E-02  3.8911688E-03  2.1068740E-03  1.7842949E-03
    2136  2.0201280E+03  1.3457950E+00  1.0025706E+00  3.4322431E-01  2.0117174E-01  1.6206237E-01  3.9109369E-02  3.9353729E-03  2.1065662E-03  1.8288067E-03
    2137  2.0201375E+03  1.3456420E+00  1.0024268E+00  3.4321520E-01  1.9864305E-01  1.5972703E-01  3.8916019E-02  3.9806042E-03  2.1074242E-03  1.8731800E-03
    2138  2.0201469E+03  1.3454939E+00  1.0022876E+00  3.4320635E-01  1.9612071E-01  1.5740219E-01  3.8718518E-02  4.0239878E-03  2.1065467E-03  1.9174411E-03
    2139  2.0201563E+03  1.3453359E+00  1.0021399E+00  3.4319606E-01  1.9355182E-01  1.5503846E-01  3.8513366E-02  4.0689441E-03  2.1074263E-03  1.9615178E-03
    2140  2.0201657E+03  1.3451801E+00  1.0019939E+00  3.4318612E-01  1.9097236E-01  1.5266316E-01  3.8309194E-02  4.1140655E-03  2.1086522E-03  2.0054133E-03
    2141  2.0201751E+03  1.3450216E+00  1.0018453E+00  3.4317627E-01  1.8838488E-01  1.5028391E-01  3.8100970E-02  4.1568461E-03  2.1076092E-03  2.0492369E-03
    2142  2.0201846E+03  1.3448634E+00  1.0016983E+00  3.4316511E-01  1.8577293E-01  1.4788744E-01  3.7885489E-02  4.2023699E-03  2.1094723E-03  2.0928976E-03
    2143  2.0201940E+03  1.3447001E+00  1.0015460E+00  3.4315413E-01  1.8313965E-01  1.4547151E-01  3.7668146E-02  4.2459466E-03  2.1096099E-03  2.1363367E-03
    2144  2.0202034E+03  1.3445386E+00  1.0013956E+00  3.4314292E-01  1.8048866E-01  1.4303949E-01  3.7449163E-02  4.2900036E-03  2.1103730E-03  2.1796306E-03
    2145  2.0202128E+03  1.3443722E+00  1.0012408E+00  3.4313135E-01  1.7783739E-01  1.4061157E-01  3.7225820E-02  4.3330515E-03  2.1102241E-03  2.2228274E-03
    2146  2.0202223E+03  1.3442088E+00  1.0010893E+00  3.4311944E-01  1.7514060E-01  1.3814344E-01  3.6997162E-02  4.3771031E-03  2.1112957E-03  2.2658075E-03
    2147  2.0202317E+03  1.3440395E+00  1.0009321E+00  3.4310745E-01  1.7245714E-01  1.3569260E-01  3.6764541E-02  4.4205257E-03  2.1119303E-03  2.3085954E-03
    2148  2.0202411E+03  1.3438708E+00  1.0007760E+00  3.4309477E-01  1.6971221E-01  1.3318012E-01  3.6532088E-02  4.4620403E-03  2.1108597E-03  2.3511806E-03
    2149  2.0202505E+03  1.3437048E+00  1.0006221E+00  3.4308274E-01  1.6703325E-01  1.3073855E-01  3.6294698E-02  4.5065986E-03  2.1128749E-03  2.3937237E-03
    2150  2.0202600E+03  1.3435276E+00  1.0004585E+00  3.4306901E-01  1.6423702E-01  1.2818636E-01  3.6050653E-02  4.5457913E-03  2.1098811E-03  2.4359102E-03
    2151  2.0202694E+03  1.3433599E+00  1.0003035E+00  3.4305640E-01  1.6150290E-01  1.2569453E-01  3.5808372E-02  4.5898073E-03  2.1118647E-03  2.4779426E-03
    2152  2.0202788E+03  1.3431821E+00  1.0001400E+00  3.4304216E-01  1.5870428E-01  1.2314482E-01  3.5559454E-02  4.6295076E-03  2.1096789E-03  2.5198287E-03
    2153  2.0202882E+03  1.3430144E+00  9.9998527E-01  3.4302908E-01  1.5593451E-01  1.2062571E-01  3.5308797E-02  4.6733331E-03  2.1118490E-03  2.5614841E-03
    2154  2.0202976E+03  1.3428334E+00  9.9981901E-01  3.4301443E-01  1.5311002E-01  1.1805759E-01  3.5052434E-02  4.7148966E-03  2.1119675E-03  2.6029291E-03
    2155  2.0203071E+03  1.3426594E+00  9.9965877E-01  3.4300066E-01  1.5028153E-01  1.1548545E-01  3.4796077E-02  4.7549916E-03  2.1107711E-03  2.6442205E-03
    2156  2.0203165E+03  1.3424833E+00  9.9949734E-01  3.4298599E-01  1.4746530E-01  1.1293165E-01  3.4533652E-02  4.7977417E-03  2.1124356E-03  2.6853061E-03
    2157  2.0203259E+03  1.3423049E+00  9.9933422E-01  3.4297072E-01  1.4459622E-01  1.1033100E-01  3.4265226E-02  4.8379656E-03  2.1118970E-03  2.7260686E-03
    2158  2.0203353E+03  1.3421254E+00  9.9916938E-01  3.4295603E-01  1.4172998E-01  1.0773098E-01  3.3998992E-02  4.8779963E-03  2.1113450E-03  2.7666513E-03
    2159  2.0203448E+03  1.3419483E+00  9.9900722E-01  3.4294109E-01  1.3885968E-01  1.0512994E-01  3.3729740E-02  4.9188355E-03  2.1117480E-03  2.8070875E-03
    2160  2.0203542E+03  1.3417693E+00  9.9884432E-01  3.4292502E-01  1.3596588E-01  1.0251458E-01  3.3451299E-02  4.9597089E-03  2.1124348E-03  2.8472741E-03
    2161  2.0203636E+03  1.3415875E+00  9.9867814E-01  3.4290941E-01  1.3305118E-01  9.9878409E-02  3.3172768E-02  4.9981216E-03  2.1109751E-03  2.8871465E-03
    2162  2.0203730E+03  1.3414092E+00  9.9851508E-01  3.4289413E-01  1.3013805E-01  9.7242870E-02  3.2895180E-02  5.0391495E-03  2.1122972E-03  2.9268523E-03
    2163  2.0203825E+03  1.3412274E+00  9.9835002E-01  3.4287737E-01  1.2721124E-01  9.4603542E-02  3.2607700E-02  5.0773082E-03  2.1109218E-03  2.9663864E-03
    2164  2.0203919E+03  1.3410490E+00  9.9818756E-01  3.4286140E-01  1.2425946E-01  9.1939284E-02  3.2320179E-02  5.1182556E-03  2.1127042E-03  3.0055514E-03
    2165  2.0204013E+03  1.3408643E+00  9.9801948E-01  3.4284483E-01  1.2130826E-01  8.9276393E-02  3.2031864E-02  5.1557368E-03  2.1112165E-03  3.0445203E-03
    2166  2.0204107E+03  1.3406867E+00  9.9785864E-01  3.4282806E-01  1.1834538E-01  8.6608492E-02  3.1736893E-02  5.1938452E-03  2.1105577E-03  3.0832875E-03
    2167  2.0204201E+03  1.3405035E+00  9.9769253E-01  3.4281098E-01  1.1535233E-01  8.3912743E-02  3.1439584E-02  5.2333775E-03  2.1116269E-03  3.1217506E-03
    2168  2.0204296E+03  1.3403239E+00  9.9752940E-01  3.4279451E-01  1.1238057E-01  8.1240688E-02  3.1139887E-02  5.2690139E-03  2.1090359E-03  3.1599780E-03
    2169  2.0204390E+03  1.3401446E+00  9.9736783E-01  3.4277681E-01  1.0936006E-01  7.8522852E-02  3.0837205E-02  5.3084200E-03  2.1104902E-03  3.1979298E-03
    2170  2.0204484E+03  1.3399608E+00  9.9720093E-01  3.4275988E-01  1.0636482E-01  7.5832044E-02  3.0532780E-02  5.3451596E-03  2.1095163E-03  3.2356433E-03
    2171  2.0204578E+03  1.3397822E+00  9.9704051E-01  3.4274169E-01  1.0333400E-01  7.3111894E-02  3.0222107E-02  5.3823699E-03  2.1092890E-03  3.2730809E-03
    2172  2.0204673E+03  1.3396004E+00  9.9687572E-01  3.4272468E-01  1.0030181E-01  7.0390682E-02  2.9911128E-02  5.4196615E-03  2.1094304E-03  3.3102310E-03
    2173  2.0204767E+03  1.3394232E+00  9.9671653E-01  3.4270667E-01  9.7262186E-02  6.7664971E-02  2.9597215E-02  5.4563532E-03  2.1092266E-03  3.3471266E-03
    2174  2.0204861E+03  1.3392418E+00  9.9655329E-01  3.4268854E-01  9.4208074E-02  6.4928551E-02  2.9279523E-02  5.4924023E-03  2.1086407E-03  3.3837616E-03
    2175  2.0204955E+03  1.3390652E+00  9.9639456E-01  3.4267065E-01  9.1149588E-02  6.2190557E-02  2.8959031E-02  5.5287421E-03  2.1086426E-03  3.4200995E-03
    2176  2.0205050E+03  1.3388854E+00  9.9623271E-01  3.4265272E-01  8.8077425E-02  5.9440800E-02  2.8636624E-02  5.5638267E-03  2.1076715E-03  3.4561552E-03
    2177  2.0205144E+03  1.3387086E+00  9.9607463E-01  3.4263399E-01  8.4999703E-02  5.6688300E-02  2.8311404E-02  5.5997075E-03  2.1077692E-03  3.4919382E-03
    2178  2.0205238E+03  1.3385312E+00  9.9591554E-01  3.4261567E-01  8.1914673E-02  5.3933048E-02  2.7981624E-02  5.6344570E-03  2.1070343E-03  3.5274227E-03
    2179  2.0205332E+03  1.3383578E+00  9.9576032E-01  3.4259746E-01  7.8816032E-02  5.1165660E-02  2.7650372E-02  5.6681404E-03  2.1055614E-03  3.5625789E-03
    2180  2.0205427E+03  1.3381790E+00  9.9560022E-01  3.4257874E-01  7.5712690E-02  4.8394168E-02  2.7318522E-02  5.7040404E-03  2.1065597E-03  3.5974807E-03
    2181  2.0205521E+03  1.3380080E+00  9.9544813E-01  3.4255988E-01  7.2608285E-02  4.5625857E-02  2.6982428E-02  5.7386190E-03  2.1064917E-03  3.6321273E-03
    2182  2.0205615E+03  1.3378318E+00  9.9529065E-01  3.4254113E-01  6.9484370E-02  4.2840914E-02  2.6643456E-02  5.7714345E-03  2.1050022E-03  3.6664323E-03
    2183  2.0205709E+03  1.3376671E+00  9.9514403E-01  3.4252307E-01  6.6369010E-02  4.0065304E-02  2.6303706E-02  5.8058891E-03  2.1054571E-03  3.7004320E-03
    2184  2.0205803E+03  1.3374885E+00  9.9498500E-01  3.4250348E-01  6.3231975E-02  3.7274215E-02  2.5957760E-02  5.8373657E-03  2.1032203E-03  3.7341453E-03
    2185  2.0205898E+03  1.3373216E+00  9.9483662E-01  3.4248502E-01  6.0093903E-02  3.4482485E-02  2.5611418E-02  5.8729247E-03  2.1054439E-03  3.7674807E-03
    2186  2.0205992E+03  1.3371537E+00  9.9468803E-01  3.4246570E-01  5.6949009E-02  3.1686522E-02  2.5262487E-02  5.9005902E-03  2.1000740E-03  3.8005162E-03
    2187  2.0206086E+03  1.3369853E+00  9.9453823E-01  3.4244708E-01  5.3797479E-02  2.8887457E-02  2.4910022E-02  5.9347005E-03  2.1014429E-03  3.8332575E-03
    2188  2.0206180E+03  1.3368226E+00  9.9439469E-01  3.4242788E-01  5.0647627E-02  2.6090570E-02  2.4557057E-02  5.9669593E-03  2.1012891E-03  3.8656702E-03
    2189  2.0206275E+03  1.3366552E+00  9.9424649E-01  3.4240875E-01  4.7487135E-02  2.3286521E-02  2.4200614E-02  5.9953947E-03  2.0976315E-03  3.8977633E-03
    2190  2.0206369E+03  1.3364949E+00  9.9410545E-01  3.4238944E-01  4.4317941E-02  2.0474476E-02  2.3843466E-02  6.0294378E-03  2.0999314E-03  3.9295064E-03
    2191  2.0206463E+03  1.3363322E+00  9.9396139E-01  3.4237083E-01  4.1155989E-02  1.7675425E-02  2.3480563E-02  6.0606289E-03  2.0996575E-03  3.9609714E-03
    2192  2.0206557E+03  1.3361769E+00  9.9382579E-01  3.4235115E-01  3.7974307E-02  1.4853689E-02  2.3120619E-02  6.0913599E-03  2.0993532E-03  3.9920067E-03
    2193  2.0206652E+03  1.3360135E+00  9.9368082E-01  3.4233273E-01  3.4802606E-02  1.2049667E-02  2.2752940E-02  6.1203748E-03  2.0975055E-03  4.0228693E-03
    2194  2.0206746E+03  1.3358607E+00  9.9354754E-01  3.4231311E-01  3.1616999E-02  9.2308065E-03  2.2386192E-02  6.1515770E-03  2.0983378E-03  4.0532392E-03
    2195  2.0206840E+03  1.3357084E+00  9.9341413E-01  3.4229432E-01  2.8435364E-02  6.4182780E-03  2.2017086E-02  6.1784342E-03  2.0950805E-03  4.0833536E-03
    2196  2.0206934E+03  1.3355526E+00  9.9327753E-01  3.4227504E-01  2.5245222E-02  3.6012674E-03  2.1643955E-02  6.2080417E-03  2.0949287E-03  4.1131130E-03
    2197  2.0207028E+03  1.3354056E+00  9.9314905E-01  3.4225657E-01  2.2056411E-02  7.8727905E-04  2.1269132E-02  6.2374426E-03  2.0949637E-03  4.1424789E-03
    2198  2.0207123E+03  1.3352545E+00  9.9301723E-01  3.4223732E-01  1.8856492E-02 -2.0380615E-03  2.0894553E-02  6.2642844E-03  2.0928016E-03  4.1714828E-03
    2199  2.0207217E+03  1.3351129E+00  9.9289457E-01  3.4221833E-01  1.5669241E-02 -4.8490765E-03  2.0518318E-02  6.2937599E-03  2.0935249E-03  4.2002350E-03
    2200  2.0207311E+03  1.3349654E+00  9.9276583E-01  3.4219953E-01  1.2472359E-02 -7.6645446E-03  2.0136904E-02  6.3201553E-03  2.0915426E-03  4.2286127E-03
    2201  2.0207405E+03  1.3348229E+00  9.9264188E-01  3.4218100E-01  9.2690169E-03 -1.0484711E-02  1.9753728E-02  6.3480203E-03  2.0914858E-03  4.2565345E-03
    2202  2.0207500E+03  1.3346877E+00  9.9252587E-01  3.4216179E-01  6.0705099E-03 -1.3301931E-02  1.9372441E-02  6.3747598E-03  2.0906453E-03  4.2841146E-03
    2203  2.0207594E+03  1.3345470E+00  9.9240342E-01  3.4214362E-01  2.8723327E-03 -1.6112006E-02  1.8984339E-02  6.3998666E-03  2.0884159E-03  4.3114507E-03
    2204  2.0207688E+03  1.3344150E+00  9.9228972E-01  3.4212524E-01 -3.3446015E-04 -1.8930046E-02  1.8595586E-02  6.4251210E-03  2.0868559E-03  4.3382651E-03
    2205  2.0207782E+03  1.3342814E+00  9.9217471E-01  3.4210671E-01 -3.5372365E-03 -2.1743397E-02  1.8206160E-02  6.4517092E-03  2.0869656E-03  4.3647435E-03
    2206  2.0207877E+03  1.3341525E+00  9.9206432E-01  3.4208821E-01 -6.7338102E-03 -2.4550677E-02  1.7816867E-02  6.4765507E-03  2.0856587E-03  4.3908920E-03
    2207  2.0207971E+03  1.3340205E+00  9.9195068E-01  3.4206984E-01 -9.9407975E-03 -2.7364353E-02  1.7423556E-02  6.5002293E-03  2.0835479E-03  4.4166814E-03
    2208  2.0208065E+03  1.3338997E+00  9.9184758E-01  3.4205214E-01 -1.3137963E-02 -3.0166199E-02  1.7028236E-02  6.5246224E-03  2.0825621E-03  4.4420602E-03
    2209  2.0208159E+03  1.3337791E+00  9.9174543E-01  3.4203371E-01 -1.6340239E-02 -3.2972927E-02  1.6632688E-02  6.5500234E-03  2.0829939E-03  4.4670295E-03
    2210  2.0208253E+03  1.3336577E+00  9.9164193E-01  3.4201575E-01 -1.9538993E-02 -3.5775005E-02  1.6236012E-02  6.5727934E-03  2.0811238E-03  4.4916696E-03
    2211  2.0208348E+03  1.3335383E+00  9.9154025E-01  3.4199809E-01 -2.2733720E-02 -3.8569704E-02  1.5835983E-02  6.5969191E-03  2.0809538E-03  4.5159653E-03
    2212  2.0208442E+03  1.3334256E+00  9.9144511E-01  3.4198050E-01 -2.5934756E-02 -4.1369781E-02  1.5435025E-02  6.6198539E-03  2.0800568E-03  4.5397971E-03
    2213  2.0208536E+03  1.3333166E+00  9.9135362E-01  3.4196295E-01 -2.9122690E-02 -4.4155674E-02  1.5032984E-02  6.6404906E-03  2.0771925E-03  4.5632981E-03
    2214  2.0208630E+03  1.3332035E+00  9.9125789E-01  3.4194563E-01 -3.2319387E-02 -4.6947438E-02  1.4628051E-02  6.6650757E-03  2.0786769E-03  4.5863989E-03
    2215  2.0208725E+03  1.3331058E+00  9.9117649E-01  3.4192927E-01 -3.5495680E-02 -4.9717943E-02  1.4222264E-02  6.6848378E-03  2.0757747E-03  4.6090630E-03
    2216  2.0208819E+03  1.3329931E+00  9.9108213E-01  3.4191092E-01 -3.8702357E-02 -5.2518603E-02  1.3816247E-02  6.7045316E-03  2.0732077E-03  4.6313239E-03
    2217  2.0208913E+03  1.3328989E+00  9.9100347E-01  3.4189540E-01 -4.1869462E-02 -5.5276301E-02  1.3406839E-02  6.7266212E-03  2.0733608E-03  4.6532604E-03
    2218  2.0209007E+03  1.3328035E+00  9.9092507E-01  3.4187846E-01 -4.5048520E-02 -5.8045585E-02  1.2997065E-02  6.7474996E-03  2.0727870E-03  4.6747126E-03
    2219  2.0209102E+03  1.3327084E+00  9.9084672E-01  3.4186172E-01 -4.8229857E-02 -6.0816696E-02  1.2586839E-02  6.7651783E-03  2.0693808E-03  4.6957975E-03
    2220  2.0209196E+03  1.3326141E+00  9.9076795E-01  3.4184619E-01 -5.1397756E-02 -6.3572419E-02  1.2174663E-02  6.7851185E-03  2.0686107E-03  4.7165079E-03
    2221  2.0209290E+03  1.3325331E+00  9.9070324E-01  3.4182983E-01 -5.4552067E-02 -6.6313244E-02  1.1761177E-02  6.8073094E-03  2.0705733E-03  4.7367361E-03
    2222  2.0209384E+03  1.3324443E+00  9.9063059E-01  3.4181370E-01 -5.7726681E-02 -6.9073918E-02  1.1347237E-02  6.8225295E-03  2.0659164E-03  4.7566131E-03
    2223  2.0209479E+03  1.3323584E+00  9.9056008E-01  3.4179831E-01 -6.0888317E-02 -7.1819675E-02  1.0931359E-02  6.8385059E-03  2.0624128E-03  4.7760931E-03
    2224  2.0209573E+03  1.3322915E+00  9.9050845E-01  3.4178308E-01 -6.4016614E-02 -7.4533186E-02  1.0516572E-02  6.8616518E-03  2.0665310E-03  4.7951207E-03
    2225  2.0209667E+03  1.3322104E+00  9.9044314E-01  3.4176729E-01 -6.7164011E-02 -7.7261735E-02  1.0097724E-02  6.8775925E-03  2.0638034E-03  4.8137892E-03
    2226  2.0209761E+03  1.3321367E+00  9.9038368E-01  3.4175299E-01 -7.0321347E-02 -7.9999509E-02  9.6781626E-03  6.8891149E-03  2.0571369E-03  4.8319780E-03
    2227  2.0209855E+03  1.3320719E+00  9.9033351E-01  3.4173839E-01 -7.3445161E-02 -8.2705246E-02  9.2600849E-03  6.9098553E-03  2.0601119E-03  4.8497434E-03
    2228  2.0209950E+03  1.3320061E+00  9.9028293E-01  3.4172320E-01 -7.6558093E-02 -8.5398850E-02  8.8407568E-03  6.9271904E-03  2.0600261E-03  4.8671642E-03
    2229  2.0210044E+03  1.3319439E+00  9.9023486E-01  3.4170906E-01 -7.9680996E-02 -8.8098782E-02  8.4177858E-03  6.9391100E-03  2.0549690E-03  4.8841411E-03
    2230  2.0210138E+03  1.3318869E+00  9.9019077E-01  3.4169615E-01 -8.2795407E-02 -9.0788999E-02  7.9935917E-03  6.9583696E-03  2.0577497E-03  4.9006199E-03
    2231  2.0210232E+03  1.3318302E+00  9.9014878E-01  3.4168138E-01 -8.5906404E-02 -9.3479362E-02  7.5729579E-03  6.9695536E-03  2.0528611E-03  4.9166925E-03
    2232  2.0210327E+03  1.3317793E+00  9.9011114E-01  3.4166818E-01 -8.8983778E-02 -9.6134001E-02  7.1502228E-03  6.9871736E-03  2.0547031E-03  4.9324705E-03
    2233  2.0210421E+03  1.3317317E+00  9.9007683E-01  3.4165489E-01 -9.2080950E-02 -9.8805428E-02  6.7244786E-03  6.9984709E-03  2.0507261E-03  4.9477447E-03
    2234  2.0210515E+03  1.3316854E+00  9.9004339E-01  3.4164199E-01 -9.5157312E-02 -1.0145676E-01  6.2994530E-03  7.0129623E-03  2.0503931E-03  4.9625692E-03
    2235  2.0210609E+03  1.3316451E+00  9.9001544E-01  3.4162965E-01 -9.8223215E-02 -1.0409683E-01  5.8736151E-03  7.0243498E-03  2.0474017E-03  4.9769481E-03
    2236  2.0210704E+03  1.3316071E+00  9.8998960E-01  3.4161750E-01 -1.0128478E-01 -1.0673073E-01  5.4459506E-03  7.0363750E-03  2.0454888E-03  4.9908862E-03
    2237  2.0210798E+03  1.3315756E+00  9.8997022E-01  3.4160534E-01 -1.0433983E-01 -1.0935976E-01  5.0199299E-03  7.0487674E-03  2.0444123E-03  5.0043550E-03
    2238  2.0210892E+03  1.3315426E+00  9.8994944E-01  3.4159313E-01 -1.0737452E-01 -1.1196814E-01  4.5936242E-03  7.0595457E-03  2.0420733E-03  5.0174724E-03
    2239  2.0210986E+03  1.3315143E+00  9.8993212E-01  3.4158218E-01 -1.1040519E-01 -1.1456928E-01  4.1640860E-03  7.0716529E-03  2.0415134E-03  5.0301395E-03
    2240  2.0211080E+03  1.3314914E+00  9.8992025E-01  3.4157120E-01 -1.1343321E-01 -1.1716844E-01  3.7352289E-03  7.0820254E-03  2.0397394E-03  5.0422860E-03
    2241  2.0211175E+03  1.3314730E+00  9.8991307E-01  3.4155991E-01 -1.1643585E-01 -1.1974349E-01  3.3076438E-03  7.0917903E-03  2.0377357E-03  5.0540546E-03
    2242  2.0211269E+03  1.3314528E+00  9.8990322E-01  3.4154953E-01 -1.1944136E-01 -1.2231862E-01  2.8772568E-03  7.1027283E-03  2.0373120E-03  5.0654163E-03
    2243  2.0211363E+03  1.3314460E+00  9.8990626E-01  3.4153977E-01 -1.2240741E-01 -1.2485555E-01  2.4481459E-03  7.1096824E-03  2.0334192E-03  5.0762632E-03
    2244  2.0211457E+03  1.3314292E+00  9.8989976E-01  3.4152948E-01 -1.2541836E-01 -1.2743602E-01  2.0176617E-03  7.1201791E-03  2.0334998E-03  5.0866793E-03
    2245  2.0211552E+03  1.3314248E+00  9.8990498E-01  3.4151981E-01 -1.2836547E-01 -1.2995336E-01  1.5878906E-03  7.1276680E-03  2.0309708E-03  5.0966972E-03
    2246  2.0211646E+03  1.3314318E+00  9.8992061E-01  3.4151121E-01 -1.3129087E-01 -1.3244923E-01  1.1583617E-03  7.1358515E-03  2.0296286E-03  5.1062229E-03
    2247  2.0211740E+03  1.3314165E+00  9.8991481E-01  3.4150171E-01 -1.3428253E-01 -1.3501052E-01  7.2798976E-04  7.1440130E-03  2.0286774E-03  5.1153356E-03
    2248  2.0211834E+03  1.3314365E+00  9.8994315E-01  3.4149330E-01 -1.3715860E-01 -1.3745726E-01  2.9865324E-04  7.1496817E-03  2.0256691E-03  5.1240126E-03
    2249  2.0211929E+03  1.3314339E+00  9.8994896E-01  3.4148498E-01 -1.4010739E-01 -1.3997332E-01 -1.3407028E-04  7.1577012E-03  2.0255095E-03  5.1321917E-03
    2250  2.0212023E+03  1.3314518E+00  9.8997466E-01  3.4147710E-01 -1.4299338E-01 -1.4243048E-01 -5.6289866E-04  7.1635805E-03  2.0236332E-03  5.1399473E-03
    2251  2.0212117E+03  1.3314654E+00  9.8999585E-01  3.4146956E-01 -1.4587283E-01 -1.4487971E-01 -9.9312765E-04  7.1681689E-03  2.0208981E-03  5.1472708E-03
    2252  2.0212211E+03  1.3314837E+00  9.9002107E-01  3.4146261E-01 -1.4876174E-01 -1.4733718E-01 -1.4245646E-03  7.1742329E-03  2.0201101E-03  5.1541228E-03
    2253  2.0212305E+03  1.3315075E+00  9.9005187E-01  3.4145562E-01 -1.5161080E-01 -1.4975590E-01 -1.8548962E-03  7.1766048E-03  2.0161154E-03  5.1604895E-03
    2254  2.0212400E+03  1.3315354E+00  9.9008621E-01  3.4144915E-01 -1.5445122E-01 -1.5216616E-01 -2.2850516E-03  7.1821067E-03  2.0156848E-03  5.1664219E-03
    2255  2.0212494E+03  1.3315591E+00  9.9011661E-01  3.4144254E-01 -1.5729213E-01 -1.5457763E-01 -2.7144923E-03  7.1837546E-03  2.0118612E-03  5.1718934E-03
    2256  2.0212588E+03  1.3315938E+00  9.9015669E-01  3.4143715E-01 -1.6011194E-01 -1.5696763E-01 -3.1443061E-03  7.1878974E-03  2.0109628E-03  5.1769346E-03
    2257  2.0212682E+03  1.3316333E+00  9.9020194E-01  3.4143137E-01 -1.6288413E-01 -1.5931038E-01 -3.5737546E-03  7.1917928E-03  2.0103019E-03  5.1814910E-03
    2258  2.0212777E+03  1.3316731E+00  9.9024704E-01  3.4142602E-01 -1.6568086E-01 -1.6167709E-01 -4.0037733E-03  7.1923136E-03  2.0067198E-03  5.1855938E-03
    2259  2.0212871E+03  1.3317092E+00  9.9028788E-01  3.4142133E-01 -1.6846807E-01 -1.6403581E-01 -4.4322585E-03  7.1947449E-03  2.0054846E-03  5.1892604E-03
    2260  2.0212965E+03  1.3317702E+00  9.9035264E-01  3.4141760E-01 -1.7117192E-01 -1.6631235E-01 -4.8595736E-03  7.1985909E-03  2.0061220E-03  5.1924689E-03
    2261  2.0213059E+03  1.3318087E+00  9.9039521E-01  3.4141353E-01 -1.7395452E-01 -1.6866516E-01 -5.2893573E-03  7.1972008E-03  2.0019879E-03  5.1952129E-03
    2262  2.0213154E+03  1.3318633E+00  9.9045418E-01  3.4140910E-01 -1.7665992E-01 -1.7094543E-01 -5.7144893E-03  7.1961971E-03  1.9986824E-03  5.1975147E-03
    2263  2.0213248E+03  1.3319263E+00  9.9051906E-01  3.4140727E-01 -1.7934347E-01 -1.7320174E-01 -6.1417358E-03  7.1998455E-03  2.0004980E-03  5.1993475E-03
    2264  2.0213342E+03  1.3319817E+00  9.9057836E-01  3.4140331E-01 -1.8203543E-01 -1.7546668E-01 -6.5687495E-03  7.1975878E-03  1.9968774E-03  5.2007104E-03
    2265  2.0213436E+03  1.3320465E+00  9.9064573E-01  3.4140073E-01 -1.8471183E-01 -1.7771816E-01 -6.9936654E-03  7.1944964E-03  1.9928857E-03  5.2016107E-03
    2266  2.0213531E+03  1.3321142E+00  9.9071505E-01  3.4139912E-01 -1.8735358E-01 -1.7993443E-01 -7.4191556E-03  7.1946114E-03  1.9925524E-03  5.2020590E-03
    2267  2.0213625E+03  1.3321888E+00  9.9079085E-01  3.4139791E-01 -1.8997056E-01 -1.8212821E-01 -7.8423449E-03  7.1940155E-03  1.9919745E-03  5.2020410E-03
    2268  2.0213719E+03  1.3322554E+00  9.9085977E-01  3.4139559E-01 -1.9260274E-01 -1.8433558E-01 -8.2671635E-03  7.1886293E-03  1.9870439E-03  5.2015854E-03
    2269  2.0213813E+03  1.3323390E+00  9.9094384E-01  3.4139517E-01 -1.9517941E-01 -1.8648995E-01 -8.6894594E-03  7.1892163E-03  1.9885690E-03  5.2006473E-03
    2270  2.0213907E+03  1.3324117E+00  9.9101774E-01  3.4139393E-01 -1.9776803E-01 -1.8865590E-01 -9.1121287E-03  7.1809208E-03  1.9816559E-03  5.1992649E-03
    2271  2.0214002E+03  1.3325011E+00  9.9110735E-01  3.4139373E-01 -2.0031470E-01 -1.9078170E-01 -9.5330026E-03  7.1829647E-03  1.9855620E-03  5.1974027E-03
    2272  2.0214096E+03  1.3325807E+00  9.9118689E-01  3.4139377E-01 -2.0286236E-01 -1.9290912E-01 -9.9532416E-03  7.1739222E-03  1.9788319E-03  5.1950903E-03
    2273  2.0214190E+03  1.3326783E+00  9.9128376E-01  3.4139458E-01 -2.0536286E-01 -1.9499095E-01 -1.0371913E-02  7.1710164E-03  1.9786975E-03  5.1923190E-03
    2274  2.0214284E+03  1.3327647E+00  9.9136969E-01  3.4139500E-01 -2.0787712E-01 -1.9708575E-01 -1.0791374E-02  7.1654221E-03  1.9763382E-03  5.1890839E-03
    2275  2.0214379E+03  1.3328643E+00  9.9146801E-01  3.4139631E-01 -2.1032737E-01 -1.9911959E-01 -1.1207775E-02  7.1584994E-03  1.9731220E-03  5.1853774E-03
    2276  2.0214473E+03  1.3329611E+00  9.9156289E-01  3.4139823E-01 -2.1281688E-01 -2.0119158E-01 -1.1625300E-02  7.1530710E-03  1.9718543E-03  5.1812167E-03
    2277  2.0214567E+03  1.3330598E+00  9.9166040E-01  3.4139941E-01 -2.1522106E-01 -2.0318221E-01 -1.2038857E-02  7.1470836E-03  1.9704780E-03  5.1766056E-03
    2278  2.0214661E+03  1.3331722E+00  9.9176974E-01  3.4140244E-01 -2.1765472E-01 -2.0520015E-01 -1.2454570E-02  7.1383956E-03  1.9668722E-03  5.1715234E-03
    2279  2.0214756E+03  1.3332670E+00  9.9186281E-01  3.4140421E-01 -2.2005301E-01 -2.0718659E-01 -1.2866421E-02  7.1309096E-03  1.9649151E-03  5.1659944E-03
    2280  2.0214850E+03  1.3333923E+00  9.9198371E-01  3.4140860E-01 -2.2239771E-01 -2.0912029E-01 -1.3277424E-02  7.1246466E-03  1.9646412E-03  5.1600054E-03
    2281  2.0214944E+03  1.3334926E+00  9.9208109E-01  3.4141153E-01 -2.2477707E-01 -2.1108813E-01 -1.3688938E-02  7.1156274E-03  1.9620917E-03  5.1535357E-03
    2282  2.0215038E+03  1.3336152E+00  9.9220028E-01  3.4141497E-01 -2.2709766E-01 -2.1300090E-01 -1.4096762E-02  7.1061264E-03  1.9594867E-03  5.1466397E-03
    2283  2.0215132E+03  1.3337297E+00  9.9230969E-01  3.4141999E-01 -2.2939947E-01 -2.1489483E-01 -1.4504637E-02  7.0954692E-03  1.9562131E-03  5.1392561E-03
    2284  2.0215227E+03  1.3338552E+00  9.9243103E-01  3.4142413E-01 -2.3167544E-01 -2.1676511E-01 -1.4910330E-02  7.0873456E-03  1.9558791E-03  5.1314665E-03
    2285  2.0215321E+03  1.3339766E+00  9.9254811E-01  3.4142848E-01 -2.3395049E-01 -2.1863493E-01 -1.5315556E-02  7.0769602E-03  1.9537592E-03  5.1232010E-03
    2286  2.0215415E+03  1.3341008E+00  9.9266693E-01  3.4143386E-01 -2.3618460E-01 -2.2046455E-01 -1.5720053E-02  7.0647663E-03  1.9503167E-03  5.1144495E-03
    2287  2.0215509E+03  1.3342343E+00  9.9279425E-01  3.4144009E-01 -2.3839615E-01 -2.2227633E-01 -1.6119822E-02  7.0536357E-03  1.9483774E-03  5.1052583E-03
    2288  2.0215604E+03  1.3343578E+00  9.9291164E-01  3.4144616E-01 -2.4059793E-01 -2.2407819E-01 -1.6519740E-02  7.0440010E-03  1.9483201E-03  5.0956809E-03
    2289  2.0215698E+03  1.3345017E+00  9.9304974E-01  3.4145195E-01 -2.4275994E-01 -2.2583943E-01 -1.6920503E-02  7.0288396E-03  1.9432260E-03  5.0856137E-03
    2290  2.0215792E+03  1.3346287E+00  9.9316934E-01  3.4145934E-01 -2.4491937E-01 -2.2760283E-01 -1.7316541E-02  7.0196947E-03  1.9446632E-03  5.0750315E-03
    2291  2.0215886E+03  1.3347753E+00  9.9330983E-01  3.4146549E-01 -2.4700320E-01 -2.2929099E-01 -1.7712216E-02  7.0007626E-03  1.9367004E-03  5.0640622E-03
    2292  2.0215981E+03  1.3349061E+00  9.9343283E-01  3.4147329E-01 -2.4915402E-01 -2.3104739E-01 -1.8106627E-02  6.9935886E-03  1.9410148E-03  5.0525738E-03
    2293  2.0216075E+03  1.3350575E+00  9.9357655E-01  3.4148099E-01 -2.5119327E-01 -2.3269627E-01 -1.8497004E-02  6.9721487E-03  1.9314599E-03  5.0406888E-03
    2294  2.0216169E+03  1.3351979E+00  9.9370887E-01  3.4148905E-01 -2.5325280E-01 -2.3436497E-01 -1.8887831E-02  6.9620978E-03  1.9337466E-03  5.0283513E-03
    2295  2.0216263E+03  1.3353477E+00  9.9385057E-01  3.4149717E-01 -2.5526444E-01 -2.3598829E-01 -1.9276150E-02  6.9470016E-03  1.9314448E-03  5.0155569E-03
    2296  2.0216357E+03  1.3354904E+00  9.9398402E-01  3.4150638E-01 -2.5729261E-01 -2.3762988E-01 -1.9662723E-02  6.9304296E-03  1.9281146E-03  5.0023150E-03
    2297  2.0216452E+03  1.3356497E+00  9.9413417E-01  3.4151554E-01 -2.5924512E-01 -2.3919961E-01 -2.0045512E-02  6.9152177E-03  1.9265458E-03  4.9886719E-03
    2298  2.0216546E+03  1.3357988E+00  9.9427434E-01  3.4152445E-01 -2.6119047E-01 -2.4076073E-01 -2.0429736E-02  6.8997667E-03  1.9252063E-03  4.9745605E-03
    2299  2.0216640E+03  1.3359543E+00  9.9441968E-01  3.4153458E-01 -2.6313061E-01 -2.4231999E-01 -2.0810619E-02  6.8819322E-03  1.9219622E-03  4.9599700E-03
    2300  2.0216734E+03  1.3361083E+00  9.9456395E-01  3.4154440E-01 -2.6501344E-01 -2.4382628E-01 -2.1187168E-02  6.8660139E-03  1.9210270E-03  4.9449869E-03
    2301  2.0216829E+03  1.3362732E+00  9.9471818E-01  3.4155506E-01 -2.6688820E-01 -2.4532320E-01 -2.1565005E-02  6.8465456E-03  1.9169840E-03  4.9295617E-03
    2302  2.0216923E+03  1.3364244E+00  9.9485911E-01  3.4156530E-01 -2.6874551E-01 -2.4680511E-01 -2.1940406E-02  6.8301266E-03  1.9164625E-03  4.9136640E-03
    2303  2.0217017E+03  1.3365966E+00  9.9501955E-01  3.4157704E-01 -2.7055612E-01 -2.4824457E-01 -2.2311552E-02  6.8090155E-03  1.9116655E-03  4.8973499E-03
    2304  2.0217111E+03  1.3367496E+00  9.9516233E-01  3.4158722E-01 -2.7234304E-01 -2.4966055E-01 -2.2682481E-02  6.7938699E-03  1.9132632E-03  4.8806067E-03
    2305  2.0217206E+03  1.3369189E+00  9.9531957E-01  3.4159933E-01 -2.7412548E-01 -2.5107453E-01 -2.3050947E-02  6.7708113E-03  1.9073876E-03  4.8634237E-03
    2306  2.0217300E+03  1.3370846E+00  9.9547319E-01  3.4161143E-01 -2.7584841E-01 -2.5243351E-01 -2.3414897E-02  6.7532065E-03  1.9073785E-03  4.8458280E-03
    2307  2.0217394E+03  1.3372527E+00  9.9562956E-01  3.4162310E-01 -2.7757502E-01 -2.5379548E-01 -2.3779540E-02  6.7305395E-03  1.9027403E-03  4.8277991E-03
    2308  2.0217488E+03  1.3374219E+00  9.9578624E-01  3.4163567E-01 -2.7924026E-01 -2.5510012E-01 -2.4140136E-02  6.7127847E-03  1.9034744E-03  4.8093103E-03
    2309  2.0217582E+03  1.3375897E+00  9.9594097E-01  3.4164871E-01 -2.8093613E-01 -2.5643635E-01 -2.4499784E-02  6.6886786E-03  1.8982695E-03  4.7904091E-03
    2310  2.0217677E+03  1.3377637E+00  9.9610245E-01  3.4166129E-01 -2.8251397E-01 -2.5765874E-01 -2.4855230E-02  6.6694372E-03  1.8983439E-03  4.7710933E-03
    2311  2.0217771E+03  1.3379347E+00  9.9625953E-01  3.4167515E-01 -2.8418904E-01 -2.5897797E-01 -2.5211066E-02  6.6444660E-03  1.8931235E-03  4.7513425E-03
    2312  2.0217865E+03  1.3381039E+00  9.9641588E-01  3.4168805E-01 -2.8570977E-01 -2.6015038E-01 -2.5559386E-02  6.6239561E-03  1.8927558E-03  4.7312002E-03
    2313  2.0217959E+03  1.3382867E+00  9.9658441E-01  3.4170230E-01 -2.8726746E-01 -2.6135656E-01 -2.5910893E-02  6.6016746E-03  1.8910637E-03  4.7106108E-03
    2314  2.0218054E+03  1.3384547E+00  9.9673818E-01  3.4171654E-01 -2.8880166E-01 -2.6254561E-01 -2.6256048E-02  6.5779344E-03  1.8883342E-03  4.6896002E-03
    2315  2.0218148E+03  1.3386365E+00  9.9690647E-01  3.4173001E-01 -2.9027106E-01 -2.6367119E-01 -2.6599876E-02  6.5535080E-03  1.8852964E-03  4.6682116E-03
    2316  2.0218242E+03  1.3388067E+00  9.9706114E-01  3.4174558E-01 -2.9175748E-01 -2.6481451E-01 -2.6942974E-02  6.5317802E-03  1.8854070E-03  4.6463733E-03
    2317  2.0218336E+03  1.3389885E+00  9.9722852E-01  3.4175999E-01 -2.9318242E-01 -2.6590276E-01 -2.7279652E-02  6.5048345E-03  1.8806961E-03  4.6241384E-03
    2318  2.0218431E+03  1.3391669E+00  9.9739199E-01  3.4177488E-01 -2.9458144E-01 -2.6696595E-01 -2.7615491E-02  6.4805259E-03  1.8789873E-03  4.6015387E-03
    2319  2.0218525E+03  1.3393474E+00  9.9755684E-01  3.4179056E-01 -2.9598036E-01 -2.6802965E-01 -2.7950708E-02  6.4541268E-03  1.8756358E-03  4.5784911E-03
    2320  2.0218619E+03  1.3395213E+00  9.9771593E-01  3.4180538E-01 -2.9728487E-01 -2.6900439E-01 -2.8280485E-02  6.4309180E-03  1.8758896E-03  4.5550283E-03
    2321  2.0218713E+03  1.3397037E+00  9.9788229E-01  3.4182137E-01 -2.9865248E-01 -2.7004376E-01 -2.8608724E-02  6.4048077E-03  1.8736290E-03  4.5311788E-03
    2322  2.0218808E+03  1.3398828E+00  9.9804552E-01  3.4183732E-01 -2.9992071E-01 -2.7098738E-01 -2.8933328E-02  6.3756041E-03  1.8686398E-03  4.5069643E-03
    2323  2.0218902E+03  1.3400662E+00  9.9821283E-01  3.4185333E-01 -3.0118715E-01 -2.7192944E-01 -2.9257709E-02  6.3516587E-03  1.8693569E-03  4.4823018E-03
    2324  2.0218996E+03  1.3402428E+00  9.9837298E-01  3.4186978E-01 -3.0241607E-01 -2.7284032E-01 -2.9575752E-02  6.3228374E-03  1.8655861E-03  4.4572513E-03
    2325  2.0219090E+03  1.3404255E+00  9.9853944E-01  3.4188602E-01 -3.0361548E-01 -2.7372359E-01 -2.9891883E-02  6.2942273E-03  1.8623818E-03  4.4318455E-03
    2326  2.0219184E+03  1.3406050E+00  9.9870228E-01  3.4190276E-01 -3.0479008E-01 -2.7458285E-01 -3.0207234E-02  6.2650014E-03  1.8589866E-03  4.4060148E-03
    2327  2.0219279E+03  1.3407890E+00  9.9886918E-01  3.4191979E-01 -3.0593905E-01 -2.7542118E-01 -3.0517876E-02  6.2376281E-03  1.8578694E-03  4.3797587E-03
    2328  2.0219373E+03  1.3409652E+00  9.9902875E-01  3.4193650E-01 -3.0703499E-01 -2.7620927E-01 -3.0825722E-02  6.2070423E-03  1.8538857E-03  4.3531566E-03
    2329  2.0219467E+03  1.3411490E+00  9.9919494E-01  3.4195404E-01 -3.0815420E-01 -2.7702319E-01 -3.1131010E-02  6.1803365E-03  1.8541688E-03  4.3261677E-03
    2330  2.0219561E+03  1.3413287E+00  9.9935726E-01  3.4197146E-01 -3.0915490E-01 -2.7772358E-01 -3.1431318E-02  6.1512716E-03  1.8524365E-03  4.2988351E-03
    2331  2.0219656E+03  1.3415041E+00  9.9951599E-01  3.4198809E-01 -3.1023381E-01 -2.7850160E-01 -3.1732215E-02  6.1223507E-03  1.8512353E-03  4.2711154E-03
    2332  2.0219750E+03  1.3416929E+00  9.9968585E-01  3.4200700E-01 -3.1117424E-01 -2.7914883E-01 -3.2025404E-02  6.0897723E-03  1.8467546E-03  4.2430176E-03
    2333  2.0219844E+03  1.3418651E+00  9.9984136E-01  3.4202375E-01 -3.1218051E-01 -2.7986103E-01 -3.2319475E-02  6.0597702E-03  1.8451938E-03  4.2145764E-03
    2334  2.0219938E+03  1.3420480E+00  1.0000055E+00  3.4204252E-01 -3.1306848E-01 -2.8046141E-01 -3.2607072E-02  6.0292166E-03  1.8434717E-03  4.1857449E-03
    2335  2.0220033E+03  1.3422243E+00  1.0001640E+00  3.4206030E-01 -3.1402355E-01 -2.8112841E-01 -3.2895140E-02  5.9971852E-03  1.8406370E-03  4.1565482E-03
    2336  2.0220127E+03  1.3424003E+00  1.0003225E+00  3.4207788E-01 -3.1483324E-01 -2.8165591E-01 -3.3177333E-02  5.9647156E-03  1.8377313E-03  4.1269843E-03
    2337  2.0220221E+03  1.3425825E+00  1.0004855E+00  3.4209701E-01 -3.1572289E-01 -2.8226360E-01 -3.3459293E-02  5.9336136E-03  1.8365813E-03  4.0970324E-03
    2338  2.0220315E+03  1.3427515E+00  1.0006367E+00  3.4211478E-01 -3.1651387E-01 -2.8278216E-01 -3.3731707E-02  5.8999888E-03  1.8332089E-03  4.0667799E-03
    2339  2.0220409E+03  1.3429346E+00  1.0008008E+00  3.4213377E-01 -3.1729895E-01 -2.8329247E-01 -3.4006472E-02  5.8665171E-03  1.8303277E-03  4.0361894E-03
    2340  2.0220504E+03  1.3431054E+00  1.0009536E+00  3.4215173E-01 -3.1800508E-01 -2.8372773E-01 -3.4277350E-02  5.8345510E-03  1.8293882E-03  4.0051629E-03
    2341  2.0220598E+03  1.3432794E+00  1.0011088E+00  3.4217056E-01 -3.1879094E-01 -2.8424665E-01 -3.4544299E-02  5.8003104E-03  1.8265061E-03  3.9738042E-03
    2342  2.0220692E+03  1.3434507E+00  1.0012613E+00  3.4218933E-01 -3.1943705E-01 -2.8463059E-01 -3.4806459E-02  5.7659787E-03  1.8237835E-03  3.9421952E-03
    2343  2.0220786E+03  1.3436283E+00  1.0014199E+00  3.4220831E-01 -3.2008960E-01 -2.8502275E-01 -3.5066852E-02  5.7321188E-03  1.8219875E-03  3.9101313E-03
    2344  2.0220881E+03  1.3437911E+00  1.0015644E+00  3.4222665E-01 -3.2072092E-01 -2.8539904E-01 -3.5321878E-02  5.6987961E-03  1.8209834E-03  3.8778127E-03
    2345  2.0220975E+03  1.3439648E+00  1.0017189E+00  3.4224596E-01 -3.2130834E-01 -2.8573130E-01 -3.5577044E-02  5.6631991E-03  1.8180122E-03  3.8451869E-03
    2346  2.0221069E+03  1.3441309E+00  1.0018663E+00  3.4226467E-01 -3.2185716E-01 -2.8603007E-01 -3.5827092E-02  5.6287633E-03  1.8166862E-03  3.8120771E-03
    2347  2.0221163E+03  1.3442989E+00  1.0020149E+00  3.4228400E-01 -3.2243253E-01 -2.8635912E-01 -3.6073404E-02  5.5928106E-03  1.8140510E-03  3.7787596E-03
    2348  2.0221258E+03  1.3444626E+00  1.0021599E+00  3.4230273E-01 -3.2287302E-01 -2.8655860E-01 -3.6314421E-02  5.5577122E-03  1.8125327E-03  3.7451795E-03
    2349  2.0221352E+03  1.3446262E+00  1.0023046E+00  3.4232166E-01 -3.2338304E-01 -2.8682882E-01 -3.6554226E-02  5.5206719E-03  1.8094882E-03  3.7111837E-03
    2350  2.0221446E+03  1.3447913E+00  1.0024502E+00  3.4234116E-01 -3.2379137E-01 -2.8700076E-01 -3.6790608E-02  5.4842046E-03  1.8073199E-03  3.6768847E-03
    2351  2.0221540E+03  1.3449470E+00  1.0025872E+00  3.4235975E-01 -3.2422660E-01 -2.8720512E-01 -3.7021478E-02  5.4459256E-03  1.8036803E-03  3.6422453E-03
    2352  2.0221634E+03  1.3451116E+00  1.0027324E+00  3.4237918E-01 -3.2456865E-01 -2.8732039E-01 -3.7248254E-02  5.4096976E-03  1.8023644E-03  3.6073333E-03
    2353  2.0221729E+03  1.3452656E+00  1.0028676E+00  3.4239807E-01 -3.2493083E-01 -2.8745781E-01 -3.7473020E-02  5.3731305E-03  1.8010071E-03  3.5721233E-03
    2354  2.0221823E+03  1.3454237E+00  1.0030064E+00  3.4241728E-01 -3.2524599E-01 -2.8755253E-01 -3.7693453E-02  5.3341885E-03  1.7975672E-03  3.5366214E-03
    2355  2.0221917E+03  1.3455701E+00  1.0031342E+00  3.4243594E-01 -3.2546264E-01 -2.8754924E-01 -3.7913394E-02  5.2975835E-03  1.7968004E-03  3.5007831E-03
    2356  2.0222011E+03  1.3457322E+00  1.0032766E+00  3.4245558E-01 -3.2580144E-01 -2.8767376E-01 -3.8127681E-02  5.2587165E-03  1.7941417E-03  3.4645748E-03
    2357  2.0222106E+03  1.3458756E+00  1.0034017E+00  3.4247382E-01 -3.2597008E-01 -2.8763477E-01 -3.8335313E-02  5.2210723E-03  1.7927850E-03  3.4282873E-03
    2358  2.0222200E+03  1.3460240E+00  1.0035305E+00  3.4249353E-01 -3.2612248E-01 -2.8757682E-01 -3.8545657E-02  5.1811838E-03  1.7896798E-03  3.3915040E-03
    2359  2.0222294E+03  1.3461709E+00  1.0036588E+00  3.4251217E-01 -3.2633470E-01 -2.8758802E-01 -3.8746677E-02  5.1441560E-03  1.7896854E-03  3.3544707E-03
    2360  2.0222388E+03  1.3463128E+00  1.0037826E+00  3.4253025E-01 -3.2643247E-01 -2.8749330E-01 -3.8939170E-02  5.1015535E-03  1.7842277E-03  3.3173258E-03
    2361  2.0222483E+03  1.3464577E+00  1.0039078E+00  3.4254987E-01 -3.2650464E-01 -2.8736583E-01 -3.9138812E-02  5.0644994E-03  1.7846300E-03  3.2798694E-03
    2362  2.0222577E+03  1.3465947E+00  1.0040264E+00  3.4256829E-01 -3.2657538E-01 -2.8724626E-01 -3.9329120E-02  5.0243776E-03  1.7824063E-03  3.2419714E-03
    2363  2.0222671E+03  1.3467297E+00  1.0041433E+00  3.4258639E-01 -3.2659720E-01 -2.8708591E-01 -3.9511290E-02  4.9828984E-03  1.7790083E-03  3.2038902E-03
    2364  2.0222765E+03  1.3468686E+00  1.0042627E+00  3.4260596E-01 -3.2658909E-01 -2.8688893E-01 -3.9700159E-02  4.9426763E-03  1.7770698E-03  3.1656064E-03
    2365  2.0222860E+03  1.3469962E+00  1.0043732E+00  3.4262294E-01 -3.2656220E-01 -2.8668442E-01 -3.9877776E-02  4.9038395E-03  1.7769070E-03  3.1269325E-03
    2366  2.0222954E+03  1.3471281E+00  1.0044859E+00  3.4264227E-01 -3.2648691E-01 -2.8643319E-01 -4.0053720E-02  4.8605907E-03  1.7725232E-03  3.0880676E-03
    2367  2.0223048E+03  1.3472548E+00  1.0045947E+00  3.4266010E-01 -3.2638198E-01 -2.8615440E-01 -4.0227581E-02  4.8202471E-03  1.7713123E-03  3.0489348E-03
    2368  2.0223142E+03  1.3473804E+00  1.0047016E+00  3.4267880E-01 -3.2625688E-01 -2.8585766E-01 -4.0399219E-02  4.7791955E-03  1.7696623E-03  3.0095332E-03
    2369  2.0223236E+03  1.3475015E+00  1.0048052E+00  3.4269631E-01 -3.2610654E-01 -2.8554644E-01 -4.0560105E-02  4.7375982E-03  1.7677176E-03  2.9698807E-03
    2370  2.0223331E+03  1.3476235E+00  1.0049095E+00  3.4271405E-01 -3.2588048E-01 -2.8516025E-01 -4.0720228E-02  4.6954572E-03  1.7654069E-03  2.9300503E-03
    2371  2.0223425E+03  1.3477371E+00  1.0050042E+00  3.4273285E-01 -3.2568026E-01 -2.8479886E-01 -4.0881404E-02  4.6530765E-03  1.7631273E-03  2.8899493E-03
    2372  2.0223519E+03  1.3478557E+00  1.0051066E+00  3.4274918E-01 -3.2541806E-01 -2.8439166E-01 -4.1026403E-02  4.6116189E-03  1.7620537E-03  2.8495652E-03
    2373  2.0223613E+03  1.3479604E+00  1.0051933E+00  3.4276711E-01 -3.2511245E-01 -2.8394015E-01 -4.1172297E-02  4.5688115E-03  1.7596900E-03  2.8091215E-03
    2374  2.0223708E+03  1.3480762E+00  1.0052916E+00  3.4278464E-01 -3.2481948E-01 -2.8350001E-01 -4.1319464E-02  4.5257824E-03  1.7574317E-03  2.7683507E-03
    2375  2.0223802E+03  1.3481743E+00  1.0053732E+00  3.4280120E-01 -3.2442351E-01 -2.8296448E-01 -4.1459031E-02  4.4834869E-03  1.7561965E-03  2.7272904E-03
    2376  2.0223896E+03  1.3482849E+00  1.0054665E+00  3.4281840E-01 -3.2409899E-01 -2.8250082E-01 -4.1598167E-02  4.4395839E-03  1.7535158E-03  2.6860681E-03
    2377  2.0223990E+03  1.3483792E+00  1.0055439E+00  3.4283537E-01 -3.2363462E-01 -2.8190242E-01 -4.1732193E-02  4.3973130E-03  1.7527338E-03  2.6445793E-03
    2378  2.0224085E+03  1.3484801E+00  1.0056277E+00  3.4285240E-01 -3.2322898E-01 -2.8136799E-01 -4.1860987E-02  4.3526122E-03  1.7497760E-03  2.6028362E-03
    2379  2.0224179E+03  1.3485712E+00  1.0057031E+00  3.4286814E-01 -3.2273205E-01 -2.8075247E-01 -4.1979579E-02  4.3086192E-03  1.7475106E-03  2.5611086E-03
    2380  2.0224273E+03  1.3486628E+00  1.0057782E+00  3.4288465E-01 -3.2223267E-01 -2.8012594E-01 -4.2106732E-02  4.2666178E-03  1.7475351E-03  2.5190828E-03
    2381  2.0224367E+03  1.3487504E+00  1.0058497E+00  3.4290062E-01 -3.2167803E-01 -2.7946406E-01 -4.2213972E-02  4.2211988E-03  1.7444870E-03  2.4767118E-03
    2382  2.0224461E+03  1.3488347E+00  1.0059185E+00  3.4291620E-01 -3.2112089E-01 -2.7878864E-01 -4.2332252E-02  4.1760515E-03  1.7416466E-03  2.4344049E-03
    2383  2.0224556E+03  1.3489194E+00  1.0059869E+00  3.4293258E-01 -3.2052994E-01 -2.7808825E-01 -4.2441686E-02  4.1320217E-03  1.7404001E-03  2.3916216E-03
    2384  2.0224650E+03  1.3489926E+00  1.0060454E+00  3.4294712E-01 -3.1988676E-01 -2.7734888E-01 -4.2537881E-02  4.0876762E-03  1.7388676E-03  2.3488086E-03
    2385  2.0224744E+03  1.3490715E+00  1.0061089E+00  3.4296263E-01 -3.1922497E-01 -2.7658686E-01 -4.2638114E-02  4.0428771E-03  1.7369497E-03  2.3059274E-03
    2386  2.0224838E+03  1.3491410E+00  1.0061634E+00  3.4297758E-01 -3.1853882E-01 -2.7579991E-01 -4.2738907E-02  3.9970074E-03  1.7342787E-03  2.2627287E-03
    2387  2.0224933E+03  1.3492126E+00  1.0062202E+00  3.4299244E-01 -3.1780771E-01 -2.7498172E-01 -4.2825991E-02  3.9534307E-03  1.7340958E-03  2.2193349E-03
    2388  2.0225027E+03  1.3492766E+00  1.0062697E+00  3.4300693E-01 -3.1707260E-01 -2.7415515E-01 -4.2917450E-02  3.9080188E-03  1.7321492E-03  2.1758697E-03
    2389  2.0225121E+03  1.3493379E+00  1.0063171E+00  3.4302075E-01 -3.1627487E-01 -2.7327751E-01 -4.2997356E-02  3.8626361E-03  1.7304435E-03  2.1321926E-03
    2390  2.0225215E+03  1.3493966E+00  1.0063615E+00  3.4303506E-01 -3.1545605E-01 -2.7238101E-01 -4.3075046E-02  3.8173080E-03  1.7289038E-03  2.0884042E-03
    2391  2.0225310E+03  1.3494533E+00  1.0064045E+00  3.4304881E-01 -3.1462916E-01 -2.7147587E-01 -4.3153291E-02  3.7707444E-03  1.7263301E-03  2.0444143E-03
    2392  2.0225404E+03  1.3495047E+00  1.0064430E+00  3.4306170E-01 -3.1374885E-01 -2.7052570E-01 -4.3223151E-02  3.7253829E-03  1.7251619E-03  2.0002209E-03
    2393  2.0225498E+03  1.3495543E+00  1.0064792E+00  3.4307515E-01 -3.1285570E-01 -2.6956740E-01 -4.3288299E-02  3.6795612E-03  1.7235943E-03  1.9559669E-03
    2394  2.0225592E+03  1.3495941E+00  1.0065060E+00  3.4308810E-01 -3.1186764E-01 -2.6851553E-01 -4.3352105E-02  3.6319589E-03  1.7204298E-03  1.9115291E-03
    2395  2.0225686E+03  1.3496454E+00  1.0065441E+00  3.4310124E-01 -3.1099568E-01 -2.6758158E-01 -4.3414100E-02  3.5872699E-03  1.7203473E-03  1.8669227E-03
    2396  2.0225781E+03  1.3496748E+00  1.0065623E+00  3.4311246E-01 -3.0992433E-01 -2.6646809E-01 -4.3456240E-02  3.5407494E-03  1.7184604E-03  1.8222890E-03
    2397  2.0225875E+03  1.3497161E+00  1.0065901E+00  3.4312595E-01 -3.0893364E-01 -2.6541954E-01 -4.3514106E-02  3.4935414E-03  1.7159610E-03  1.7775804E-03
    2398  2.0225969E+03  1.3497467E+00  1.0066096E+00  3.4313707E-01 -3.0790159E-01 -2.6434297E-01 -4.3558617E-02  3.4474149E-03  1.7149054E-03  1.7325095E-03
    2399  2.0226063E+03  1.3497664E+00  1.0066180E+00  3.4314840E-01 -3.0675744E-01 -2.6316250E-01 -4.3594941E-02  3.4007456E-03  1.7132578E-03  1.6874878E-03
    2400  2.0226158E+03  1.3498015E+00  1.0066413E+00  3.4316026E-01 -3.0570584E-01 -2.6206504E-01 -4.3640796E-02  3.3540046E-03  1.7116333E-03  1.6423713E-03
    2401  2.0226252E+03  1.3498157E+00  1.0066457E+00  3.4317008E-01 -3.0454226E-01 -2.6087267E-01 -4.3669590E-02  3.3075284E-03  1.7105550E-03  1.5969734E-03
    2402  2.0226346E+03  1.3498370E+00  1.0066557E+00  3.4318133E-01 -3.0337913E-01 -2.5968200E-01 -4.3697131E-02  3.2595879E-03  1.7079903E-03  1.5515976E-03
    2403  2.0226440E+03  1.3498483E+00  1.0066570E+00  3.4319130E-01 -3.0217467E-01 -2.5845043E-01 -4.3724242E-02  3.2134331E-03  1.7072709E-03  1.5061621E-03
    2404  2.0226535E+03  1.3498576E+00  1.0066564E+00  3.4320128E-01 -3.0094834E-01 -2.5720468E-01 -4.3743664E-02  3.1652895E-03  1.7047841E-03  1.4605053E-03
    2405  2.0226629E+03  1.3498660E+00  1.0066549E+00  3.4321108E-01 -2.9970359E-01 -2.5594321E-01 -4.3760374E-02  3.1189566E-03  1.7041376E-03  1.4148189E-03
    2406  2.0226723E+03  1.3498695E+00  1.0066492E+00  3.4322029E-01 -2.9840099E-01 -2.5462920E-01 -4.3771791E-02  3.0710333E-03  1.7019826E-03  1.3690507E-03
    2407  2.0226817E+03  1.3498683E+00  1.0066388E+00  3.4322955E-01 -2.9710598E-01 -2.5332356E-01 -4.3782414E-02  3.0248104E-03  1.7016100E-03  1.3232003E-03
    2408  2.0226911E+03  1.3498665E+00  1.0066290E+00  3.4323749E-01 -2.9575764E-01 -2.5197433E-01 -4.3783318E-02  2.9778177E-03  1.7005722E-03  1.2772456E-03
    2409  2.0227006E+03  1.3498546E+00  1.0066083E+00  3.4324638E-01 -2.9438026E-01 -2.5059693E-01 -4.3783325E-02  2.9298406E-03  1.6985825E-03  1.2312581E-03
    2410  2.0227100E+03  1.3498496E+00  1.0065954E+00  3.4325423E-01 -2.9300509E-01 -2.4922601E-01 -4.3779079E-02  2.8833050E-03  1.6981254E-03  1.1851796E-03
    2411  2.0227194E+03  1.3498298E+00  1.0065684E+00  3.4326142E-01 -2.9156023E-01 -2.4779342E-01 -4.3766813E-02  2.8347853E-03  1.6957347E-03  1.1390506E-03
    2412  2.0227288E+03  1.3498154E+00  1.0065464E+00  3.4326904E-01 -2.9011663E-01 -2.4636330E-01 -4.3753332E-02  2.7877869E-03  1.6948875E-03  1.0928994E-03
    2413  2.0227383E+03  1.3497888E+00  1.0065134E+00  3.4327545E-01 -2.8862765E-01 -2.4489070E-01 -4.3736957E-02  2.7391141E-03  1.6924585E-03  1.0466556E-03
    2414  2.0227477E+03  1.3497704E+00  1.0064877E+00  3.4328273E-01 -2.8713109E-01 -2.4341504E-01 -4.3716046E-02  2.6910443E-03  1.6907510E-03  1.0002933E-03
    2415  2.0227571E+03  1.3497340E+00  1.0064452E+00  3.4328886E-01 -2.8557475E-01 -2.4188366E-01 -4.3691085E-02  2.6435880E-03  1.6896607E-03  9.5392727E-04
    2416  2.0227665E+03  1.3497129E+00  1.0064179E+00  3.4329494E-01 -2.8404890E-01 -2.4038645E-01 -4.3662452E-02  2.5950049E-03  1.6875409E-03  9.0746399E-04
    2417  2.0227760E+03  1.3496666E+00  1.0063670E+00  3.4329963E-01 -2.8243728E-01 -2.3881278E-01 -4.3624505E-02  2.5483638E-03  1.6873428E-03  8.6102098E-04
    2418  2.0227854E+03  1.3496372E+00  1.0063320E+00  3.4330520E-01 -2.8083439E-01 -2.3724870E-01 -4.3585694E-02  2.5004199E-03  1.6857913E-03  8.1462858E-04
    2419  2.0227948E+03  1.3495805E+00  1.0062709E+00  3.4330961E-01 -2.7914405E-01 -2.3560091E-01 -4.3543144E-02  2.4537114E-03  1.6855619E-03  7.6814947E-04
    2420  2.0228042E+03  1.3495518E+00  1.0062371E+00  3.4331468E-01 -2.7754168E-01 -2.3404265E-01 -4.3499032E-02  2.4048886E-03  1.6833390E-03  7.2154966E-04
    2421  2.0228137E+03  1.3494917E+00  1.0061739E+00  3.4331782E-01 -2.7582360E-01 -2.3237805E-01 -4.3445556E-02  2.3579440E-03  1.6829501E-03  6.7499392E-04
    2422  2.0228231E+03  1.3494387E+00  1.0061163E+00  3.4332240E-01 -2.7407349E-01 -2.3068155E-01 -4.3391937E-02  2.3094137E-03  1.6809827E-03  6.2843098E-04
    2423  2.0228325E+03  1.3493877E+00  1.0060620E+00  3.4332568E-01 -2.7235531E-01 -2.2902401E-01 -4.3331303E-02  2.2628008E-03  1.6809802E-03  5.8182061E-04
    2424  2.0228419E+03  1.3493244E+00  1.0059967E+00  3.4332766E-01 -2.7057416E-01 -2.2730893E-01 -4.3265226E-02  2.2135577E-03  1.6782562E-03  5.3530153E-04
    2425  2.0228513E+03  1.3492629E+00  1.0059319E+00  3.4333102E-01 -2.6876349E-01 -2.2556283E-01 -4.3200661E-02  2.1667450E-03  1.6779789E-03  4.8876617E-04
    2426  2.0228608E+03  1.3491952E+00  1.0058618E+00  3.4333335E-01 -2.6695289E-01 -2.2382201E-01 -4.3130875E-02  2.1192766E-03  1.6771808E-03  4.4209580E-04
    2427  2.0228702E+03  1.3491298E+00  1.0057950E+00  3.4333479E-01 -2.6511435E-01 -2.2206159E-01 -4.3052768E-02  2.0713301E-03  1.6758773E-03  3.9545280E-04
    2428  2.0228796E+03  1.3490510E+00  1.0057145E+00  3.4333649E-01 -2.6319673E-01 -2.2022120E-01 -4.2975524E-02  2.0229425E-03  1.6739629E-03  3.4897966E-04
    2429  2.0228890E+03  1.3489843E+00  1.0056465E+00  3.4333774E-01 -2.6134780E-01 -2.1846021E-01 -4.2887593E-02  1.9753743E-03  1.6730651E-03  3.0230923E-04
    2430  2.0228985E+03  1.3488949E+00  1.0055573E+00  3.4333762E-01 -2.5938003E-01 -2.1658254E-01 -4.2797497E-02  1.9282358E-03  1.6723482E-03  2.5588762E-04
    2431  2.0229079E+03  1.3488201E+00  1.0054814E+00  3.4333870E-01 -2.5745890E-01 -2.1474952E-01 -4.2709380E-02  1.8804401E-03  1.6710426E-03  2.0939750E-04
    2432  2.0229173E+03  1.3487284E+00  1.0053903E+00  3.4333813E-01 -2.5546159E-01 -2.1285346E-01 -4.2608130E-02  1.8332090E-03  1.6704067E-03  1.6280223E-04
    2433  2.0229267E+03  1.3486471E+00  1.0053093E+00  3.4333779E-01 -2.5349173E-01 -2.1098294E-01 -4.2508786E-02  1.7863793E-03  1.6699412E-03  1.1643817E-04
    2434  2.0229362E+03  1.3485492E+00  1.0052116E+00  3.4333762E-01 -2.5144034E-01 -2.0903080E-01 -4.2409539E-02  1.7376531E-03  1.6676010E-03  7.0052069E-05
    2435  2.0229456E+03  1.3484561E+00  1.0051194E+00  3.4333665E-01 -2.4940552E-01 -2.0710443E-01 -4.2301089E-02  1.6906124E-03  1.6671271E-03  2.3485299E-05
    2436  2.0229550E+03  1.3483621E+00  1.0050278E+00  3.4333432E-01 -2.4735596E-01 -2.0517200E-01 -4.2183957E-02  1.6442084E-03  1.6670504E-03 -2.2842006E-05
    2437  2.0229644E+03  1.3482574E+00  1.0049250E+00  3.4333236E-01 -2.4524047E-01 -2.0317376E-01 -4.2066704E-02  1.5967098E-03  1.6656421E-03 -6.8932339E-05
    2438  2.0229738E+03  1.3481518E+00  1.0048211E+00  3.4333067E-01 -2.4310348E-01 -2.0115348E-01 -4.1949996E-02  1.5496421E-03  1.6648457E-03 -1.1520362E-04
    2439  2.0229833E+03  1.3480506E+00  1.0047226E+00  3.4332798E-01 -2.4101323E-01 -1.9918866E-01 -4.1824564E-02  1.5025782E-03  1.6640713E-03 -1.6149314E-04
    2440  2.0229927E+03  1.3479385E+00  1.0046143E+00  3.4332421E-01 -2.3881481E-01 -1.9712383E-01 -4.1690987E-02  1.4559867E-03  1.6634718E-03 -2.0748510E-04
    2441  2.0230021E+03  1.3478256E+00  1.0045044E+00  3.4332116E-01 -2.3663828E-01 -1.9507649E-01 -4.1561790E-02  1.4096719E-03  1.6631504E-03 -2.5347853E-04
    2442  2.0230115E+03  1.3477128E+00  1.0043950E+00  3.4331777E-01 -2.3442853E-01 -1.9300355E-01 -4.1424985E-02  1.3609566E-03  1.6604655E-03 -2.9950893E-04
    2443  2.0230210E+03  1.3475932E+00  1.0042800E+00  3.4331312E-01 -2.3220997E-01 -1.9092672E-01 -4.1283247E-02  1.3158117E-03  1.6612250E-03 -3.4541326E-04
    2444  2.0230304E+03  1.3474736E+00  1.0041646E+00  3.4330902E-01 -2.2994144E-01 -1.8880084E-01 -4.1140595E-02  1.2685329E-03  1.6597441E-03 -3.9121125E-04
    2445  2.0230398E+03  1.3473525E+00  1.0040485E+00  3.4330399E-01 -2.2767769E-01 -1.8668915E-01 -4.0988538E-02  1.2236409E-03  1.6605662E-03 -4.3692528E-04
    2446  2.0230492E+03  1.3472240E+00  1.0039249E+00  3.4329912E-01 -2.2537542E-01 -1.8453541E-01 -4.0840011E-02  1.1750019E-03  1.6575197E-03 -4.8251780E-04
    2447  2.0230587E+03  1.3470980E+00  1.0038039E+00  3.4329412E-01 -2.2307076E-01 -1.8238316E-01 -4.0687601E-02  1.1298067E-03  1.6579359E-03 -5.2812922E-04
    2448  2.0230681E+03  1.3469646E+00  1.0036774E+00  3.4328720E-01 -2.2072789E-01 -1.8020639E-01 -4.0521499E-02  1.0832175E-03  1.6568500E-03 -5.7363250E-04
    2449  2.0230775E+03  1.3468365E+00  1.0035551E+00  3.4328143E-01 -2.1837540E-01 -1.7801670E-01 -4.0358701E-02  1.0368587E-03  1.6557497E-03 -6.1889099E-04
    2450  2.0230869E+03  1.3466936E+00  1.0034189E+00  3.4327475E-01 -2.1595802E-01 -1.7576599E-01 -4.0192037E-02  9.9127391E-04  1.6554468E-03 -6.6417291E-04
    2451  2.0230963E+03  1.3465654E+00  1.0032976E+00  3.4326778E-01 -2.1361302E-01 -1.7359218E-01 -4.0020836E-02  9.4482715E-04  1.6542163E-03 -7.0938911E-04
    2452  2.0231058E+03  1.3464168E+00  1.0031565E+00  3.4326023E-01 -2.1114085E-01 -1.7129618E-01 -3.9844672E-02  9.0129520E-04  1.6556631E-03 -7.5436793E-04
    2453  2.0231152E+03  1.3462841E+00  1.0030309E+00  3.4325327E-01 -2.0875354E-01 -1.6908641E-01 -3.9667138E-02  8.5431757E-04  1.6536256E-03 -7.9930808E-04
    2454  2.0231246E+03  1.3461292E+00  1.0028855E+00  3.4324379E-01 -2.0625227E-01 -1.6677456E-01 -3.9477712E-02  8.0940712E-04  1.6534607E-03 -8.4405363E-04
    2455  2.0231340E+03  1.3459899E+00  1.0027536E+00  3.4323634E-01 -2.0378966E-01 -1.6449833E-01 -3.9291325E-02  7.6488606E-04  1.6534752E-03 -8.8858915E-04
    2456  2.0231435E+03  1.3458348E+00  1.0026076E+00  3.4322719E-01 -2.0126864E-01 -1.6216641E-01 -3.9102227E-02  7.1929717E-04  1.6524039E-03 -9.3310672E-04
    2457  2.0231529E+03  1.3456912E+00  1.0024728E+00  3.4321836E-01 -1.9878062E-01 -1.5987245E-01 -3.8908164E-02  6.7473844E-04  1.6523222E-03 -9.7758377E-04
    2458  2.0231623E+03  1.3455360E+00  1.0023274E+00  3.4320866E-01 -1.9622924E-01 -1.5752379E-01 -3.8705446E-02  6.3082620E-04  1.6526074E-03 -1.0217812E-03
    2459  2.0231717E+03  1.3453794E+00  1.0021805E+00  3.4319882E-01 -1.9365384E-01 -1.5514896E-01 -3.8504882E-02  5.8522848E-04  1.6510087E-03 -1.0657802E-03
    2460  2.0231812E+03  1.3452265E+00  1.0020371E+00  3.4318937E-01 -1.9111352E-01 -1.5281199E-01 -3.8301523E-02  5.4219208E-04  1.6519901E-03 -1.1097980E-03
    2461  2.0231906E+03  1.3450661E+00  1.0018873E+00  3.4317880E-01 -1.8848941E-01 -1.5039980E-01 -3.8089604E-02  4.9680567E-04  1.6503914E-03 -1.1535857E-03
    2462  2.0232000E+03  1.3449045E+00  1.0017370E+00  3.4316750E-01 -1.8589043E-01 -1.4801559E-01 -3.7874840E-02  4.5283554E-04  1.6500115E-03 -1.1971760E-03
    2463  2.0232094E+03  1.3447479E+00  1.0015910E+00  3.4315695E-01 -1.8326632E-01 -1.4560421E-01 -3.7662115E-02  4.0963647E-04  1.6502752E-03 -1.2406388E-03
    2464  2.0232189E+03  1.3445813E+00  1.0014347E+00  3.4314659E-01 -1.8061237E-01 -1.4316936E-01 -3.7443003E-02  3.6364081E-04  1.6477008E-03 -1.2840600E-03
    2465  2.0232283E+03  1.3444194E+00  1.0012849E+00  3.4313449E-01 -1.7795590E-01 -1.4073785E-01 -3.7218053E-02  3.2316500E-04  1.6503610E-03 -1.3271960E-03
    2466  2.0232377E+03  1.3442519E+00  1.0011290E+00  3.4312283E-01 -1.7527108E-01 -1.3828008E-01 -3.6990997E-02  2.7816975E-04  1.6483222E-03 -1.3701524E-03
    2467  2.0232471E+03  1.3440857E+00  1.0009755E+00  3.4311020E-01 -1.7258128E-01 -1.3581940E-01 -3.6761875E-02  2.3536337E-04  1.6483436E-03 -1.4129803E-03
    2468  2.0232565E+03  1.3439181E+00  1.0008199E+00  3.4309815E-01 -1.6986348E-01 -1.3333870E-01 -3.6524786E-02  1.9311395E-04  1.6487273E-03 -1.4556133E-03
    2469  2.0232660E+03  1.3437438E+00  1.0006586E+00  3.4308522E-01 -1.6712101E-01 -1.3083477E-01 -3.6286243E-02  1.4993961E-04  1.6479244E-03 -1.4979848E-03
    2470  2.0232754E+03  1.3435748E+00  1.0005031E+00  3.4307172E-01 -1.6438790E-01 -1.2834277E-01 -3.6045129E-02  1.0744859E-04  1.6477239E-03 -1.5402753E-03
    2471  2.0232848E+03  1.3434049E+00  1.0003456E+00  3.4305930E-01 -1.6162185E-01 -1.2582115E-01 -3.5800700E-02  6.6087965E-05  1.6484255E-03 -1.5823375E-03
    2472  2.0232942E+03  1.3432289E+00  1.0001838E+00  3.4304511E-01 -1.5884526E-01 -1.2329175E-01 -3.5553511E-02  2.2640737E-05  1.6468314E-03 -1.6241907E-03
    2473  2.0233037E+03  1.3430553E+00  1.0000237E+00  3.4303167E-01 -1.5604723E-01 -1.2074548E-01 -3.5301749E-02 -1.8262914E-05  1.6476476E-03 -1.6659105E-03
    2474  2.0233131E+03  1.3428806E+00  9.9986274E-01  3.4301789E-01 -1.5325401E-01 -1.1820702E-01 -3.5046990E-02 -5.9967128E-05  1.6474281E-03 -1.7073952E-03
    2475  2.0233225E+03  1.3427040E+00  9.9970100E-01  3.4300297E-01 -1.5042010E-01 -1.1563219E-01 -3.4787909E-02 -1.0146503E-04  1.6471569E-03 -1.7486219E-03
    2476  2.0233319E+03  1.3425273E+00  9.9953810E-01  3.4298918E-01 -1.4758234E-01 -1.1305396E-01 -3.4528376E-02 -1.4141627E-04  1.6482563E-03 -1.7896725E-03
    2477  2.0233414E+03  1.3423496E+00  9.9937528E-01  3.4297433E-01 -1.4473949E-01 -1.1047531E-01 -3.4264185E-02 -1.8301504E-04  1.6475389E-03 -1.8305539E-03
    2478  2.0233508E+03  1.3421714E+00  9.9921271E-01  3.4295864E-01 -1.4187235E-01 -1.0787970E-01 -3.3992651E-02 -2.2359086E-04  1.6475589E-03 -1.8711498E-03
    2479  2.0233602E+03  1.3419903E+00  9.9904663E-01  3.4294371E-01 -1.3898287E-01 -1.0526177E-01 -3.3721099E-02 -2.6277233E-04  1.6487071E-03 -1.9114794E-03
    2480  2.0233696E+03  1.3418154E+00  9.9888674E-01  3.4292870E-01 -1.3610347E-01 -1.0265298E-01 -3.3450497E-02 -3.0517772E-04  1.6464968E-03 -1.9516745E-03
    2481  2.0233790E+03  1.3416344E+00  9.9872189E-01  3.4291248E-01 -1.3320093E-01 -1.0003113E-01 -3.3169809E-02 -3.4351873E-04  1.6481508E-03 -1.9916696E-03
    2482  2.0233885E+03  1.3414508E+00  9.9855413E-01  3.4289665E-01 -1.3026773E-01 -9.7380868E-02 -3.2886860E-02 -3.8323032E-04  1.6480934E-03 -2.0313237E-03
    2483  2.0233979E+03  1.3412704E+00  9.9838976E-01  3.4288069E-01 -1.2734677E-01 -9.4739166E-02 -3.2607602E-02 -4.2387056E-04  1.6469269E-03 -2.0707975E-03
    2484  2.0234073E+03  1.3410922E+00  9.9822779E-01  3.4286443E-01 -1.2440649E-01 -9.2089074E-02 -3.2317414E-02 -4.6241085E-04  1.6477136E-03 -2.1101245E-03
    2485  2.0234167E+03  1.3409100E+00  9.9806200E-01  3.4284802E-01 -1.2144802E-01 -8.9417967E-02 -3.2030058E-02 -5.0250675E-04  1.6465567E-03 -2.1490635E-03
    2486  2.0234262E+03  1.3407337E+00  9.9790236E-01  3.4283133E-01 -1.1848170E-01 -8.6747918E-02 -3.1733785E-02 -5.3825491E-04  1.6496044E-03 -2.1878593E-03
    2487  2.0234356E+03  1.3405462E+00  9.9773220E-01  3.4281402E-01 -1.1549902E-01 -8.4062345E-02 -3.1436677E-02 -5.8010963E-04  1.6461885E-03 -2.2262982E-03
    2488  2.0234450E+03  1.3403706E+00  9.9757343E-01  3.4279716E-01 -1.1252335E-01 -8.1385582E-02 -3.1137764E-02 -6.1438214E-04  1.6501564E-03 -2.2645385E-03
    2489  2.0234544E+03  1.3401814E+00  9.9740160E-01  3.4277979E-01 -1.0949922E-01 -7.8664590E-02 -3.0834634E-02 -6.5356821E-04  1.6489396E-03 -2.3025078E-03
    2490  2.0234639E+03  1.3400083E+00  9.9724512E-01  3.4276316E-01 -1.0650637E-01 -7.5975039E-02 -3.0531334E-02 -6.9092073E-04  1.6493260E-03 -2.3402467E-03
    2491  2.0234733E+03  1.3398241E+00  9.9707941E-01  3.4274471E-01 -1.0348772E-01 -7.3268046E-02 -3.0219671E-02 -7.2735321E-04  1.6503826E-03 -2.3777358E-03
    2492  2.0234827E+03  1.3396467E+00  9.9691933E-01  3.4272741E-01 -1.0044228E-01 -7.0535482E-02 -2.9906800E-02 -7.6556601E-04  1.6492710E-03 -2.4148370E-03
    2493  2.0234921E+03  1.3394636E+00  9.9675360E-01  3.4270999E-01 -9.7398041E-02 -6.7801628E-02 -2.9596413E-02 -8.0135631E-04  1.6503669E-03 -2.4517232E-03
    2494  2.0235015E+03  1.3392873E+00  9.9659544E-01  3.4269182E-01 -9.4366088E-02 -6.5085878E-02 -2.9280210E-02 -8.3707859E-04  1.6513825E-03 -2.4884611E-03
    2495  2.0235110E+03  1.3391079E+00  9.9643418E-01  3.4267368E-01 -9.1298836E-02 -6.2342621E-02 -2.8956215E-02 -8.7486222E-04  1.6499492E-03 -2.5248114E-03
    2496  2.0235204E+03  1.3389269E+00  9.9627155E-01  3.4265533E-01 -8.8214870E-02 -5.9581983E-02 -2.8632887E-02 -9.0897842E-04  1.6518004E-03 -2.5607788E-03
    2497  2.0235298E+03  1.3387494E+00  9.9611203E-01  3.4263734E-01 -8.5148108E-02 -5.6835611E-02 -2.8312497E-02 -9.4377630E-04  1.6527984E-03 -2.5965747E-03
    2498  2.0235392E+03  1.3385753E+00  9.9595630E-01  3.4261903E-01 -8.2067880E-02 -5.4084696E-02 -2.7983185E-02 -9.8080402E-04  1.6513606E-03 -2.6321646E-03
    2499  2.0235487E+03  1.3383991E+00  9.9579873E-01  3.4260039E-01 -7.8965101E-02 -5.1315016E-02 -2.7650085E-02 -1.0140386E-03  1.6532998E-03 -2.6673384E-03
    2500  2.0235581E+03  1.3382234E+00  9.9564163E-01  3.4258173E-01 -7.5860333E-02 -4.8542505E-02 -2.7317828E-02 -1.0489087E-03  1.6533055E-03 -2.7022141E-03
    2501  2.0235675E+03  1.3380495E+00  9.9548601E-01  3.4256346E-01 -7.2757160E-02 -4.5772469E-02 -2.6984691E-02 -1.0841521E-03  1.6527170E-03 -2.7368691E-03
    2502  2.0235769E+03  1.3378755E+00  9.9533110E-01  3.4254442E-01 -6.9642492E-02 -4.2999890E-02 -2.6642601E-02 -1.1162413E-03  1.6549865E-03 -2.7712277E-03
    2503  2.0235864E+03  1.3377024E+00  9.9517678E-01  3.4252559E-01 -6.6504955E-02 -4.0203876E-02 -2.6301079E-02 -1.1523082E-03  1.6528596E-03 -2.8051679E-03
    2504  2.0235958E+03  1.3375331E+00  9.9502629E-01  3.4250685E-01 -6.3384460E-02 -3.7424876E-02 -2.5959584E-02 -1.1821742E-03  1.6567184E-03 -2.8388925E-03
    2505  2.0236052E+03  1.3373624E+00  9.9487482E-01  3.4248760E-01 -6.0249849E-02 -3.4638786E-02 -2.5611063E-02 -1.2174270E-03  1.6548943E-03 -2.8723212E-03
    2506  2.0236146E+03  1.3371932E+00  9.9472427E-01  3.4246889E-01 -5.7089264E-02 -3.1825313E-02 -2.5263951E-02 -1.2504020E-03  1.6549885E-03 -2.9053905E-03
    2507  2.0236240E+03  1.3370261E+00  9.9457610E-01  3.4244999E-01 -5.3964212E-02 -2.9050386E-02 -2.4913827E-02 -1.2816841E-03  1.6564707E-03 -2.9381547E-03
    2508  2.0236335E+03  1.3368652E+00  9.9443407E-01  3.4243109E-01 -5.0799495E-02 -2.6240947E-02 -2.4558548E-02 -1.3115289E-03  1.6590647E-03 -2.9705936E-03
    2509  2.0236429E+03  1.3366945E+00  9.9428289E-01  3.4241157E-01 -4.7636434E-02 -2.3434452E-02 -2.4201982E-02 -1.3442801E-03  1.6584042E-03 -3.0026843E-03
    2510  2.0236523E+03  1.3365370E+00  9.9414404E-01  3.4239297E-01 -4.4475272E-02 -2.0632045E-02 -2.3843227E-02 -1.3752048E-03  1.6592484E-03 -3.0344532E-03
    2511  2.0236617E+03  1.3363698E+00  9.9399660E-01  3.4237319E-01 -4.1299609E-02 -1.7815616E-02 -2.3483993E-02 -1.4052063E-03  1.6606817E-03 -3.0658880E-03
    2512  2.0236712E+03  1.3362157E+00  9.9386098E-01  3.4235476E-01 -3.8137281E-02 -1.5018241E-02 -2.3119040E-02 -1.4353426E-03  1.6616747E-03 -3.0970173E-03
    2513  2.0236806E+03  1.3360520E+00  9.9371683E-01  3.4233515E-01 -3.4943371E-02 -1.2189327E-02 -2.2754044E-02 -1.4650589E-03  1.6626907E-03 -3.1277496E-03
    2514  2.0236900E+03  1.3359051E+00  9.9358839E-01  3.4231671E-01 -3.1779279E-02 -9.3896862E-03 -2.2389593E-02 -1.4958593E-03  1.6623623E-03 -3.1582216E-03
    2515  2.0236994E+03  1.3357385E+00  9.9344182E-01  3.4229673E-01 -2.8588314E-02 -6.5706888E-03 -2.2017625E-02 -1.5251918E-03  1.6631656E-03 -3.1883574E-03
    2516  2.0237089E+03  1.3355990E+00  9.9332026E-01  3.4227870E-01 -2.5403840E-02 -3.7607296E-03 -2.1643110E-02 -1.5543459E-03  1.6637089E-03 -3.2180548E-03
    2517  2.0237183E+03  1.3354371E+00  9.9317810E-01  3.4225905E-01 -2.2194686E-02 -9.2281068E-04 -2.1271875E-02 -1.5849454E-03  1.6624762E-03 -3.2474216E-03
    2518  2.0237277E+03  1.3352993E+00  9.9305919E-01  3.4224015E-01 -1.9026533E-02  1.8718232E-03 -2.0898356E-02 -1.6106024E-03  1.6659665E-03 -3.2765690E-03
    2519  2.0237371E+03  1.3351450E+00  9.9292320E-01  3.4222179E-01 -1.5820567E-02  4.6979919E-03 -2.0518559E-02 -1.6389907E-03  1.6663277E-03 -3.3053184E-03
    2520  2.0237466E+03  1.3350061E+00  9.9280406E-01  3.4220209E-01 -1.2624111E-02  7.5124164E-03 -2.0136528E-02 -1.6669745E-03  1.6666220E-03 -3.3335965E-03
    2521  2.0237560E+03  1.3348582E+00  9.9267484E-01  3.4218338E-01 -9.4201909E-03  1.0336582E-02 -1.9756773E-02 -1.6928028E-03  1.6687698E-03 -3.3615726E-03
    2522  2.0237654E+03  1.3347265E+00  9.9256112E-01  3.4216541E-01 -6.2276669E-03  1.3145927E-02 -1.9373594E-02 -1.7212142E-03  1.6680404E-03 -3.3892546E-03
    2523  2.0237748E+03  1.3345825E+00  9.9243645E-01  3.4214608E-01 -3.0242326E-03  1.5961173E-02 -1.8985406E-02 -1.7445911E-03  1.6719276E-03 -3.4165187E-03
    2524  2.0237842E+03  1.3344474E+00  9.9231983E-01  3.4212755E-01  1.8094137E-04  1.8781563E-02 -1.8600621E-02 -1.7726080E-03  1.6707638E-03 -3.4433717E-03
    2525  2.0237937E+03  1.3343196E+00  9.9221027E-01  3.4210938E-01  3.3792635E-03  2.1590122E-02 -1.8210858E-02 -1.7979549E-03  1.6720040E-03 -3.4699590E-03
    2526  2.0238031E+03  1.3341843E+00  9.9209357E-01  3.4209076E-01  6.5834627E-03  2.4402766E-02 -1.7819304E-02 -1.8225753E-03  1.6735386E-03 -3.4961138E-03
    2527  2.0238125E+03  1.3340611E+00  9.9198811E-01  3.4207297E-01  9.7800621E-03  2.7207112E-02 -1.7427050E-02 -1.8482128E-03  1.6736761E-03 -3.5218890E-03
    2528  2.0238219E+03  1.3339334E+00  9.9187899E-01  3.4205439E-01  1.2986589E-02  3.0019454E-02 -1.7032865E-02 -1.8718775E-03  1.6754250E-03 -3.5473025E-03
    2529  2.0238314E+03  1.3338125E+00  9.9177591E-01  3.4203655E-01  1.6180583E-02  3.2818020E-02 -1.6637437E-02 -1.8975018E-03  1.6748597E-03 -3.5723615E-03
    2530  2.0238408E+03  1.3336879E+00  9.9166951E-01  3.4201844E-01  1.9386283E-02  3.5624650E-02 -1.6238367E-02 -1.9199224E-03  1.6771001E-03 -3.5970225E-03
    2531  2.0238502E+03  1.3335750E+00  9.9157379E-01  3.4200116E-01  2.2581012E-02  3.8420062E-02 -1.5839050E-02 -1.9419944E-03  1.6792723E-03 -3.6212667E-03
    2532  2.0238596E+03  1.3334609E+00  9.9147781E-01  3.4198310E-01  2.5779840E-02  4.1217855E-02 -1.5438015E-02 -1.9663800E-03  1.6787579E-03 -3.6451378E-03
    2533  2.0238691E+03  1.3333474E+00  9.9138172E-01  3.4196568E-01  2.8972066E-02  4.4007424E-02 -1.5035358E-02 -1.9870955E-03  1.6815275E-03 -3.6686230E-03
    2534  2.0238785E+03  1.3332434E+00  9.9129485E-01  3.4194855E-01  3.2153480E-02  4.6785737E-02 -1.4632257E-02 -2.0082980E-03  1.6834101E-03 -3.6917081E-03
    2535  2.0238879E+03  1.3331287E+00  9.9119771E-01  3.4193102E-01  3.5359454E-02  4.9585242E-02 -1.4225789E-02 -2.0321437E-03  1.6822620E-03 -3.7144057E-03
    2536  2.0238973E+03  1.3330289E+00  9.9111432E-01  3.4191460E-01  3.8540263E-02  5.2359412E-02 -1.3819148E-02 -2.0524372E-03  1.6842665E-03 -3.7367037E-03
    2537  2.0239067E+03  1.3329339E+00  9.9103644E-01  3.4189743E-01  4.1710125E-02  5.5122466E-02 -1.3412341E-02 -2.0710033E-03  1.6876130E-03 -3.7586163E-03
    2538  2.0239162E+03  1.3328282E+00  9.9094772E-01  3.4188052E-01  4.4902207E-02  5.7903756E-02 -1.3001549E-02 -2.0939559E-03  1.6861907E-03 -3.7801467E-03
    2539  2.0239256E+03  1.3327421E+00  9.9087694E-01  3.4186513E-01  4.8070468E-02  6.0661191E-02 -1.2590723E-02 -2.1131582E-03  1.6880720E-03 -3.8012303E-03
    2540  2.0239350E+03  1.3326451E+00  9.9079690E-01  3.4184816E-01  5.1248170E-02  6.3428093E-02 -1.2179924E-02 -2.1327576E-03  1.6891660E-03 -3.8219236E-03
    2541  2.0239444E+03  1.3325623E+00  9.9073036E-01  3.4183190E-01  5.4403441E-02  6.6170250E-02 -1.1766809E-02 -2.1521743E-03  1.6900859E-03 -3.8422602E-03
    2542  2.0239539E+03  1.3324714E+00  9.9065505E-01  3.4181637E-01  5.7576683E-02  6.8928239E-02 -1.1351556E-02 -2.1708468E-03  1.6913053E-03 -3.8621522E-03
    2543  2.0239633E+03  1.3323946E+00  9.9059398E-01  3.4180062E-01  6.0720821E-02  7.1658543E-02 -1.0937722E-02 -2.1872879E-03  1.6943375E-03 -3.8816255E-03
    2544  2.0239727E+03  1.3323177E+00  9.9053273E-01  3.4178493E-01  6.3876381E-02  7.4396081E-02 -1.0519700E-02 -2.2073096E-03  1.6934050E-03 -3.9007145E-03
    2545  2.0239821E+03  1.3322336E+00  9.9046315E-01  3.4177043E-01  6.7017689E-02  7.7119077E-02 -1.0101388E-02 -2.2215861E-03  1.6977744E-03 -3.9193605E-03
    2546  2.0239916E+03  1.3321732E+00  9.9041755E-01  3.4175563E-01  7.0158914E-02  7.9842383E-02 -9.6834687E-03 -2.2404973E-03  1.6970729E-03 -3.9375702E-03
    2547  2.0240010E+03  1.3320931E+00  9.9035251E-01  3.4174056E-01  7.3289516E-02  8.2553874E-02 -9.2643578E-03 -2.2538927E-03  1.7014967E-03 -3.9553895E-03
    2548  2.0240104E+03  1.3320378E+00  9.9031162E-01  3.4172614E-01  7.6419293E-02  8.5262816E-02 -8.8435235E-03 -2.2738479E-03  1.6989460E-03 -3.9727939E-03
    2549  2.0240198E+03  1.3319718E+00  9.9025999E-01  3.4171181E-01  7.9529676E-02  8.7953100E-02 -8.4234241E-03 -2.2858616E-03  1.7038962E-03 -3.9897578E-03
    2550  2.0240292E+03  1.3319112E+00  9.9021357E-01  3.4169767E-01  8.2643386E-02  9.0643782E-02 -8.0003954E-03 -2.3035714E-03  1.7027506E-03 -4.0063220E-03
    2551  2.0240387E+03  1.3318534E+00  9.9016942E-01  3.4168397E-01  8.5756592E-02  9.3333525E-02 -7.5769325E-03 -2.3159730E-03  1.7064610E-03 -4.0224340E-03
    2552  2.0240481E+03  1.3318090E+00  9.9013782E-01  3.4167116E-01  8.8835813E-02  9.5989819E-02 -7.1540063E-03 -2.3329430E-03  1.7051822E-03 -4.0381252E-03
    2553  2.0240575E+03  1.3317540E+00  9.9009711E-01  3.4165689E-01  9.1936929E-02  9.8666236E-02 -6.7293070E-03 -2.3454324E-03  1.7079953E-03 -4.0534278E-03
    2554  2.0240669E+03  1.3317130E+00  9.9006800E-01  3.4164503E-01  9.5004796E-02  1.0130850E-01 -6.3037011E-03 -2.3587782E-03  1.7095033E-03 -4.0682814E-03
    2555  2.0240764E+03  1.3316712E+00  9.9003930E-01  3.4163186E-01  9.8084876E-02  1.0396241E-01 -5.8775323E-03 -2.3732547E-03  1.7094247E-03 -4.0826795E-03
    2556  2.0240858E+03  1.3316315E+00  9.9001230E-01  3.4161920E-01  1.0113171E-01  1.0658460E-01 -5.4528922E-03 -2.3827755E-03  1.7139055E-03 -4.0966811E-03
    2557  2.0240952E+03  1.3315957E+00  9.8998782E-01  3.4160783E-01  1.0419318E-01  1.0921698E-01 -5.0238002E-03 -2.3968404E-03  1.7134024E-03 -4.1102428E-03
    2558  2.0241046E+03  1.3315655E+00  9.8997028E-01  3.4159525E-01  1.0724021E-01  1.1183721E-01 -4.5969997E-03 -2.4072090E-03  1.7160948E-03 -4.1233038E-03
    2559  2.0241141E+03  1.3315404E+00  9.8995635E-01  3.4158410E-01  1.1024801E-01  1.1441852E-01 -4.1705085E-03 -2.4184507E-03  1.7175577E-03 -4.1360084E-03
    2560  2.0241235E+03  1.3315132E+00  9.8994045E-01  3.4157276E-01  1.1329145E-01  1.1703207E-01 -3.7406252E-03 -2.4289387E-03  1.7193036E-03 -4.1482423E-03
    2561  2.0241329E+03  1.3314922E+00  9.8992947E-01  3.4156273E-01  1.1629125E-01  1.1960276E-01 -3.3115091E-03 -2.4390767E-03  1.7209310E-03 -4.1600077E-03
    2562  2.0241423E+03  1.3314780E+00  9.8992584E-01  3.4155213E-01  1.1929947E-01  1.2218239E-01 -2.8829169E-03 -2.4482929E-03  1.7230442E-03 -4.1713371E-03
    2563  2.0241518E+03  1.3314638E+00  9.8992262E-01  3.4154116E-01  1.2227559E-01  1.2472888E-01 -2.4532868E-03 -2.4584606E-03  1.7238066E-03 -4.1822672E-03
    2564  2.0241612E+03  1.3314532E+00  9.8992102E-01  3.4153220E-01  1.2525826E-01  1.2728091E-01 -2.0226481E-03 -2.4672847E-03  1.7254416E-03 -4.1927263E-03
    2565  2.0241706E+03  1.3314456E+00  9.8992375E-01  3.4152185E-01  1.2822675E-01  1.2982059E-01 -1.5938452E-03 -2.4753477E-03  1.7273767E-03 -4.2027244E-03
    2566  2.0241800E+03  1.3314463E+00  9.8993351E-01  3.4151281E-01  1.3116704E-01  1.3233059E-01 -1.1635445E-03 -2.4817771E-03  1.7305404E-03 -4.2123175E-03
    2567  2.0241894E+03  1.3314421E+00  9.8993864E-01  3.4150345E-01  1.3412392E-01  1.3485743E-01 -7.3351862E-04 -2.4906071E-03  1.7308274E-03 -4.2214345E-03
    2568  2.0241989E+03  1.3314524E+00  9.8995735E-01  3.4149502E-01  1.3703248E-01  1.3733566E-01 -3.0317984E-04 -2.4963600E-03  1.7337655E-03 -4.2301254E-03
    2569  2.0242083E+03  1.3314546E+00  9.8996784E-01  3.4148680E-01  1.3996492E-01  1.3983710E-01  1.2781901E-04 -2.5049283E-03  1.7334114E-03 -4.2383397E-03
    2570  2.0242177E+03  1.3314707E+00  9.8999218E-01  3.4147852E-01  1.4284632E-01  1.4228826E-01  5.5805585E-04 -2.5069933E-03  1.7391081E-03 -4.2461014E-03
    2571  2.0242271E+03  1.3314787E+00  9.9000800E-01  3.4147070E-01  1.4575120E-01  1.4476295E-01  9.8824942E-04 -2.5175310E-03  1.7358788E-03 -4.2534098E-03
    2572  2.0242366E+03  1.3315031E+00  9.9003829E-01  3.4146482E-01  1.4861741E-01  1.4719898E-01  1.4184246E-03 -2.5180499E-03  1.7422265E-03 -4.2602763E-03
    2573  2.0242460E+03  1.3315229E+00  9.9006587E-01  3.4145703E-01  1.5147861E-01  1.4962984E-01  1.8487767E-03 -2.5258588E-03  1.7408362E-03 -4.2666950E-03
    2574  2.0242554E+03  1.3315488E+00  9.9009767E-01  3.4145113E-01  1.5432861E-01  1.5204957E-01  2.2790482E-03 -2.5294698E-03  1.7431946E-03 -4.2726644E-03
    2575  2.0242648E+03  1.3315831E+00  9.9013850E-01  3.4144463E-01  1.5713203E-01  1.5442347E-01  2.7085536E-03 -2.5316502E-03  1.7465308E-03 -4.2781810E-03
    2576  2.0242743E+03  1.3316076E+00  9.9016926E-01  3.4143838E-01  1.5998289E-01  1.5684357E-01  3.1393289E-03 -2.5380485E-03  1.7451923E-03 -4.2832408E-03
    2577  2.0242837E+03  1.3316441E+00  9.9021077E-01  3.4143334E-01  1.6276910E-01  1.5920168E-01  3.5674193E-03 -2.5385252E-03  1.7493283E-03 -4.2878535E-03
    2578  2.0242931E+03  1.3316932E+00  9.9026545E-01  3.4142774E-01  1.6553116E-01  1.6153406E-01  3.9970957E-03 -2.5407215E-03  1.7512761E-03 -4.2919976E-03
    2579  2.0243025E+03  1.3317217E+00  9.9029875E-01  3.4142294E-01  1.6833845E-01  1.6391135E-01  4.4271021E-03 -2.5438311E-03  1.7518426E-03 -4.2956737E-03
    2580  2.0243119E+03  1.3317822E+00  9.9036211E-01  3.4142011E-01  1.7105705E-01  1.6620396E-01  4.8530828E-03 -2.5426467E-03  1.7562672E-03 -4.2989139E-03
    2581  2.0243214E+03  1.3318212E+00  9.9040647E-01  3.4141470E-01  1.7381681E-01  1.6853447E-01  5.2823309E-03 -2.5459387E-03  1.7557645E-03 -4.3017032E-03
    2582  2.0243308E+03  1.3318837E+00  9.9047262E-01  3.4141112E-01  1.7652025E-01  1.7081067E-01  5.7095818E-03 -2.5443632E-03  1.7596230E-03 -4.3039862E-03
    2583  2.0243402E+03  1.3319329E+00  9.9052513E-01  3.4140782E-01  1.7923264E-01  1.7309625E-01  6.1363951E-03 -2.5461530E-03  1.7596891E-03 -4.3058420E-03
    2584  2.0243496E+03  1.3319975E+00  9.9059240E-01  3.4140511E-01  1.8191211E-01  1.7534859E-01  6.5635202E-03 -2.5430219E-03  1.7642260E-03 -4.3072479E-03
    2585  2.0243591E+03  1.3320574E+00  9.9065487E-01  3.4140256E-01  1.8457562E-01  1.7758736E-01  6.9882594E-03 -2.5436459E-03  1.7645239E-03 -4.3081698E-03
    2586  2.0243685E+03  1.3321266E+00  9.9072609E-01  3.4140047E-01  1.8722519E-01  1.7981210E-01  7.4130887E-03 -2.5424319E-03  1.7662157E-03 -4.3086476E-03
    2587  2.0243779E+03  1.3321945E+00  9.9079624E-01  3.4139828E-01  1.8986163E-01  1.8202344E-01  7.8381872E-03 -2.5385001E-03  1.7701551E-03 -4.3086552E-03
    2588  2.0243873E+03  1.3322679E+00  9.9087063E-01  3.4139727E-01  1.9248199E-01  1.8422038E-01  8.2616069E-03 -2.5380968E-03  1.7700927E-03 -4.3081895E-03
    2589  2.0243968E+03  1.3323470E+00  9.9095111E-01  3.4139591E-01  1.9504570E-01  1.8636273E-01  8.6829745E-03 -2.5344990E-03  1.7727883E-03 -4.3072873E-03
    2590  2.0244062E+03  1.3324224E+00  9.9102741E-01  3.4139499E-01  1.9767015E-01  1.8856316E-01  9.1069841E-03 -2.5311571E-03  1.7747609E-03 -4.3059181E-03
    2591  2.0244156E+03  1.3325109E+00  9.9111550E-01  3.4139541E-01  2.0016977E-01  1.9064308E-01  9.5266894E-03 -2.5281616E-03  1.7759257E-03 -4.3040872E-03
    2592  2.0244250E+03  1.3325940E+00  9.9119880E-01  3.4139521E-01  2.0276049E-01  1.9281138E-01  9.9491078E-03 -2.5224596E-03  1.7793480E-03 -4.3018076E-03
    2593  2.0244344E+03  1.3326822E+00  9.9128610E-01  3.4139611E-01  2.0524000E-01  1.9487451E-01  1.0365493E-02 -2.5192217E-03  1.7798487E-03 -4.2990704E-03
    2594  2.0244439E+03  1.3327740E+00  9.9137868E-01  3.4139531E-01  2.0775445E-01  1.9696847E-01  1.0785976E-02 -2.5127015E-03  1.7831598E-03 -4.2958614E-03
    2595  2.0244533E+03  1.3328692E+00  9.9147081E-01  3.4139835E-01  2.1023113E-01  1.9902731E-01  1.1203819E-02 -2.5081271E-03  1.7840510E-03 -4.2921782E-03
    2596  2.0244627E+03  1.3329696E+00  9.9157013E-01  3.4139946E-01  2.1268803E-01  2.0106997E-01  1.1618060E-02 -2.5015046E-03  1.7865646E-03 -4.2880692E-03
    2597  2.0244721E+03  1.3330703E+00  9.9166925E-01  3.4140104E-01  2.1511526E-01  2.0308187E-01  1.2033392E-02 -2.4940606E-03  1.7894456E-03 -4.2835062E-03
    2598  2.0244816E+03  1.3331729E+00  9.9176907E-01  3.4140378E-01  2.1755504E-01  2.0510601E-01  1.2449022E-02 -2.4886870E-03  1.7897545E-03 -4.2784415E-03
    2599  2.0244910E+03  1.3332827E+00  9.9187626E-01  3.4140648E-01  2.1991051E-01  2.0705105E-01  1.2859461E-02 -2.4784112E-03  1.7945226E-03 -4.2729338E-03
    2600  2.0245004E+03  1.3333889E+00  9.9197976E-01  3.4140910E-01  2.2232677E-01  2.0905238E-01  1.3274392E-02 -2.4729379E-03  1.7940368E-03 -4.2669747E-03
    2601  2.0245098E+03  1.3335026E+00  9.9209045E-01  3.4141218E-01  2.2463783E-01  2.1095378E-01  1.3684043E-02 -2.4618296E-03  1.7986988E-03 -4.2605284E-03
    2602  2.0245193E+03  1.3336198E+00  9.9220325E-01  3.4141652E-01  2.2700600E-01  2.1291302E-01  1.4092981E-02 -2.4536778E-03  1.7999543E-03 -4.2536321E-03
    2603  2.0245287E+03  1.3337305E+00  9.9231042E-01  3.4142012E-01  2.2928781E-01  2.1479006E-01  1.4497746E-02 -2.4447508E-03  1.8015695E-03 -4.2463202E-03
    2604  2.0245381E+03  1.3338619E+00  9.9243604E-01  3.4142590E-01  2.3158883E-01  2.1668241E-01  1.4906425E-02 -2.4343343E-03  1.8042189E-03 -4.2385533E-03
    2605  2.0245475E+03  1.3339777E+00  9.9254867E-01  3.4142901E-01  2.3383590E-01  2.1852514E-01  1.5310756E-02 -2.4248178E-03  1.8054659E-03 -4.2302837E-03
    2606  2.0245569E+03  1.3341072E+00  9.9267187E-01  3.4143531E-01  2.3607952E-01  2.2036419E-01  1.5715328E-02 -2.4110939E-03  1.8104768E-03 -4.2215707E-03
    2607  2.0245664E+03  1.3342358E+00  9.9279444E-01  3.4144140E-01  2.3830426E-01  2.2218783E-01  1.6116432E-02 -2.4044690E-03  1.8079363E-03 -4.2124053E-03
    2608  2.0245758E+03  1.3343642E+00  9.9291769E-01  3.4144647E-01  2.4050441E-01  2.2398761E-01  1.6516804E-02 -2.3885127E-03  1.8142829E-03 -4.2027956E-03
    2609  2.0245852E+03  1.3344982E+00  9.9304467E-01  3.4145353E-01  2.4264758E-01  2.2573240E-01  1.6915178E-02 -2.3788564E-03  1.8138705E-03 -4.1927269E-03
    2610  2.0245946E+03  1.3346344E+00  9.9317439E-01  3.4146005E-01  2.4483504E-01  2.2752209E-01  1.7312955E-02 -2.3656641E-03  1.8165503E-03 -4.1822145E-03
    2611  2.0246041E+03  1.3347714E+00  9.9330418E-01  3.4146723E-01  2.4690876E-01  2.2920346E-01  1.7705301E-02 -2.3514839E-03  1.8197907E-03 -4.1712746E-03
    2612  2.0246135E+03  1.3349146E+00  9.9343999E-01  3.4147457E-01  2.4905917E-01  2.3095697E-01  1.8102200E-02 -2.3400714E-03  1.8197972E-03 -4.1598685E-03
    2613  2.0246229E+03  1.3350527E+00  9.9357118E-01  3.4148151E-01  2.5109081E-01  2.3259793E-01  1.8492877E-02 -2.3249200E-03  1.8230756E-03 -4.1479956E-03
    2614  2.0246323E+03  1.3352019E+00  9.9371173E-01  3.4149016E-01  2.5317066E-01  2.3428642E-01  1.8884242E-02 -2.3099689E-03  1.8257068E-03 -4.1356757E-03
    2615  2.0246418E+03  1.3353442E+00  9.9384610E-01  3.4149808E-01  2.5518823E-01  2.3591718E-01  1.9271051E-02 -2.2969087E-03  1.8260232E-03 -4.1229320E-03
    2616  2.0246512E+03  1.3354978E+00  9.9399126E-01  3.4150655E-01  2.5717894E-01  2.3751989E-01  1.9659054E-02 -2.2769331E-03  1.8328123E-03 -4.1097453E-03
    2617  2.0246606E+03  1.3356412E+00  9.9412496E-01  3.4151627E-01  2.5917305E-01  2.3912952E-01  2.0043525E-02 -2.2650762E-03  1.8309920E-03 -4.0960682E-03
    2618  2.0246700E+03  1.3358001E+00  9.9427446E-01  3.4152563E-01  2.6110689E-01  2.4068238E-01  2.0424508E-02 -2.2468988E-03  1.8350763E-03 -4.0819751E-03
    2619  2.0246795E+03  1.3359511E+00  9.9441604E-01  3.4153510E-01  2.6303837E-01  2.4223219E-01  2.0806189E-02 -2.2300805E-03  1.8373840E-03 -4.0674645E-03
    2620  2.0246889E+03  1.3361086E+00  9.9456335E-01  3.4154523E-01  2.6495066E-01  2.4376566E-01  2.1185001E-02 -2.2132166E-03  1.8392529E-03 -4.0524695E-03
    2621  2.0246983E+03  1.3362699E+00  9.9471459E-01  3.4155535E-01  2.6677154E-01  2.4521091E-01  2.1560627E-02 -2.1951823E-03  1.8418595E-03 -4.0370419E-03
    2622  2.0247077E+03  1.3364263E+00  9.9486002E-01  3.4156626E-01  2.6869260E-01  2.4675438E-01  2.1938218E-02 -2.1789158E-03  1.8422673E-03 -4.0211832E-03
    2623  2.0247171E+03  1.3365864E+00  9.9501004E-01  3.4157632E-01  2.7045224E-01  2.4814330E-01  2.2308934E-02 -2.1574096E-03  1.8474771E-03 -4.0048867E-03
    2624  2.0247266E+03  1.3367537E+00  9.9516576E-01  3.4158789E-01  2.7230011E-01  2.4961764E-01  2.2682475E-02 -2.1418053E-03  1.8463282E-03 -3.9881335E-03
    2625  2.0247360E+03  1.3369096E+00  9.9530947E-01  3.4160016E-01  2.7403096E-01  2.5098514E-01  2.3045828E-02 -2.1204050E-03  1.8505832E-03 -3.9709882E-03
    2626  2.0247454E+03  1.3370844E+00  9.9547217E-01  3.4161225E-01  2.7578813E-01  2.5237708E-01  2.3411048E-02 -2.1025086E-03  1.8509659E-03 -3.9534745E-03
    2627  2.0247548E+03  1.3372480E+00  9.9562414E-01  3.4162387E-01  2.7747902E-01  2.5370122E-01  2.3777796E-02 -2.0802812E-03  1.8552027E-03 -3.9354839E-03
    2628  2.0247643E+03  1.3374176E+00  9.9578114E-01  3.4163645E-01  2.7920787E-01  2.5507164E-01  2.4136226E-02 -2.0626816E-03  1.8542763E-03 -3.9169579E-03
    2629  2.0247737E+03  1.3375860E+00  9.9593649E-01  3.4164952E-01  2.8083528E-01  2.5634112E-01  2.4494154E-02 -2.0362251E-03  1.8619382E-03 -3.8981633E-03
    2630  2.0247831E+03  1.3377582E+00  9.9609611E-01  3.4166208E-01  2.8246630E-01  2.5761402E-01  2.4852278E-02 -2.0186606E-03  1.8602171E-03 -3.8788776E-03
    2631  2.0247925E+03  1.3379269E+00  9.9625136E-01  3.4167558E-01  2.8409827E-01  2.5889142E-01  2.5206851E-02 -1.9944214E-03  1.8646939E-03 -3.8591153E-03
    2632  2.0248020E+03  1.3381021E+00  9.9641292E-01  3.4168920E-01  2.8566586E-01  2.6010920E-01  2.5556659E-02 -1.9740418E-03  1.8649743E-03 -3.8390161E-03
    2633  2.0248114E+03  1.3382794E+00  9.9657702E-01  3.4170235E-01  2.8718818E-01  2.6127830E-01  2.5909886E-02 -1.9499671E-03  1.8684930E-03 -3.8184601E-03
    2634  2.0248208E+03  1.3384490E+00  9.9673265E-01  3.4171638E-01  2.8874286E-01  2.6248618E-01  2.6256679E-02 -1.9262589E-03  1.8711475E-03 -3.7974064E-03
    2635  2.0248302E+03  1.3386262E+00  9.9689493E-01  3.4173127E-01  2.9022899E-01  2.6363283E-01  2.6596162E-02 -1.9024284E-03  1.8736471E-03 -3.7760755E-03
    2636  2.0248396E+03  1.3388077E+00  9.9706222E-01  3.4174547E-01  2.9166804E-01  2.6472622E-01  2.6941819E-02 -1.8801173E-03  1.8741923E-03 -3.7543095E-03
    2637  2.0248491E+03  1.3389829E+00  9.9722328E-01  3.4175958E-01  2.9313923E-01  2.6585499E-01  2.7284243E-02 -1.8545020E-03  1.8775133E-03 -3.7320152E-03
    2638  2.0248585E+03  1.3391510E+00  9.9737516E-01  3.4177584E-01  2.9453653E-01  2.6692716E-01  2.7609363E-02 -1.8291184E-03  1.8802749E-03 -3.7093933E-03
    2639  2.0248679E+03  1.3393451E+00  9.9755409E-01  3.4179096E-01  2.9589735E-01  2.6794678E-01  2.7950560E-02 -1.8061283E-03  1.8803753E-03 -3.6865036E-03
    2640  2.0248773E+03  1.3395112E+00  9.9770549E-01  3.4180569E-01  2.9728238E-01  2.6900329E-01  2.8279095E-02 -1.7775530E-03  1.8854023E-03 -3.6629553E-03
    2641  2.0248868E+03  1.3396965E+00  9.9787398E-01  3.4182249E-01  2.9857760E-01  2.6997185E-01  2.8605749E-02 -1.7531379E-03  1.8860636E-03 -3.6392015E-03
    2642  2.0248962E+03  1.3398744E+00  9.9803752E-01  3.4183688E-01  2.9987339E-01  2.7093554E-01  2.8937852E-02 -1.7278814E-03  1.8870804E-03 -3.6149618E-03
    2643  2.0249056E+03  1.3400580E+00  9.9820570E-01  3.4185229E-01  3.0112667E-01  2.7186480E-01  2.9261864E-02 -1.6977210E-03  1.8925372E-03 -3.5902582E-03
    2644  2.0249150E+03  1.3402346E+00  9.9836302E-01  3.4187161E-01  3.0238098E-01  2.7281240E-01  2.9568578E-02 -1.6714650E-03  1.8937205E-03 -3.5651856E-03
    2645  2.0249245E+03  1.3404174E+00  9.9853178E-01  3.4188558E-01  3.0357048E-01  2.7367393E-01  2.9896549E-02 -1.6460999E-03  1.8938725E-03 -3.5399725E-03
    2646  2.0249339E+03  1.3405971E+00  9.9869481E-01  3.4190227E-01  3.0473799E-01  2.7452798E-01  3.0210017E-02 -1.6143609E-03  1.8996788E-03 -3.5140396E-03
    2647  2.0249433E+03  1.3407746E+00  9.9885479E-01  3.4191979E-01  3.0591678E-01  2.7539703E-01  3.0519750E-02 -1.5900813E-03  1.8977381E-03 -3.4878194E-03
    2648  2.0249527E+03  1.3409565E+00  9.9901928E-01  3.4193722E-01  3.0700134E-01  2.7617873E-01  3.0822609E-02 -1.5608444E-03  1.9004998E-03 -3.4613442E-03
    2649  2.0249621E+03  1.3411403E+00  9.9918570E-01  3.4195465E-01  3.0808219E-01  2.7695448E-01  3.1127712E-02 -1.5290584E-03  1.9054009E-03 -3.4344593E-03
    2650  2.0249716E+03  1.3413191E+00  9.9934788E-01  3.4197124E-01  3.0916069E-01  2.7772528E-01  3.1435416E-02 -1.5016995E-03  1.9054112E-03 -3.4071106E-03
    2651  2.0249810E+03  1.3414981E+00  9.9950931E-01  3.4198876E-01  3.1014540E-01  2.7841421E-01  3.1731189E-02 -1.4681165E-03  1.9112133E-03 -3.3793298E-03
    2652  2.0249904E+03  1.3416749E+00  9.9966865E-01  3.4200627E-01  3.1119518E-01  2.7916583E-01  3.2029353E-02 -1.4411999E-03  1.9100648E-03 -3.3512647E-03
    2653  2.0249998E+03  1.3418586E+00  9.9983404E-01  3.4202459E-01  3.1210297E-01  2.7978349E-01  3.2319482E-02 -1.4069309E-03  1.9158707E-03 -3.3228016E-03
    2654  2.0250093E+03  1.3420340E+00  9.9999207E-01  3.4204189E-01  3.1309013E-01  2.8047914E-01  3.2610994E-02 -1.3786029E-03  1.9153957E-03 -3.2939986E-03
    2655  2.0250187E+03  1.3422143E+00  1.0001537E+00  3.4206058E-01  3.1394583E-01  2.8105233E-01  3.2893505E-02 -1.3468973E-03  1.9179343E-03 -3.2648317E-03
    2656  2.0250281E+03  1.3423909E+00  1.0003125E+00  3.4207835E-01  3.1484688E-01  2.8166672E-01  3.3180153E-02 -1.3157410E-03  1.9195767E-03 -3.2353176E-03
    2657  2.0250375E+03  1.3425717E+00  1.0004752E+00  3.4209647E-01  3.1567816E-01  2.8221861E-01  3.3459552E-02 -1.2833586E-03  1.9220482E-03 -3.2054068E-03
    2658  2.0250470E+03  1.3427447E+00  1.0006298E+00  3.4211490E-01  3.1649862E-01  2.8276248E-01  3.3736141E-02 -1.2496609E-03  1.9254717E-03 -3.1751326E-03
    2659  2.0250564E+03  1.3429158E+00  1.0007823E+00  3.4213352E-01  3.1725207E-01  2.8324349E-01  3.4008583E-02 -1.2190709E-03  1.9254521E-03 -3.1445231E-03
    2660  2.0250658E+03  1.3430965E+00  1.0009440E+00  3.4215249E-01  3.1803107E-01  2.8375217E-01  3.4278899E-02 -1.1845042E-03  1.9290727E-03 -3.1135769E-03
    2661  2.0250752E+03  1.3432650E+00  1.0010949E+00  3.4217011E-01  3.1875434E-01  2.8420458E-01  3.4549755E-02 -1.1517393E-03  1.9305104E-03 -3.0822497E-03
    2662  2.0250847E+03  1.3434394E+00  1.0012495E+00  3.4218988E-01  3.1939783E-01  2.8458996E-01  3.4807873E-02 -1.1146160E-03  1.9359604E-03 -3.0505764E-03
    2663  2.0250941E+03  1.3436145E+00  1.0014051E+00  3.4220937E-01  3.2009731E-01  2.8503422E-01  3.5063096E-02 -1.0847714E-03  1.9338825E-03 -3.0186539E-03
    2664  2.0251035E+03  1.3437828E+00  1.0015561E+00  3.4222677E-01  3.2070440E-01  2.8537737E-01  3.5327022E-02 -1.0480289E-03  1.9383621E-03 -2.9863910E-03
    2665  2.0251129E+03  1.3439498E+00  1.0017032E+00  3.4224666E-01  3.2129105E-01  2.8571489E-01  3.5576160E-02 -1.0121952E-03  1.9414306E-03 -2.9536258E-03
    2666  2.0251223E+03  1.3441176E+00  1.0018528E+00  3.4226479E-01  3.2186845E-01  2.8604024E-01  3.5828212E-02 -9.7813557E-04  1.9425577E-03 -2.9206933E-03
    2667  2.0251318E+03  1.3442879E+00  1.0020042E+00  3.4228362E-01  3.2238645E-01  2.8630877E-01  3.6077677E-02 -9.4503978E-04  1.9423325E-03 -2.8873723E-03
    2668  2.0251412E+03  1.3444486E+00  1.0021453E+00  3.4230328E-01  3.2289700E-01  2.8657998E-01  3.6317015E-02 -9.0746244E-04  1.9462485E-03 -2.8537110E-03
    2669  2.0251506E+03  1.3446144E+00  1.0022927E+00  3.4232175E-01  3.2336476E-01  2.8680645E-01  3.6558309E-02 -8.7115069E-04  1.9486358E-03 -2.8197865E-03
    2670  2.0251600E+03  1.3447761E+00  1.0024350E+00  3.4234108E-01  3.2380378E-01  2.8701008E-01  3.6793701E-02 -8.3475589E-04  1.9507343E-03 -2.7854902E-03
    2671  2.0251695E+03  1.3449356E+00  1.0025753E+00  3.4236029E-01  3.2420751E-01  2.8718289E-01  3.7024620E-02 -7.9825441E-04  1.9526432E-03 -2.7508976E-03
    2672  2.0251789E+03  1.3450978E+00  1.0027188E+00  3.4237904E-01  3.2457782E-01  2.8732503E-01  3.7252791E-02 -7.6036010E-04  1.9556623E-03 -2.7160224E-03
    2673  2.0251883E+03  1.3452543E+00  1.0028559E+00  3.4239833E-01  3.2493791E-01  2.8745969E-01  3.7478225E-02 -7.2461387E-04  1.9562099E-03 -2.6808237E-03
    2674  2.0251977E+03  1.3454023E+00  1.0029851E+00  3.4241725E-01  3.2519968E-01  2.8750057E-01  3.7699115E-02 -6.8481662E-04  1.9604843E-03 -2.6453010E-03
    2675  2.0252072E+03  1.3455684E+00  1.0031317E+00  3.4243664E-01  3.2556018E-01  2.8764125E-01  3.7918921E-02 -6.4734742E-04  1.9621117E-03 -2.6094591E-03
    2676  2.0252166E+03  1.3457107E+00  1.0032557E+00  3.4245497E-01  3.2577165E-01  2.8764033E-01  3.8131313E-02 -6.0903185E-04  1.9643402E-03 -2.5733721E-03
    2677  2.0252260E+03  1.3458605E+00  1.0033857E+00  3.4247485E-01  3.2593307E-01  2.8759262E-01  3.8340456E-02 -5.7149827E-04  1.9654653E-03 -2.5369636E-03
    2678  2.0252354E+03  1.3460144E+00  1.0035209E+00  3.4249352E-01  3.2620388E-01  2.8765274E-01  3.8551140E-02 -5.3190293E-04  1.9683723E-03 -2.5002752E-03
    2679  2.0252448E+03  1.3461509E+00  1.0036394E+00  3.4251155E-01  3.2630181E-01  2.8755151E-01  3.8750295E-02 -4.9265219E-04  1.9706500E-03 -2.4633022E-03
    2680  2.0252543E+03  1.3463053E+00  1.0037740E+00  3.4253133E-01  3.2644999E-01  2.8749902E-01  3.8950967E-02 -4.5379334E-04  1.9722373E-03 -2.4260306E-03
    2681  2.0252637E+03  1.3464397E+00  1.0038906E+00  3.4254906E-01  3.2653862E-01  2.8739353E-01  3.9145087E-02 -4.1430923E-04  1.9742148E-03 -2.3885240E-03
    2682  2.0252731E+03  1.3465830E+00  1.0040138E+00  3.4256923E-01  3.2659949E-01  2.8726478E-01  3.9334714E-02 -3.7570351E-04  1.9750245E-03 -2.3507281E-03
    2683  2.0252825E+03  1.3467151E+00  1.0041284E+00  3.4258678E-01  3.2659540E-01  2.8707394E-01  3.9521453E-02 -3.3208121E-04  1.9805843E-03 -2.3126655E-03
    2684  2.0252920E+03  1.3468508E+00  1.0042458E+00  3.4260500E-01  3.2662610E-01  2.8691795E-01  3.9708145E-02 -2.9390774E-04  1.9804543E-03 -2.2743621E-03
    2685  2.0253014E+03  1.3469859E+00  1.0043615E+00  3.4262440E-01  3.2659033E-01  2.8670516E-01  3.9885168E-02 -2.5411201E-04  1.9816032E-03 -2.2357152E-03
    2686  2.0253108E+03  1.3471091E+00  1.0044674E+00  3.4264170E-01  3.2647837E-01  2.8641714E-01  4.0061231E-02 -2.1132163E-04  1.9855856E-03 -2.1969072E-03
    2687  2.0253202E+03  1.3472420E+00  1.0045818E+00  3.4266022E-01  3.2644326E-01  2.8620709E-01  4.0236168E-02 -1.7102749E-04  1.9867781E-03 -2.1578056E-03
    2688  2.0253297E+03  1.3473667E+00  1.0046878E+00  3.4267883E-01  3.2630023E-01  2.8589666E-01  4.0403568E-02 -1.3190087E-04  1.9865433E-03 -2.1184441E-03
    2689  2.0253391E+03  1.3474864E+00  1.0047901E+00  3.4269635E-01  3.2608497E-01  2.8551909E-01  4.0565881E-02 -8.8635778E-05  1.9902027E-03 -2.0788385E-03
    2690  2.0253485E+03  1.3476079E+00  1.0048942E+00  3.4271379E-01  3.2595033E-01  2.8522203E-01  4.0728303E-02 -4.7448850E-05  1.9915925E-03 -2.0390413E-03
    2691  2.0253579E+03  1.3477242E+00  1.0049916E+00  3.4273264E-01  3.2567852E-01  2.8479476E-01  4.0883763E-02 -4.2438895E-06  1.9947296E-03 -1.9989734E-03
    2692  2.0253673E+03  1.3478390E+00  1.0050890E+00  3.4274995E-01  3.2547015E-01  2.8443179E-01  4.1038359E-02  3.8146314E-05  1.9967484E-03 -1.9586021E-03
    2693  2.0253768E+03  1.3479511E+00  1.0051831E+00  3.4276799E-01  3.2516367E-01  2.8397887E-01  4.1184800E-02  8.1129776E-05  1.9991691E-03 -1.9180394E-03
    2694  2.0253862E+03  1.3480524E+00  1.0052680E+00  3.4278445E-01  3.2481593E-01  2.8348665E-01  4.1329280E-02  1.2418915E-04  2.0014732E-03 -1.8772840E-03
    2695  2.0253956E+03  1.3481695E+00  1.0053672E+00  3.4280226E-01  3.2452053E-01  2.8304865E-01  4.1471874E-02  1.6612057E-04  2.0024026E-03 -1.8362820E-03
    2696  2.0254050E+03  1.3482637E+00  1.0054448E+00  3.4281887E-01  3.2411781E-01  2.8251264E-01  4.1605162E-02  2.0933688E-04  2.0044168E-03 -1.7950800E-03
    2697  2.0254145E+03  1.3483638E+00  1.0055282E+00  3.4283557E-01  3.2366152E-01  2.8192225E-01  4.1739275E-02  2.5231685E-04  2.0059598E-03 -1.7536429E-03
    2698  2.0254239E+03  1.3484670E+00  1.0056146E+00  3.4285241E-01  3.2328295E-01  2.8141360E-01  4.1869347E-02  2.9708518E-04  2.0090638E-03 -1.7119786E-03
    2699  2.0254333E+03  1.3485573E+00  1.0056891E+00  3.4286821E-01  3.2279292E-01  2.8080121E-01  4.1991711E-02  3.4031246E-04  2.0104703E-03 -1.6701579E-03
    2700  2.0254427E+03  1.3486482E+00  1.0057635E+00  3.4288467E-01  3.2226784E-01  2.8015674E-01  4.2111105E-02  3.8362740E-04  2.0117190E-03 -1.6280916E-03
    2701  2.0254522E+03  1.3487367E+00  1.0058359E+00  3.4290078E-01  3.2172606E-01  2.7949736E-01  4.2228700E-02  4.2776804E-04  2.0136422E-03 -1.5858741E-03
    2702  2.0254616E+03  1.3488154E+00  1.0058986E+00  3.4291686E-01  3.2116991E-01  2.7882796E-01  4.2341951E-02  4.7254686E-04  2.0159994E-03 -1.5434525E-03
    2703  2.0254710E+03  1.3489072E+00  1.0059743E+00  3.4293284E-01  3.2058504E-01  2.7813647E-01  4.2448565E-02  5.1621966E-04  2.0170371E-03 -1.5008174E-03
    2704  2.0254804E+03  1.3489791E+00  1.0060319E+00  3.4294718E-01  3.1994633E-01  2.7739345E-01  4.2552878E-02  5.6115926E-04  2.0191852E-03 -1.4580260E-03
    2705  2.0254899E+03  1.3490535E+00  1.0060908E+00  3.4296263E-01  3.1927804E-01  2.7662642E-01  4.2651622E-02  6.0618855E-04  2.0212008E-03 -1.4150122E-03
    2706  2.0254993E+03  1.3491293E+00  1.0061509E+00  3.4297844E-01  3.1860088E-01  2.7585156E-01  4.2749319E-02  6.5129771E-04  2.0231666E-03 -1.3718689E-03
    2707  2.0255087E+03  1.3491954E+00  1.0062029E+00  3.4299246E-01  3.1786221E-01  2.7502237E-01  4.2839839E-02  6.9534606E-04  2.0238873E-03 -1.3285413E-03
    2708  2.0255181E+03  1.3492645E+00  1.0062572E+00  3.4300733E-01  3.1713870E-01  2.7421054E-01  4.2928156E-02  7.4227085E-04  2.0273070E-03 -1.2850362E-03
    2709  2.0255275E+03  1.3493218E+00  1.0063006E+00  3.4302124E-01  3.1633290E-01  2.7332384E-01  4.3009067E-02  7.8628746E-04  2.0276709E-03 -1.2413834E-03
    2710  2.0255370E+03  1.3493839E+00  1.0063484E+00  3.4303547E-01  3.1553067E-01  2.7244128E-01  4.3089385E-02  8.3368837E-04  2.0312687E-03 -1.1975803E-03
    2711  2.0255464E+03  1.3494352E+00  1.0063863E+00  3.4304892E-01  3.1468450E-01  2.7152036E-01  4.3164143E-02  8.7803682E-04  2.0316179E-03 -1.1535810E-03
    2712  2.0255558E+03  1.3494914E+00  1.0064290E+00  3.4306242E-01  3.1382255E-01  2.7058770E-01  4.3234857E-02  9.2464899E-04  2.0340956E-03 -1.1094466E-03
    2713  2.0255652E+03  1.3495396E+00  1.0064636E+00  3.4307596E-01  3.1291240E-01  2.6961135E-01  4.3301052E-02  9.7028624E-04  2.0354844E-03 -1.0651982E-03
    2714  2.0255747E+03  1.3495834E+00  1.0064950E+00  3.4308839E-01  3.1197632E-01  2.6861151E-01  4.3364805E-02  1.0163659E-03  2.0371435E-03 -1.0207776E-03
    2715  2.0255841E+03  1.3496262E+00  1.0065248E+00  3.4310141E-01  3.1101912E-01  2.6759583E-01  4.3423295E-02  1.0623258E-03  2.0385241E-03 -9.7619821E-04
    2716  2.0255935E+03  1.3496650E+00  1.0065511E+00  3.4311392E-01  3.1003076E-01  2.6655502E-01  4.3475739E-02  1.1084129E-03  2.0399620E-03 -9.3154910E-04
    2717  2.0256029E+03  1.3496982E+00  1.0065727E+00  3.4312547E-01  3.0900589E-01  2.6548032E-01  4.3525572E-02  1.1545618E-03  2.0413423E-03 -8.8678042E-04
    2718  2.0256124E+03  1.3497284E+00  1.0065909E+00  3.4313750E-01  3.0794809E-01  2.6437544E-01  4.3572649E-02  1.2015557E-03  2.0433943E-03 -8.4183864E-04
    2719  2.0256218E+03  1.3497593E+00  1.0066099E+00  3.4314940E-01  3.0688403E-01  2.6326998E-01  4.3614044E-02  1.2484683E-03  2.0452299E-03 -7.9676154E-04
    2720  2.0256312E+03  1.3497823E+00  1.0066223E+00  3.4315996E-01  3.0576488E-01  2.6211454E-01  4.3650338E-02  1.2949202E-03  2.0465428E-03 -7.5162259E-04
    2721  2.0256406E+03  1.3498065E+00  1.0066352E+00  3.4317131E-01  3.0464076E-01  2.6095554E-01  4.3685214E-02  1.3419428E-03  2.0482886E-03 -7.0634579E-04
    2722  2.0256500E+03  1.3498161E+00  1.0066340E+00  3.4318204E-01  3.0342331E-01  2.5970891E-01  4.3714393E-02  1.3889902E-03  2.0499258E-03 -6.6093559E-04
    2723  2.0256595E+03  1.3498395E+00  1.0066475E+00  3.4319207E-01  3.0229161E-01  2.5855150E-01  4.3740107E-02  1.4358178E-03  2.0512364E-03 -6.1541862E-04
    2724  2.0256689E+03  1.3498488E+00  1.0066461E+00  3.4320270E-01  3.0104887E-01  2.5728805E-01  4.3760820E-02  1.4827617E-03  2.0526252E-03 -5.6986352E-04
    2725  2.0256783E+03  1.3498440E+00  1.0066326E+00  3.4321141E-01  2.9975172E-01  2.5597648E-01  4.3775245E-02  1.5305590E-03  2.0547367E-03 -5.2417774E-04
    2726  2.0256877E+03  1.3498582E+00  1.0066370E+00  3.4322125E-01  2.9851781E-01  2.5472866E-01  4.3789144E-02  1.5778350E-03  2.0562466E-03 -4.7841155E-04
    2727  2.0256972E+03  1.3498519E+00  1.0066220E+00  3.4322992E-01  2.9718274E-01  2.5338682E-01  4.3795918E-02  1.6247050E-03  2.0572713E-03 -4.3256630E-04
    2728  2.0257066E+03  1.3498555E+00  1.0066167E+00  3.4323889E-01  2.9586011E-01  2.5206045E-01  4.3799659E-02  1.6721951E-03  2.0588262E-03 -3.8663104E-04
    2729  2.0257160E+03  1.3498407E+00  1.0065946E+00  3.4324609E-01  2.9447862E-01  2.5068101E-01  4.3797605E-02  1.7207336E-03  2.0613812E-03 -3.4064762E-04
    2730  2.0257254E+03  1.3498365E+00  1.0065813E+00  3.4325527E-01  2.9308669E-01  2.4929248E-01  4.3794209E-02  1.7673464E-03  2.0619302E-03 -2.9458383E-04
    2731  2.0257349E+03  1.3498158E+00  1.0065530E+00  3.4326278E-01  2.9165909E-01  2.4787260E-01  4.3786493E-02  1.8147821E-03  2.0632223E-03 -2.4844017E-04
    2732  2.0257443E+03  1.3498007E+00  1.0065313E+00  3.4326939E-01  2.9021987E-01  2.4644763E-01  4.3772235E-02  1.8624984E-03  2.0646850E-03 -2.0218654E-04
    2733  2.0257537E+03  1.3497781E+00  1.0065009E+00  3.4327729E-01  2.8872799E-01  2.4497089E-01  4.3757099E-02  1.9097376E-03  2.0657038E-03 -1.5596617E-04
    2734  2.0257631E+03  1.3497564E+00  1.0064727E+00  3.4328365E-01  2.8724077E-01  2.4350590E-01  4.3734864E-02  1.9572135E-03  2.0668298E-03 -1.0961626E-04
    2735  2.0257725E+03  1.3497250E+00  1.0064361E+00  3.4328892E-01  2.8569219E-01  2.4198675E-01  4.3705439E-02  2.0053777E-03  2.0686642E-03 -6.3286490E-05
    2736  2.0257820E+03  1.3496944E+00  1.0063989E+00  3.4329559E-01  2.8412759E-01  2.4045122E-01  4.3676371E-02  2.0532712E-03  2.0702386E-03 -1.6967359E-05
    2737  2.0257914E+03  1.3496610E+00  1.0063602E+00  3.4330077E-01  2.8256953E-01  2.3892619E-01  4.3643336E-02  2.1002357E-03  2.0707629E-03  2.9472829E-05
    2738  2.0258008E+03  1.3496104E+00  1.0063048E+00  3.4330567E-01  2.8087845E-01  2.3727508E-01  4.3603367E-02  2.1478069E-03  2.0718324E-03  7.5974502E-05
    2739  2.0258102E+03  1.3495847E+00  1.0062736E+00  3.4331118E-01  2.7933161E-01  2.3576914E-01  4.3562465E-02  2.1967793E-03  2.0742843E-03  1.2249494E-04
    2740  2.0258197E+03  1.3495240E+00  1.0062095E+00  3.4331453E-01  2.7759750E-01  2.3408460E-01  4.3512902E-02  2.2438314E-03  2.0748796E-03  1.6895182E-04
    2741  2.0258291E+03  1.3494817E+00  1.0061623E+00  3.4331947E-01  2.7593614E-01  2.3247042E-01  4.3465716E-02  2.2912057E-03  2.0756682E-03  2.1553750E-04
    2742  2.0258385E+03  1.3494326E+00  1.0061090E+00  3.4332360E-01  2.7420696E-01  2.3079653E-01  4.3410433E-02  2.3401987E-03  2.0780781E-03  2.6212058E-04
    2743  2.0258479E+03  1.3493705E+00  1.0060448E+00  3.4332565E-01  2.7247364E-01  2.2912052E-01  4.3353127E-02  2.3873608E-03  2.0786617E-03  3.0869908E-04
    2744  2.0258574E+03  1.3493123E+00  1.0059827E+00  3.4332956E-01  2.7067092E-01  2.2738511E-01  4.3285809E-02  2.4344796E-03  2.0791712E-03  3.5530846E-04
    2745  2.0258668E+03  1.3492551E+00  1.0059229E+00  3.4333214E-01  2.6890308E-01  2.2568234E-01  4.3220743E-02  2.4826889E-03  2.0808508E-03  4.0183805E-04
    2746  2.0258762E+03  1.3491795E+00  1.0058457E+00  3.4333381E-01  2.6705576E-01  2.2390641E-01  4.3149350E-02  2.5301254E-03  2.0817077E-03  4.4841768E-04
    2747  2.0258856E+03  1.3491201E+00  1.0057834E+00  3.4333669E-01  2.6522215E-01  2.2214748E-01  4.3074668E-02  2.5785615E-03  2.0835272E-03  4.9503430E-04
    2748  2.0258950E+03  1.3490378E+00  1.0056996E+00  3.4333821E-01  2.6334107E-01  2.2034562E-01  4.2995446E-02  2.6259915E-03  2.0843531E-03  5.4163841E-04
    2749  2.0259045E+03  1.3489702E+00  1.0056322E+00  3.4333805E-01  2.6145973E-01  2.1855052E-01  4.2909208E-02  2.6739698E-03  2.0857779E-03  5.8819194E-04
    2750  2.0259139E+03  1.3488841E+00  1.0055443E+00  3.4333982E-01  2.5951162E-01  2.1669071E-01  4.2820911E-02  2.7217099E-03  2.0870173E-03  6.3469266E-04
    2751  2.0259233E+03  1.3488076E+00  1.0054682E+00  3.4333937E-01  2.5757659E-01  2.1484785E-01  4.2728739E-02  2.7695186E-03  2.0882922E-03  6.8122638E-04
    2752  2.0259327E+03  1.3487205E+00  1.0053810E+00  3.4333949E-01  2.5559359E-01  2.1296125E-01  4.2632347E-02  2.8162022E-03  2.0884650E-03  7.2773718E-04
    2753  2.0259422E+03  1.3486309E+00  1.0052920E+00  3.4333888E-01  2.5361429E-01  2.1108240E-01  4.2531896E-02  2.8631077E-03  2.0889285E-03  7.7417926E-04
    2754  2.0259516E+03  1.3485390E+00  1.0052003E+00  3.4333863E-01  2.5157432E-01  2.0914706E-01  4.2427264E-02  2.9113226E-03  2.0907439E-03  8.2057871E-04
    2755  2.0259610E+03  1.3484449E+00  1.0051074E+00  3.4333745E-01  2.4953784E-01  2.0721796E-01  4.2319882E-02  2.9576913E-03  2.0907277E-03  8.6696353E-04
    2756  2.0259704E+03  1.3483490E+00  1.0050134E+00  3.4333562E-01  2.4747195E-01  2.0526536E-01  4.2206588E-02  3.0046710E-03  2.0913795E-03  9.1329157E-04
    2757  2.0259799E+03  1.3482468E+00  1.0049128E+00  3.4333400E-01  2.4537353E-01  2.0328427E-01  4.2089259E-02  3.0526920E-03  2.0931541E-03  9.5953798E-04
    2758  2.0259893E+03  1.3481425E+00  1.0048105E+00  3.4333200E-01  2.4325332E-01  2.0128227E-01  4.1971046E-02  3.1002019E-03  2.0944344E-03  1.0057675E-03
    2759  2.0259987E+03  1.3480394E+00  1.0047101E+00  3.4332936E-01  2.4113914E-01  1.9929275E-01  4.1846382E-02  3.1459435E-03  2.0939618E-03  1.0519817E-03
    2760  2.0260081E+03  1.3479269E+00  1.0046005E+00  3.4332643E-01  2.3894419E-01  1.9722676E-01  4.1717436E-02  3.1930390E-03  2.0949807E-03  1.0980583E-03
    2761  2.0260176E+03  1.3478151E+00  1.0044919E+00  3.4332315E-01  2.3678299E-01  1.9519714E-01  4.1585849E-02  3.2409095E-03  2.0968128E-03  1.1440967E-03
    2762  2.0260270E+03  1.3477035E+00  1.0043840E+00  3.4331952E-01  2.3457938E-01  1.9313049E-01  4.1448887E-02  3.2878053E-03  2.0977525E-03  1.1900528E-03
    2763  2.0260364E+03  1.3475800E+00  1.0042657E+00  3.4331434E-01  2.3233411E-01  1.9102787E-01  4.1306242E-02  3.3332447E-03  2.0972824E-03  1.2359623E-03
    2764  2.0260458E+03  1.3474632E+00  1.0041530E+00  3.4331019E-01  2.3008378E-01  1.8892071E-01  4.1163072E-02  3.3801541E-03  2.0983860E-03  1.2817681E-03
    2765  2.0260552E+03  1.3473402E+00  1.0040345E+00  3.4330569E-01  2.2782176E-01  1.8680582E-01  4.1015944E-02  3.4283466E-03  2.1008504E-03  1.3274962E-03
    2766  2.0260647E+03  1.3472168E+00  1.0039162E+00  3.4330052E-01  2.2552845E-01  1.8466496E-01  4.0863496E-02  3.4733882E-03  2.1002147E-03  1.3731735E-03
    2767  2.0260741E+03  1.3470850E+00  1.0037905E+00  3.4329448E-01  2.2320618E-01  1.8250095E-01  4.0705233E-02  3.5218290E-03  2.1030836E-03  1.4187454E-03
    2768  2.0260835E+03  1.3469571E+00  1.0036681E+00  3.4328900E-01  2.2086591E-01  1.8031796E-01  4.0547947E-02  3.5662902E-03  2.1021329E-03  1.4641573E-03
    2769  2.0260929E+03  1.3468231E+00  1.0035400E+00  3.4328308E-01  2.1851067E-01  1.7812635E-01  4.0384323E-02  3.6128771E-03  2.1032762E-03  1.5096009E-03
    2770  2.0261024E+03  1.3466873E+00  1.0034116E+00  3.4327575E-01  2.1614138E-01  1.7592541E-01  4.0215975E-02  3.6577017E-03  2.1028491E-03  1.5548526E-03
    2771  2.0261118E+03  1.3465511E+00  1.0032814E+00  3.4326962E-01  2.1372338E-01  1.7368007E-01  4.0043316E-02  3.7026844E-03  2.1027354E-03  1.5999490E-03
    2772  2.0261212E+03  1.3464101E+00  1.0031483E+00  3.4326189E-01  2.1133089E-01  1.7146286E-01  3.9868033E-02  3.7483932E-03  2.1034547E-03  1.6449385E-03
    2773  2.0261306E+03  1.3462705E+00  1.0030164E+00  3.4325411E-01  2.0887308E-01  1.6918559E-01  3.9687496E-02  3.7948020E-03  2.1049876E-03  1.6898144E-03
    2774  2.0261401E+03  1.3461228E+00  1.0028766E+00  3.4324619E-01  2.0640867E-01  1.6690481E-01  3.9503854E-02  3.8401889E-03  2.1056065E-03  1.7345824E-03
    2775  2.0261495E+03  1.3459775E+00  1.0027403E+00  3.4323719E-01  2.0393405E-01  1.6461643E-01  3.9317623E-02  3.8846372E-03  2.1054107E-03  1.7792266E-03
    2776  2.0261589E+03  1.3458291E+00  1.0025997E+00  3.4322945E-01  2.0144454E-01  1.6231665E-01  3.9127898E-02  3.9303425E-03  2.1065798E-03  1.8237626E-03
    2777  2.0261683E+03  1.3456778E+00  1.0024582E+00  3.4321962E-01  1.9891690E-01  1.5998589E-01  3.8931001E-02  3.9740708E-03  2.1059384E-03  1.8681323E-03
    2778  2.0261777E+03  1.3455262E+00  1.0023155E+00  3.4321071E-01  1.9637992E-01  1.5764510E-01  3.8734821E-02  4.0193666E-03  2.1070138E-03  1.9123529E-03
    2779  2.0261872E+03  1.3453712E+00  1.0021700E+00  3.4320118E-01  1.9383374E-01  1.5530014E-01  3.8533595E-02  4.0642496E-03  2.1077707E-03  1.9564790E-03
    2780  2.0261966E+03  1.3452152E+00  1.0020244E+00  3.4319076E-01  1.9124953E-01  1.5292349E-01  3.8326044E-02  4.1090032E-03  2.1085744E-03  2.0004288E-03
    2781  2.0262060E+03  1.3450577E+00  1.0018770E+00  3.4318071E-01  1.8865819E-01  1.5054034E-01  3.8117854E-02  4.1526613E-03  2.1084538E-03  2.0442074E-03
    2782  2.0262154E+03  1.3448996E+00  1.0017291E+00  3.4317047E-01  1.8605713E-01  1.4815019E-01  3.7906939E-02  4.1970636E-03  2.1091805E-03  2.0878830E-03
    2783  2.0262249E+03  1.3447344E+00  1.0015750E+00  3.4315938E-01  1.8341620E-01  1.4572578E-01  3.7690424E-02  4.2415254E-03  2.1101196E-03  2.1314058E-03
    2784  2.0262343E+03  1.3445727E+00  1.0014249E+00  3.4314775E-01  1.8077913E-01  1.4330850E-01  3.7470624E-02  4.2844495E-03  2.1097111E-03  2.1747383E-03
    2785  2.0262437E+03  1.3444098E+00  1.0012730E+00  3.4313683E-01  1.7812471E-01  1.4087704E-01  3.7247675E-02  4.3279814E-03  2.1100501E-03  2.2179313E-03
    2786  2.0262531E+03  1.3442443E+00  1.0011198E+00  3.4312444E-01  1.7542523E-01  1.3840705E-01  3.7018180E-02  4.3715335E-03  2.1106359E-03  2.2608977E-03
    2787  2.0262626E+03  1.3440753E+00  1.0009629E+00  3.4311234E-01  1.7274088E-01  1.3595428E-01  3.6786603E-02  4.4142962E-03  2.1106067E-03  2.3036895E-03
    2788  2.0262720E+03  1.3439089E+00  1.0008089E+00  3.4310001E-01  1.7002631E-01  1.3347138E-01  3.6554939E-02  4.4568033E-03  2.1104968E-03  2.3463065E-03
    2789  2.0262814E+03  1.3437348E+00  1.0006476E+00  3.4308712E-01  1.6730203E-01  1.3098540E-01  3.6316625E-02  4.4988177E-03  2.1100072E-03  2.3888105E-03
    2790  2.0262908E+03  1.3435686E+00  1.0004942E+00  3.4307438E-01  1.6455004E-01  1.2847609E-01  3.6073955E-02  4.5422076E-03  2.1111650E-03  2.4310426E-03
    2791  2.0263002E+03  1.3433932E+00  1.0003324E+00  3.4306079E-01  1.6178765E-01  1.2595824E-01  3.5829414E-02  4.5833596E-03  2.1102938E-03  2.4730659E-03
    2792  2.0263097E+03  1.3432238E+00  1.0001758E+00  3.4304806E-01  1.5900948E-01  1.2342512E-01  3.5584363E-02  4.6263527E-03  2.1113953E-03  2.5149574E-03
    2793  2.0263191E+03  1.3430452E+00  1.0000117E+00  3.4303347E-01  1.5623247E-01  1.2090101E-01  3.5331468E-02  4.6683662E-03  2.1116557E-03  2.5567105E-03
    2794  2.0263285E+03  1.3428705E+00  9.9985042E-01  3.4302013E-01  1.5340219E-01  1.1832563E-01  3.5076561E-02  4.7091417E-03  2.1109826E-03  2.5981591E-03
    2795  2.0263379E+03  1.3426936E+00  9.9968820E-01  3.4300542E-01  1.5060093E-01  1.1578128E-01  3.4819647E-02  4.7513345E-03  2.1119018E-03  2.6394327E-03
    2796  2.0263474E+03  1.3425235E+00  9.9953218E-01  3.4299136E-01  1.4776078E-01  1.1320260E-01  3.4558175E-02  4.7923654E-03  2.1118463E-03  2.6805191E-03
    2797  2.0263568E+03  1.3423374E+00  9.9936137E-01  3.4297604E-01  1.4490400E-01  1.1061087E-01  3.4293125E-02  4.8338068E-03  2.1124406E-03  2.7213662E-03
    2798  2.0263662E+03  1.3421647E+00  9.9920300E-01  3.4296171E-01  1.4204824E-01  1.0802275E-01  3.4025493E-02  4.8733113E-03  2.1112959E-03  2.7620154E-03
    2799  2.0263756E+03  1.3419823E+00  9.9903665E-01  3.4294569E-01  1.3915865E-01  1.0540605E-01  3.3752601E-02  4.9148505E-03  2.1124458E-03  2.8024047E-03
    2800  2.0263851E+03  1.3418035E+00  9.9887306E-01  3.4293049E-01  1.3627310E-01  1.0279307E-01  3.3480028E-02  4.9538985E-03  2.1113191E-03  2.8425794E-03
    2801  2.0263945E+03  1.3416283E+00  9.9871309E-01  3.4291516E-01  1.3337217E-01  1.0016930E-01  3.3202866E-02  4.9944042E-03  2.1118166E-03  2.8825877E-03
    2802  2.0264039E+03  1.3414411E+00  9.9854283E-01  3.4289829E-01  1.3045659E-01  9.7536599E-02  3.2919988E-02  5.0342958E-03  2.1119652E-03  2.9223307E-03
    2803  2.0264133E+03  1.3412674E+00  9.9838402E-01  3.4288340E-01  1.2751726E-01  9.4880972E-02  3.2636286E-02  5.0737249E-03  2.1119376E-03  2.9617873E-03
    2804  2.0264228E+03  1.3410808E+00  9.9821447E-01  3.4286633E-01  1.2458300E-01  9.2233838E-02  3.2349160E-02  5.1118694E-03  2.1108543E-03  3.0010152E-03
    2805  2.0264322E+03  1.3409041E+00  9.9805388E-01  3.4285019E-01  1.2162269E-01  8.9564983E-02  3.2057706E-02  5.1523568E-03  2.1123369E-03  3.0400199E-03
    2806  2.0264416E+03  1.3407205E+00  9.9788692E-01  3.4283362E-01  1.1865580E-01  8.6889893E-02  3.1765909E-02  5.1895418E-03  2.1107816E-03  3.0787602E-03
    2807  2.0264510E+03  1.3405402E+00  9.9772387E-01  3.4281631E-01  1.1568526E-01  8.4215233E-02  3.1470024E-02  5.2283043E-03  2.1110107E-03  3.1172936E-03
    2808  2.0264604E+03  1.3403594E+00  9.9755936E-01  3.4280000E-01  1.1269204E-01  8.1522371E-02  3.1169673E-02  5.2648879E-03  2.1093317E-03  3.1555563E-03
    2809  2.0264699E+03  1.3401775E+00  9.9739543E-01  3.4278208E-01  1.0969725E-01  7.8830721E-02  3.0866532E-02  5.3031365E-03  2.1096168E-03  3.1935196E-03
    2810  2.0264793E+03  1.3399976E+00  9.9723259E-01  3.4276502E-01  1.0666891E-01  7.6107189E-02  3.0561721E-02  5.3401772E-03  2.1089529E-03  3.2312243E-03
    2811  2.0264887E+03  1.3398198E+00  9.9707200E-01  3.4274778E-01  1.0367274E-01  7.3418103E-02  3.0254633E-02  5.3780612E-03  2.1093434E-03  3.2687178E-03
    2812  2.0264981E+03  1.3396357E+00  9.9690584E-01  3.4272989E-01  1.0062114E-01  7.0678141E-02  2.9943003E-02  5.4160266E-03  2.1101095E-03  3.3059171E-03
    2813  2.0265076E+03  1.3394582E+00  9.9674590E-01  3.4271231E-01  9.7599715E-02  6.7970532E-02  2.9629183E-02  5.4517232E-03  2.1088710E-03  3.3428522E-03
    2814  2.0265170E+03  1.3392741E+00  9.9658019E-01  3.4269390E-01  9.4528152E-02  6.5217103E-02  2.9311049E-02  5.4893120E-03  2.1098152E-03  3.3794968E-03
    2815  2.0265264E+03  1.3391007E+00  9.9642444E-01  3.4267628E-01  9.1485412E-02  6.2494022E-02  2.8991389E-02  5.5241967E-03  2.1083429E-03  3.4158539E-03
    2816  2.0265358E+03  1.3389197E+00  9.9626212E-01  3.4265759E-01  8.8402105E-02  5.9733996E-02  2.8668109E-02  5.5596212E-03  2.1077019E-03  3.4519193E-03
    2817  2.0265453E+03  1.3387458E+00  9.9610600E-01  3.4263982E-01  8.5334034E-02  5.6990220E-02  2.8343814E-02  5.5946728E-03  2.1069381E-03  3.4877346E-03
    2818  2.0265547E+03  1.3385645E+00  9.9594322E-01  3.4262128E-01  8.2249088E-02  5.4233450E-02  2.8015637E-02  5.6308657E-03  2.1075882E-03  3.5232775E-03
    2819  2.0265641E+03  1.3383891E+00  9.9578630E-01  3.4260278E-01  7.9149324E-02  5.1464714E-02  2.7684610E-02  5.6657304E-03  2.1072401E-03  3.5584903E-03
    2820  2.0265735E+03  1.3382181E+00  9.9563344E-01  3.4258468E-01  7.6047022E-02  4.8694188E-02  2.7352835E-02  5.6999973E-03  2.1065554E-03  3.5934419E-03
    2821  2.0265829E+03  1.3380373E+00  9.9547229E-01  3.4256504E-01  7.2941880E-02  4.5925041E-02  2.7016839E-02  5.7341061E-03  2.1060010E-03  3.6281050E-03
    2822  2.0265924E+03  1.3378690E+00  9.9532182E-01  3.4254716E-01  6.9819317E-02  4.3142012E-02  2.6677305E-02  5.7679866E-03  2.1055742E-03  3.6624125E-03
    2823  2.0266018E+03  1.3376934E+00  9.9516557E-01  3.4252786E-01  6.6700218E-02  4.0361456E-02  2.6338762E-02  5.8019783E-03  2.1055176E-03  3.6964607E-03
    2824  2.0266112E+03  1.3375245E+00  9.9501544E-01  3.4250901E-01  6.3571266E-02  3.7578619E-02  2.5992648E-02  5.8340690E-03  2.1038376E-03  3.7302315E-03
    2825  2.0266206E+03  1.3373584E+00  9.9486826E-01  3.4249014E-01  6.0435494E-02  3.4793030E-02  2.5642463E-02  5.8661134E-03  2.1025497E-03  3.7635636E-03
    2826  2.0266301E+03  1.3371836E+00  9.9471212E-01  3.4247149E-01  5.7279084E-02  3.1982251E-02  2.5296834E-02  5.8982104E-03  2.1016430E-03  3.7965674E-03
    2827  2.0266395E+03  1.3370196E+00  9.9456788E-01  3.4245177E-01  5.4148762E-02  2.9203715E-02  2.4945047E-02  5.9294757E-03  2.1000920E-03  3.8293837E-03
    2828  2.0266489E+03  1.3368512E+00  9.9441771E-01  3.4243347E-01  5.0974354E-02  2.6380716E-02  2.4593637E-02  5.9619824E-03  2.1001883E-03  3.8617941E-03
    2829  2.0266583E+03  1.3366909E+00  9.9427691E-01  3.4241399E-01  4.7841932E-02  2.3605732E-02  2.4236200E-02  5.9955551E-03  2.1015820E-03  3.8939731E-03
    2830  2.0266678E+03  1.3365226E+00  9.9412762E-01  3.4239501E-01  4.4642036E-02  2.0764275E-02  2.3877760E-02  6.0270224E-03  2.1012924E-03  3.9257301E-03
    2831  2.0266772E+03  1.3363701E+00  9.9399393E-01  3.4237620E-01  4.1510501E-02  1.7991923E-02  2.3518578E-02  6.0574282E-03  2.1001731E-03  3.9572551E-03
    2832  2.0266866E+03  1.3361990E+00  9.9384255E-01  3.4235641E-01  3.8309161E-02  1.5154615E-02  2.3154546E-02  6.0866263E-03  2.0982675E-03  3.9883588E-03
    2833  2.0266960E+03  1.3360510E+00  9.9371300E-01  3.4233797E-01  3.5144283E-02  1.2353286E-02  2.2790997E-02  6.1165070E-03  2.0973645E-03  4.0191425E-03
    2834  2.0267054E+03  1.3358870E+00  9.9356862E-01  3.4231843E-01  3.1964842E-02  9.5423482E-03  2.2422494E-02  6.1463731E-03  2.0967233E-03  4.0496498E-03
    2835  2.0267149E+03  1.3357407E+00  9.9344072E-01  3.4229994E-01  2.8769897E-02  6.7179724E-03  2.2051925E-02  6.1768022E-03  2.0970382E-03  4.0797640E-03
    2836  2.0267243E+03  1.3355817E+00  9.9330184E-01  3.4227988E-01  2.5585797E-02  3.9049175E-03  2.1680880E-02  6.2049147E-03  2.0953866E-03  4.1095282E-03
    2837  2.0267337E+03  1.3354340E+00  9.9317258E-01  3.4226140E-01  2.2403745E-02  1.0956138E-03  2.1308132E-02  6.2335786E-03  2.0945856E-03  4.1389930E-03
    2838  2.0267431E+03  1.3352880E+00  9.9304577E-01  3.4224228E-01  1.9199441E-02 -1.7329409E-03  2.0932382E-02  6.2627534E-03  2.0946713E-03  4.1680821E-03
    2839  2.0267526E+03  1.3351349E+00  9.9291149E-01  3.4222340E-01  1.6011723E-02 -4.5426179E-03  2.0554340E-02  6.2902549E-03  2.0934255E-03  4.1968294E-03
    2840  2.0267620E+03  1.3350001E+00  9.9279456E-01  3.4220553E-01  1.2813322E-02 -7.3616970E-03  2.0175018E-02  6.3161601E-03  2.0909852E-03  4.2251748E-03
    2841  2.0267714E+03  1.3348502E+00  9.9266441E-01  3.4218575E-01  9.6170892E-03 -1.0179264E-02  1.9796353E-02  6.3434247E-03  2.0902471E-03  4.2531776E-03
    2842  2.0267808E+03  1.3347135E+00  9.9254555E-01  3.4216791E-01  6.4098430E-03 -1.2999934E-02  1.9409777E-02  6.3706054E-03  2.0897379E-03  4.2808675E-03
    2843  2.0267903E+03  1.3345727E+00  9.9242511E-01  3.4214761E-01  3.2173300E-03 -1.5808139E-02  1.9025469E-02  6.3967957E-03  2.0886876E-03  4.3081081E-03
    2844  2.0267997E+03  1.3344448E+00  9.9231448E-01  3.4213034E-01  6.9955538E-06 -1.8628001E-02  1.8634996E-02  6.4224465E-03  2.0873919E-03  4.3350546E-03
    2845  2.0268091E+03  1.3343078E+00  9.9219639E-01  3.4211141E-01 -3.1824720E-03 -2.1428598E-02  1.8246127E-02  6.4479340E-03  2.0863826E-03  4.3615514E-03
    2846  2.0268185E+03  1.3341778E+00  9.9208447E-01  3.4209338E-01 -6.4010591E-03 -2.4257405E-02  1.7856346E-02  6.4740595E-03  2.0863329E-03  4.3877265E-03
    2847  2.0268279E+03  1.3340525E+00  9.9197736E-01  3.4207519E-01 -9.5848495E-03 -2.7049237E-02  1.7464387E-02  6.4983012E-03  2.0847250E-03  4.4135762E-03
    2848  2.0268374E+03  1.3339222E+00  9.9186491E-01  3.4205731E-01 -1.2799239E-02 -2.9869680E-02  1.7070441E-02  6.5232681E-03  2.0842332E-03  4.4390349E-03
    2849  2.0268468E+03  1.3338024E+00  9.9176407E-01  3.4203838E-01 -1.5991430E-02 -3.2666000E-02  1.6674570E-02  6.5468398E-03  2.0827486E-03  4.4640912E-03
    2850  2.0268562E+03  1.3336813E+00  9.9166005E-01  3.4202124E-01 -1.9196696E-02 -3.5472323E-02  1.6275627E-02  6.5701644E-03  2.0813758E-03  4.4887887E-03
    2851  2.0268656E+03  1.3335687E+00  9.9156567E-01  3.4200303E-01 -2.2392549E-02 -3.8269683E-02  1.5877134E-02  6.5941818E-03  2.0811378E-03  4.5130440E-03
    2852  2.0268751E+03  1.3334479E+00  9.9146228E-01  3.4198558E-01 -2.5585907E-02 -4.1061451E-02  1.5475544E-02  6.6147382E-03  2.0777719E-03  4.5369663E-03
    2853  2.0268845E+03  1.3333417E+00  9.9137385E-01  3.4196786E-01 -2.8782492E-02 -4.3856100E-02  1.5073608E-02  6.6398554E-03  2.0794159E-03  4.5604395E-03
    2854  2.0268939E+03  1.3332244E+00  9.9127399E-01  3.4195041E-01 -3.1980853E-02 -4.6649547E-02  1.4668694E-02  6.6599879E-03  2.0764173E-03  4.5835706E-03
    2855  2.0269033E+03  1.3331275E+00  9.9119339E-01  3.4193408E-01 -3.5154759E-02 -4.9418705E-02  1.4263946E-02  6.6808608E-03  2.0745800E-03  4.6062808E-03
    2856  2.0269128E+03  1.3330165E+00  9.9110017E-01  3.4191633E-01 -3.8357261E-02 -5.2213651E-02  1.3856389E-02  6.7038032E-03  2.0751817E-03  4.6286215E-03
    2857  2.0269222E+03  1.3329243E+00  9.9102437E-01  3.4189994E-01 -4.1522179E-02 -5.4971750E-02  1.3449571E-02  6.7245101E-03  2.0739402E-03  4.6505698E-03
    2858  2.0269316E+03  1.3328209E+00  9.9093858E-01  3.4188231E-01 -4.4715039E-02 -5.7754794E-02  1.3039755E-02  6.7436078E-03  2.0715084E-03  4.6720994E-03
    2859  2.0269410E+03  1.3327274E+00  9.9086090E-01  3.4186654E-01 -4.7889951E-02 -6.0518557E-02  1.2628606E-02  6.7643659E-03  2.0711322E-03  4.6932338E-03
    2860  2.0269505E+03  1.3326409E+00  9.9079012E-01  3.4185074E-01 -5.1046141E-02 -6.3264535E-02  1.2218394E-02  6.7833430E-03  2.0693847E-03  4.7139582E-03
    2861  2.0269599E+03  1.3325490E+00  9.9071480E-01  3.4183418E-01 -5.4227217E-02 -6.6031915E-02  1.1804698E-02  6.8023868E-03  2.0680716E-03  4.7343152E-03
    2862  2.0269693E+03  1.3324661E+00  9.9064721E-01  3.4181887E-01 -5.7383040E-02 -6.8772830E-02  1.1389789E-02  6.8208603E-03  2.0666333E-03  4.7542271E-03
    2863  2.0269787E+03  1.3323796E+00  9.9057780E-01  3.4180176E-01 -6.0534466E-02 -7.1509457E-02  1.0974991E-02  6.8392205E-03  2.0655194E-03  4.7737011E-03
    2864  2.0269881E+03  1.3323113E+00  9.9052331E-01  3.4178801E-01 -6.3684549E-02 -7.4242086E-02  1.0557537E-02  6.8567228E-03  2.0639089E-03  4.7928139E-03
    2865  2.0269976E+03  1.3322230E+00  9.9045145E-01  3.4177154E-01 -6.6845604E-02 -7.6985435E-02  1.0139831E-02  6.8744022E-03  2.0629339E-03  4.8114683E-03
    2866  2.0270070E+03  1.3321593E+00  9.9040184E-01  3.4175744E-01 -6.9971898E-02 -7.9694343E-02  9.7224449E-03  6.8906079E-03  2.0608710E-03  4.8297369E-03
    2867  2.0270164E+03  1.3320889E+00  9.9034657E-01  3.4174235E-01 -7.3097354E-02 -8.2399863E-02  9.3025095E-03  6.9070794E-03  2.0594930E-03  4.8475864E-03
    2868  2.0270258E+03  1.3320235E+00  9.9029539E-01  3.4172811E-01 -7.6235930E-02 -8.5117590E-02  8.8816598E-03  6.9231205E-03  2.0581048E-03  4.8650157E-03
    2869  2.0270353E+03  1.3319616E+00  9.9024741E-01  3.4171419E-01 -7.9356146E-02 -8.7817074E-02  8.4609279E-03  6.9388865E-03  2.0568807E-03  4.8820058E-03
    2870  2.0270447E+03  1.3319047E+00  9.9020489E-01  3.4169979E-01 -8.2445016E-02 -9.0484533E-02  8.0395173E-03  6.9530231E-03  2.0544357E-03  4.8985874E-03
    2871  2.0270541E+03  1.3318400E+00  9.9015439E-01  3.4168559E-01 -8.5582209E-02 -9.3197036E-02  7.6148270E-03  6.9674423E-03  2.0527014E-03  4.9147409E-03
    2872  2.0270635E+03  1.3317995E+00  9.9012667E-01  3.4167281E-01 -8.8641187E-02 -9.5833546E-02  7.1923582E-03  6.9831176E-03  2.0526729E-03  4.9304447E-03
    2873  2.0270730E+03  1.3317432E+00  9.9008382E-01  3.4165939E-01 -9.1764572E-02 -9.8531383E-02  6.7668106E-03  6.9958701E-03  2.0501499E-03  4.9457201E-03
    2874  2.0270824E+03  1.3317039E+00  9.9005692E-01  3.4164703E-01 -9.4819778E-02 -1.0116235E-01  6.3425736E-03  7.0092094E-03  2.0486213E-03  4.9605880E-03
    2875  2.0270918E+03  1.3316583E+00  9.9002522E-01  3.4163308E-01 -9.7901357E-02 -1.0381780E-01  5.9164474E-03  7.0241471E-03  2.0491157E-03  4.9750314E-03
    2876  2.0271012E+03  1.3316229E+00  9.9000101E-01  3.4162190E-01 -1.0095553E-01 -1.0644559E-01  5.4900664E-03  7.0350864E-03  2.0460410E-03  4.9890454E-03
    2877  2.0271106E+03  1.3315860E+00  9.8997682E-01  3.4160920E-01 -1.0400874E-01 -1.0907177E-01  5.0630351E-03  7.0470367E-03  2.0444156E-03  5.0026210E-03
    2878  2.0271201E+03  1.3315548E+00  9.8995746E-01  3.4159736E-01 -1.0705371E-01 -1.1168903E-01  4.6353191E-03  7.0602379E-03  2.0444718E-03  5.0157661E-03
    2879  2.0271295E+03  1.3315258E+00  9.8993944E-01  3.4158632E-01 -1.1008328E-01 -1.1429108E-01  4.2077921E-03  7.0697970E-03  2.0413142E-03  5.0284828E-03
    2880  2.0271389E+03  1.3315036E+00  9.8992895E-01  3.4157464E-01 -1.1310434E-01 -1.1688365E-01  3.7793007E-03  7.0803988E-03  2.0396537E-03  5.0407451E-03
    2881  2.0271483E+03  1.3314839E+00  9.8991961E-01  3.4156429E-01 -1.1611777E-01 -1.1946798E-01  3.3502112E-03  7.0908213E-03  2.0382670E-03  5.0525543E-03
    2882  2.0271578E+03  1.3314674E+00  9.8991436E-01  3.4155299E-01 -1.1911372E-01 -1.2203514E-01  2.9214249E-03  7.0995323E-03  2.0356089E-03  5.0639234E-03
    2883  2.0271672E+03  1.3314520E+00  9.8990856E-01  3.4154344E-01 -1.2210486E-01 -1.2459720E-01  2.4923400E-03  7.1087177E-03  2.0338600E-03  5.0748577E-03
    2884  2.0271766E+03  1.3314404E+00  9.8990746E-01  3.4153292E-01 -1.2508859E-01 -1.2715083E-01  2.0622374E-03  7.1172162E-03  2.0318768E-03  5.0853394E-03
    2885  2.0271860E+03  1.3314375E+00  9.8991342E-01  3.4152409E-01 -1.2803959E-01 -1.2967245E-01  1.6328636E-03  7.1268624E-03  2.0314892E-03  5.0953732E-03
    2886  2.0271955E+03  1.3314316E+00  9.8991771E-01  3.4151387E-01 -1.3099665E-01 -1.3219859E-01  1.2019419E-03  7.1346094E-03  2.0296427E-03  5.1049668E-03
    2887  2.0272049E+03  1.3314325E+00  9.8992720E-01  3.4150530E-01 -1.3394429E-01 -1.3471599E-01  7.7170741E-04  7.1419949E-03  2.0278773E-03  5.1141176E-03
    2888  2.0272143E+03  1.3314397E+00  9.8994191E-01  3.4149782E-01 -1.3686821E-01 -1.3721005E-01  3.4183713E-04  7.1495344E-03  2.0267057E-03  5.1228287E-03
    2889  2.0272237E+03  1.3314441E+00  9.8995629E-01  3.4148778E-01 -1.3978240E-01 -1.3969371E-01 -8.8689714E-05  7.1557249E-03  2.0246333E-03  5.1310916E-03
    2890  2.0272331E+03  1.3314598E+00  9.8997910E-01  3.4148068E-01 -1.4268603E-01 -1.4216625E-01 -5.1977572E-04  7.1622935E-03  2.0233957E-03  5.1388978E-03
    2891  2.0272426E+03  1.3314701E+00  9.8999701E-01  3.4147307E-01 -1.4557326E-01 -1.4462351E-01 -9.4975596E-04  7.1671124E-03  2.0208615E-03  5.1462508E-03
    2892  2.0272520E+03  1.3314942E+00  9.9002875E-01  3.4146541E-01 -1.4844158E-01 -1.4706104E-01 -1.3805434E-03  7.1718260E-03  2.0186758E-03  5.1531501E-03
    2893  2.0272614E+03  1.3315062E+00  9.9004802E-01  3.4145818E-01 -1.5131851E-01 -1.4950728E-01 -1.8112317E-03  7.1760166E-03  2.0164335E-03  5.1595831E-03
    2894  2.0272708E+03  1.3315417E+00  9.9008933E-01  3.4145240E-01 -1.5413963E-01 -1.5189961E-01 -2.2400108E-03  7.1799213E-03  2.0143620E-03  5.1655593E-03
    2895  2.0272803E+03  1.3315634E+00  9.9011753E-01  3.4144584E-01 -1.5699516E-01 -1.5432439E-01 -2.6707738E-03  7.1837340E-03  2.0126405E-03  5.1710935E-03
    2896  2.0272897E+03  1.3316054E+00  9.9016525E-01  3.4144014E-01 -1.5978646E-01 -1.5668647E-01 -3.0999868E-03  7.1882087E-03  2.0120360E-03  5.1761727E-03
    2897  2.0272991E+03  1.3316304E+00  9.9019591E-01  3.4143444E-01 -1.6262036E-01 -1.5908983E-01 -3.5305332E-03  7.1910230E-03  2.0102185E-03  5.1808045E-03
    2898  2.0273085E+03  1.3316776E+00  9.9024798E-01  3.4142966E-01 -1.6536718E-01 -1.6140961E-01 -3.9575710E-03  7.1913309E-03  2.0063568E-03  5.1849741E-03
    2899  2.0273180E+03  1.3317175E+00  9.9029262E-01  3.4142491E-01 -1.6816540E-01 -1.6377714E-01 -4.3882615E-03  7.1947710E-03  2.0060903E-03  5.1886806E-03
    2900  2.0273274E+03  1.3317597E+00  9.9034040E-01  3.4141929E-01 -1.7090750E-01 -1.6609172E-01 -4.8157805E-03  7.1964542E-03  2.0045169E-03  5.1919373E-03
    2901  2.0273368E+03  1.3318197E+00  9.9040273E-01  3.4141700E-01 -1.7363186E-01 -1.6838845E-01 -5.2434125E-03  7.1960949E-03  2.0013668E-03  5.1947281E-03
    2902  2.0273462E+03  1.3318635E+00  9.9045084E-01  3.4141266E-01 -1.7637717E-01 -1.7070538E-01 -5.6717845E-03  7.1961000E-03  1.9990421E-03  5.1970579E-03
    2903  2.0273557E+03  1.3319270E+00  9.9051787E-01  3.4140911E-01 -1.7905225E-01 -1.7295427E-01 -6.0979731E-03  7.1973939E-03  1.9984588E-03  5.1989351E-03
    2904  2.0273651E+03  1.3319851E+00  9.9057873E-01  3.4140641E-01 -1.8175981E-01 -1.7523446E-01 -6.5253493E-03  7.1963290E-03  1.9959776E-03  5.2003514E-03
    2905  2.0273745E+03  1.3320419E+00  9.9063898E-01  3.4140291E-01 -1.8442671E-01 -1.7747664E-01 -6.9500750E-03  7.1958750E-03  1.9945600E-03  5.2013150E-03
    2906  2.0273839E+03  1.3321207E+00  9.9071938E-01  3.4140130E-01 -1.8704812E-01 -1.7967265E-01 -7.3754729E-03  7.1931109E-03  1.9912923E-03  5.2018186E-03
    2907  2.0273933E+03  1.3321780E+00  9.9077815E-01  3.4139988E-01 -1.8972573E-01 -1.8192458E-01 -7.8011494E-03  7.1929957E-03  1.9911362E-03  5.2018595E-03
    2908  2.0274028E+03  1.3322587E+00  9.9086063E-01  3.4139808E-01 -1.9231217E-01 -1.8408990E-01 -8.2222691E-03  7.1896712E-03  1.9882119E-03  5.2014593E-03
    2909  2.0274122E+03  1.3323355E+00  9.9093827E-01  3.4139725E-01 -1.9490203E-01 -1.8625512E-01 -8.6469086E-03  7.1877529E-03  1.9871593E-03  5.2005936E-03
    2910  2.0274216E+03  1.3324105E+00  9.9101468E-01  3.4139586E-01 -1.9749847E-01 -1.8842880E-01 -9.0696730E-03  7.1837181E-03  1.9844708E-03  5.1992474E-03
    2911  2.0274310E+03  1.3324981E+00  9.9110202E-01  3.4139606E-01 -2.0003622E-01 -1.9054689E-01 -9.4893363E-03  7.1792622E-03  1.9818120E-03  5.1974501E-03
    2912  2.0274405E+03  1.3325821E+00  9.9118624E-01  3.4139581E-01 -2.0258590E-01 -1.9267494E-01 -9.9109637E-03  7.1753125E-03  1.9801157E-03  5.1951968E-03
    2913  2.0274499E+03  1.3326702E+00  9.9127401E-01  3.4139615E-01 -2.0510844E-01 -1.9477826E-01 -1.0330173E-02  7.1693717E-03  1.9769308E-03  5.1924409E-03
    2914  2.0274593E+03  1.3327628E+00  9.9136548E-01  3.4139731E-01 -2.0760215E-01 -1.9685466E-01 -1.0747499E-02  7.1642714E-03  1.9750200E-03  5.1892513E-03
    2915  2.0274687E+03  1.3328588E+00  9.9146026E-01  3.4139857E-01 -2.1007868E-01 -1.9891387E-01 -1.1164814E-02  7.1596835E-03  1.9740510E-03  5.1856325E-03
    2916  2.0274782E+03  1.3329539E+00  9.9155409E-01  3.4139983E-01 -2.1255343E-01 -2.0097143E-01 -1.1581995E-02  7.1522511E-03  1.9707317E-03  5.1815194E-03
    2917  2.0274876E+03  1.3330623E+00  9.9166049E-01  3.4140186E-01 -2.1493919E-01 -2.0294331E-01 -1.1995877E-02  7.1456443E-03  1.9686924E-03  5.1769519E-03
    2918  2.0274970E+03  1.3331577E+00  9.9175309E-01  3.4140463E-01 -2.1742429E-01 -2.0501256E-01 -1.2411729E-02  7.1403160E-03  1.9683868E-03  5.1719291E-03
    2919  2.0275064E+03  1.3332678E+00  9.9186167E-01  3.4140609E-01 -2.1978754E-01 -2.0696434E-01 -1.2823206E-02  7.1314946E-03  1.9650236E-03  5.1664711E-03
    2920  2.0275158E+03  1.3333854E+00  9.9197582E-01  3.4140961E-01 -2.2214683E-01 -2.0891073E-01 -1.3236099E-02  7.1233940E-03  1.9628780E-03  5.1605160E-03
    2921  2.0275253E+03  1.3334856E+00  9.9207199E-01  3.4141364E-01 -2.2452909E-01 -2.1088251E-01 -1.3646582E-02  7.1149227E-03  1.9608100E-03  5.1541127E-03
    2922  2.0275347E+03  1.3336103E+00  9.9219302E-01  3.4141726E-01 -2.2684023E-01 -2.1278634E-01 -1.4053889E-02  7.1070736E-03  1.9597849E-03  5.1472887E-03
    2923  2.0275441E+03  1.3337211E+00  9.9230033E-01  3.4142079E-01 -2.2916036E-01 -2.1469725E-01 -1.4463115E-02  7.0970207E-03  1.9570157E-03  5.1400050E-03
    2924  2.0275535E+03  1.3338458E+00  9.9242002E-01  3.4142576E-01 -2.3144814E-01 -2.1657912E-01 -1.4869021E-02  7.0864064E-03  1.9542001E-03  5.1322063E-03
    2925  2.0275630E+03  1.3339691E+00  9.9253887E-01  3.4143022E-01 -2.3369240E-01 -2.1841922E-01 -1.5273181E-02  7.0770599E-03  1.9530608E-03  5.1239992E-03
    2926  2.0275724E+03  1.3340951E+00  9.9265851E-01  3.4143662E-01 -2.3596032E-01 -2.2028380E-01 -1.5676518E-02  7.0659056E-03  1.9505720E-03  5.1153336E-03
    2927  2.0275818E+03  1.3342226E+00  9.9278148E-01  3.4144116E-01 -2.3815738E-01 -2.2207941E-01 -1.6077970E-02  7.0543912E-03  1.9481710E-03  5.1062202E-03
    2928  2.0275912E+03  1.3343559E+00  9.9290834E-01  3.4144756E-01 -2.4036673E-01 -2.2388712E-01 -1.6479607E-02  7.0422889E-03  1.9456642E-03  5.0966247E-03
    2929  2.0276007E+03  1.3344875E+00  9.9303379E-01  3.4145376E-01 -2.4252967E-01 -2.2565126E-01 -1.6878413E-02  7.0302447E-03  1.9436694E-03  5.0865753E-03
    2930  2.0276101E+03  1.3346226E+00  9.9316249E-01  3.4146009E-01 -2.4467428E-01 -2.2739799E-01 -1.7276288E-02  7.0172374E-03  1.9411578E-03  5.0760797E-03
    2931  2.0276195E+03  1.3347584E+00  9.9329145E-01  3.4146692E-01 -2.4681704E-01 -2.2914507E-01 -1.7671973E-02  7.0038487E-03  1.9387148E-03  5.0651339E-03
    2932  2.0276289E+03  1.3349046E+00  9.9342949E-01  3.4147508E-01 -2.4890633E-01 -2.3084163E-01 -1.8064695E-02  6.9903334E-03  1.9365778E-03  5.0537556E-03
    2933  2.0276383E+03  1.3350399E+00  9.9355863E-01  3.4148123E-01 -2.5098187E-01 -2.3252475E-01 -1.8457120E-02  6.9770106E-03  1.9350758E-03  5.0419348E-03
    2934  2.0276478E+03  1.3351925E+00  9.9370162E-01  3.4149085E-01 -2.5302865E-01 -2.3418127E-01 -1.8847381E-02  6.9610615E-03  1.9314331E-03  5.0296285E-03
    2935  2.0276572E+03  1.3353326E+00  9.9383382E-01  3.4149882E-01 -2.5506974E-01 -2.3583418E-01 -1.9235564E-02  6.9474508E-03  1.9305562E-03  5.0168946E-03
    2936  2.0276666E+03  1.3354866E+00  9.9397959E-01  3.4150697E-01 -2.5705923E-01 -2.3743750E-01 -1.9621732E-02  6.9328337E-03  1.9291073E-03  5.0037263E-03
    2937  2.0276760E+03  1.3356327E+00  9.9411609E-01  3.4151656E-01 -2.5904116E-01 -2.3903419E-01 -2.0006969E-02  6.9147267E-03  1.9246303E-03  4.9900964E-03
    2938  2.0276855E+03  1.3357883E+00  9.9426268E-01  3.4152558E-01 -2.6099362E-01 -2.4060340E-01 -2.0390220E-02  6.8994305E-03  1.9234040E-03  4.9760265E-03
    2939  2.0276949E+03  1.3359405E+00  9.9440529E-01  3.4153522E-01 -2.6292028E-01 -2.4214987E-01 -2.0770411E-02  6.8841774E-03  1.9226578E-03  4.9615197E-03
    2940  2.0277043E+03  1.3361007E+00  9.9455540E-01  3.4154534E-01 -2.6481354E-01 -2.4366436E-01 -2.1149182E-02  6.8646507E-03  1.9180612E-03  4.9465895E-03
    2941  2.0277137E+03  1.3362550E+00  9.9469953E-01  3.4155548E-01 -2.6669665E-01 -2.4516958E-01 -2.1527066E-02  6.8486401E-03  1.9174433E-03  4.9311968E-03
    2942  2.0277232E+03  1.3364177E+00  9.9485131E-01  3.4156636E-01 -2.6856321E-01 -2.4666166E-01 -2.1901547E-02  6.8289258E-03  1.9135687E-03  4.9153571E-03
    2943  2.0277326E+03  1.3365783E+00  9.9500169E-01  3.4157663E-01 -2.7032569E-01 -2.4805283E-01 -2.2272858E-02  6.8136151E-03  1.9145086E-03  4.8991064E-03
    2944  2.0277420E+03  1.3367392E+00  9.9515087E-01  3.4158834E-01 -2.7220214E-01 -2.4955546E-01 -2.2646679E-02  6.7920436E-03  1.9096325E-03  4.8824111E-03
    2945  2.0277514E+03  1.3369041E+00  9.9530440E-01  3.4159972E-01 -2.7392785E-01 -2.5091663E-01 -2.3011222E-02  6.7727267E-03  1.9074427E-03  4.8652840E-03
    2946  2.0277608E+03  1.3370728E+00  9.9546119E-01  3.4161159E-01 -2.7564642E-01 -2.5226808E-01 -2.3378334E-02  6.7537137E-03  1.9059828E-03  4.8477309E-03
    2947  2.0277703E+03  1.3372385E+00  9.9561454E-01  3.4162398E-01 -2.7740665E-01 -2.5366338E-01 -2.3743274E-02  6.7327738E-03  1.9030435E-03  4.8297303E-03
    2948  2.0277797E+03  1.3374053E+00  9.9576931E-01  3.4163601E-01 -2.7910799E-01 -2.5500476E-01 -2.4103229E-02  6.7125623E-03  1.9012471E-03  4.8113151E-03
    2949  2.0277891E+03  1.3375801E+00  9.9593115E-01  3.4164893E-01 -2.8067506E-01 -2.5621347E-01 -2.4461591E-02  6.6895557E-03  1.8970938E-03  4.7924618E-03
    2950  2.0277985E+03  1.3377461E+00  9.9608424E-01  3.4166183E-01 -2.8244663E-01 -2.5762370E-01 -2.4822935E-02  6.6698730E-03  1.8967075E-03  4.7731655E-03
    2951  2.0278080E+03  1.3379200E+00  9.9624493E-01  3.4167511E-01 -2.8390276E-01 -2.5873330E-01 -2.5169456E-02  6.6472653E-03  1.8937875E-03  4.7534778E-03
    2952  2.0278174E+03  1.3380935E+00  9.9640491E-01  3.4168858E-01 -2.8562246E-01 -2.6009508E-01 -2.5527373E-02  6.6238590E-03  1.8904723E-03  4.7333867E-03
    2953  2.0278268E+03  1.3382672E+00  9.9656428E-01  3.4170297E-01 -2.8708150E-01 -2.6120913E-01 -2.5872368E-02  6.6023581E-03  1.8895040E-03  4.7128541E-03
    2954  2.0278362E+03  1.3384446E+00  9.9672792E-01  3.4171667E-01 -2.8865063E-01 -2.6242902E-01 -2.6221610E-02  6.5791542E-03  1.8872598E-03  4.6918944E-03
    2955  2.0278457E+03  1.3386159E+00  9.9688541E-01  3.4173054E-01 -2.9011287E-01 -2.6354828E-01 -2.6564594E-02  6.5546275E-03  1.8840860E-03  4.6705414E-03
    2956  2.0278551E+03  1.3387976E+00  9.9705221E-01  3.4174543E-01 -2.9160844E-01 -2.6470178E-01 -2.6906664E-02  6.5320871E-03  1.8833101E-03  4.6487769E-03
    2957  2.0278645E+03  1.3389706E+00  9.9721100E-01  3.4175960E-01 -2.9302737E-01 -2.6578111E-01 -2.7246266E-02  6.5063353E-03  1.8797125E-03  4.6266227E-03
    2958  2.0278739E+03  1.3391531E+00  9.9737792E-01  3.4177516E-01 -2.9443284E-01 -2.6684954E-01 -2.7583305E-02  6.4849658E-03  1.8809621E-03  4.6040037E-03
    2959  2.0278834E+03  1.3393268E+00  9.9753629E-01  3.4179050E-01 -2.9583483E-01 -2.6791882E-01 -2.7916012E-02  6.4547468E-03  1.8737419E-03  4.5810049E-03
    2960  2.0278928E+03  1.3395083E+00  9.9770315E-01  3.4180518E-01 -2.9716907E-01 -2.6892156E-01 -2.8247502E-02  6.4338255E-03  1.8761778E-03  4.5576477E-03
    2961  2.0279022E+03  1.3396903E+00  9.9786889E-01  3.4182143E-01 -2.9849457E-01 -2.6991659E-01 -2.8577977E-02  6.4047650E-03  1.8709392E-03  4.5338259E-03
    2962  2.0279116E+03  1.3398649E+00  9.9802781E-01  3.4183711E-01 -2.9979545E-01 -2.7089414E-01 -2.8901311E-02  6.3774473E-03  1.8678457E-03  4.5096016E-03
    2963  2.0279210E+03  1.3400519E+00  9.9819864E-01  3.4185326E-01 -3.0105038E-01 -2.7182648E-01 -2.9223901E-02  6.3516299E-03  1.8666172E-03  4.4850127E-03
    2964  2.0279305E+03  1.3402257E+00  9.9835631E-01  3.4186942E-01 -3.0229996E-01 -2.7275586E-01 -2.9544099E-02  6.3236216E-03  1.8636137E-03  4.4600080E-03
    2965  2.0279399E+03  1.3404097E+00  9.9852391E-01  3.4188580E-01 -3.0348437E-01 -2.7362529E-01 -2.9859076E-02  6.2986495E-03  1.8640255E-03  4.4346240E-03
    2966  2.0279493E+03  1.3405929E+00  9.9869024E-01  3.4190268E-01 -3.0466716E-01 -2.7449111E-01 -3.0176050E-02  6.2651216E-03  1.8562654E-03  4.4088562E-03
    2967  2.0279587E+03  1.3407657E+00  9.9884619E-01  3.4191949E-01 -3.0582761E-01 -2.7534178E-01 -3.0485825E-02  6.2400361E-03  1.8573623E-03  4.3826738E-03
    2968  2.0279682E+03  1.3409540E+00  9.9901788E-01  3.4193614E-01 -3.0692744E-01 -2.7613441E-01 -3.0793030E-02  6.2107225E-03  1.8545887E-03  4.3561338E-03
    2969  2.0279776E+03  1.3411308E+00  9.9917653E-01  3.4195424E-01 -3.0801892E-01 -2.7692062E-01 -3.1098306E-02  6.1795812E-03  1.8503811E-03  4.3292001E-03
    2970  2.0279870E+03  1.3413152E+00  9.9934482E-01  3.4197040E-01 -3.0906448E-01 -2.7766230E-01 -3.1402176E-02  6.1535728E-03  1.8516813E-03  4.3018915E-03
    2971  2.0279964E+03  1.3414891E+00  9.9950083E-01  3.4198831E-01 -3.1011787E-01 -2.7841722E-01 -3.1700651E-02  6.1226099E-03  1.8484433E-03  4.2741665E-03
    2972  2.0280059E+03  1.3416736E+00  9.9966768E-01  3.4200594E-01 -3.1108957E-01 -2.7909338E-01 -3.1996190E-02  6.0932992E-03  1.8471355E-03  4.2461637E-03
    2973  2.0280153E+03  1.3418512E+00  9.9982753E-01  3.4202371E-01 -3.1206558E-01 -2.7977532E-01 -3.2290256E-02  6.0614338E-03  1.8436861E-03  4.2177476E-03
    2974  2.0280247E+03  1.3420296E+00  9.9998817E-01  3.4204141E-01 -3.1298972E-01 -2.8040984E-01 -3.2579880E-02  6.0305287E-03  1.8415859E-03  4.1889427E-03
    2975  2.0280341E+03  1.3422089E+00  1.0001491E+00  3.4205983E-01 -3.1391554E-01 -2.8104978E-01 -3.2865758E-02  5.9996595E-03  1.8398737E-03  4.1597858E-03
    2976  2.0280435E+03  1.3423868E+00  1.0003092E+00  3.4207763E-01 -3.1477019E-01 -2.8162148E-01 -3.3148711E-02  5.9676356E-03  1.8373289E-03  4.1303067E-03
    2977  2.0280530E+03  1.3425645E+00  1.0004684E+00  3.4209603E-01 -3.1560879E-01 -2.8217875E-01 -3.3430036E-02  5.9342824E-03  1.8338764E-03  4.1004060E-03
    2978  2.0280624E+03  1.3427396E+00  1.0006252E+00  3.4211441E-01 -3.1645456E-01 -2.8274832E-01 -3.3706235E-02  5.9034546E-03  1.8333008E-03  4.0701538E-03
    2979  2.0280718E+03  1.3429158E+00  1.0007831E+00  3.4213266E-01 -3.1719762E-01 -2.8321968E-01 -3.3977932E-02  5.8685165E-03  1.8289101E-03  4.0396065E-03
    2980  2.0280812E+03  1.3430904E+00  1.0009389E+00  3.4215141E-01 -3.1796111E-01 -2.8371066E-01 -3.4250454E-02  5.8361715E-03  1.8275150E-03  4.0086565E-03
    2981  2.0280907E+03  1.3432629E+00  1.0010929E+00  3.4217002E-01 -3.1869071E-01 -2.8417401E-01 -3.4516702E-02  5.8028442E-03  1.8254987E-03  3.9773455E-03
    2982  2.0281001E+03  1.3434386E+00  1.0012500E+00  3.4218858E-01 -3.1937552E-01 -2.8459650E-01 -3.4779019E-02  5.7675578E-03  1.8218057E-03  3.9457521E-03
    2983  2.0281095E+03  1.3436082E+00  1.0014007E+00  3.4220749E-01 -3.2002378E-01 -2.8498328E-01 -3.5040504E-02  5.7359970E-03  1.8222071E-03  3.9137899E-03
    2984  2.0281189E+03  1.3437809E+00  1.0015545E+00  3.4222639E-01 -3.2067117E-01 -2.8537305E-01 -3.5298119E-02  5.6995831E-03  1.8181274E-03  3.8814557E-03
    2985  2.0281284E+03  1.3439472E+00  1.0017023E+00  3.4224492E-01 -3.2124717E-01 -2.8569656E-01 -3.5550605E-02  5.6669217E-03  1.8180910E-03  3.8488308E-03
    2986  2.0281378E+03  1.3441162E+00  1.0018521E+00  3.4226404E-01 -3.2181746E-01 -2.8601587E-01 -3.5801582E-02  5.6287930E-03  1.8129282E-03  3.8158648E-03
    2987  2.0281472E+03  1.3442837E+00  1.0020007E+00  3.4228297E-01 -3.2234540E-01 -2.8629658E-01 -3.6048822E-02  5.5949350E-03  1.8123779E-03  3.7825571E-03
    2988  2.0281566E+03  1.3444473E+00  1.0021452E+00  3.4230207E-01 -3.2286687E-01 -2.8657629E-01 -3.6290588E-02  5.5599343E-03  1.8110214E-03  3.7489130E-03
    2989  2.0281660E+03  1.3446139E+00  1.0022927E+00  3.4232117E-01 -3.2331828E-01 -2.8679064E-01 -3.6527635E-02  5.5218225E-03  1.8068109E-03  3.7150115E-03
    2990  2.0281755E+03  1.3447740E+00  1.0024341E+00  3.4233985E-01 -3.2375662E-01 -2.8699052E-01 -3.6766100E-02  5.4868784E-03  1.8061004E-03  3.6807780E-03
    2991  2.0281849E+03  1.3449364E+00  1.0025770E+00  3.4235933E-01 -3.2417776E-01 -2.8717834E-01 -3.6999415E-02  5.4500663E-03  1.8039229E-03  3.6461434E-03
    2992  2.0281943E+03  1.3450944E+00  1.0027163E+00  3.4237815E-01 -3.2454974E-01 -2.8732458E-01 -3.7225165E-02  5.4115057E-03  1.8002324E-03  3.6112733E-03
    2993  2.0282037E+03  1.3452544E+00  1.0028569E+00  3.4239750E-01 -3.2488753E-01 -2.8743615E-01 -3.7451385E-02  5.3764171E-03  1.8002638E-03  3.5761533E-03
    2994  2.0282132E+03  1.3454037E+00  1.0029877E+00  3.4241603E-01 -3.2518039E-01 -2.8750651E-01 -3.7673888E-02  5.3369167E-03  1.7962962E-03  3.5406205E-03
    2995  2.0282226E+03  1.3455653E+00  1.0031299E+00  3.4243543E-01 -3.2552162E-01 -2.8762979E-01 -3.7891829E-02  5.3009417E-03  1.7961487E-03  3.5047930E-03
    2996  2.0282320E+03  1.3457098E+00  1.0032560E+00  3.4245383E-01 -3.2572200E-01 -2.8761845E-01 -3.8103555E-02  5.2605691E-03  1.7917976E-03  3.4687715E-03
    2997  2.0282414E+03  1.3458677E+00  1.0033937E+00  3.4247404E-01 -3.2595332E-01 -2.8763518E-01 -3.8318137E-02  5.2230987E-03  1.7907079E-03  3.4323908E-03
    2998  2.0282509E+03  1.3460114E+00  1.0035194E+00  3.4249199E-01 -3.2616212E-01 -2.8764084E-01 -3.8521275E-02  5.1841292E-03  1.7884552E-03  3.3956741E-03
    2999  2.0282603E+03  1.3461569E+00  1.0036457E+00  3.4251127E-01 -3.2627221E-01 -2.8754809E-01 -3.8724116E-02  5.1443084E-03  1.7855358E-03  3.3587726E-03
    3000  2.0282697E+03  1.3463023E+00  1.0037720E+00  3.4253031E-01 -3.2642502E-01 -2.8749896E-01 -3.8926055E-02  5.1071721E-03  1.7856505E-03  3.3215217E-03
    3001  2.0282791E+03  1.3464410E+00  1.0038926E+00  3.4254843E-01 -3.2651983E-01 -2.8740186E-01 -3.9117972E-02  5.0649703E-03  1.7809669E-03  3.2840034E-03
    3002  2.0282886E+03  1.3465837E+00  1.0040158E+00  3.4256786E-01 -3.2657800E-01 -2.8726750E-01 -3.9310501E-02  5.0267376E-03  1.7804758E-03  3.2462619E-03
    3003  2.0282980E+03  1.3467194E+00  1.0041336E+00  3.4258582E-01 -3.2658317E-01 -2.8708474E-01 -3.9498429E-02  4.9873817E-03  1.7792121E-03  3.2081696E-03
    3004  2.0283074E+03  1.3468567E+00  1.0042526E+00  3.4260412E-01 -3.2662936E-01 -2.8694701E-01 -3.9682344E-02  4.9467248E-03  1.7769036E-03  3.1698213E-03
    3005  2.0283168E+03  1.3469853E+00  1.0043619E+00  3.4262343E-01 -3.2655769E-01 -2.8669328E-01 -3.9864411E-02  4.9023558E-03  1.7710753E-03  3.1312805E-03
    3006  2.0283262E+03  1.3471160E+00  1.0044750E+00  3.4264100E-01 -3.2649137E-01 -2.8645350E-01 -4.0037873E-02  4.8659006E-03  1.7734844E-03  3.0924162E-03
    3007  2.0283357E+03  1.3472463E+00  1.0045868E+00  3.4265954E-01 -3.2641894E-01 -2.8620797E-01 -4.0210973E-02  4.8248211E-03  1.7714699E-03  3.0533512E-03
    3008  2.0283451E+03  1.3473680E+00  1.0046906E+00  3.4267741E-01 -3.2625580E-01 -2.8587592E-01 -4.0379888E-02  4.7790566E-03  1.7650512E-03  3.0140053E-03
    3009  2.0283545E+03  1.3474951E+00  1.0047989E+00  3.4269618E-01 -3.2614292E-01 -2.8559692E-01 -4.0546003E-02  4.7413979E-03  1.7670179E-03  2.9743800E-03
    3010  2.0283639E+03  1.3476089E+00  1.0048958E+00  3.4271308E-01 -3.2591430E-01 -2.8521284E-01 -4.0701467E-02  4.6997784E-03  1.7651875E-03  2.9345908E-03
    3011  2.0283734E+03  1.3477318E+00  1.0050001E+00  3.4273164E-01 -3.2570232E-01 -2.8484092E-01 -4.0861400E-02  4.6550294E-03  1.7604480E-03  2.8945814E-03
    3012  2.0283828E+03  1.3478419E+00  1.0050934E+00  3.4274858E-01 -3.2544946E-01 -2.8443586E-01 -4.1013599E-02  4.6149956E-03  1.7607780E-03  2.8542177E-03
    3013  2.0283922E+03  1.3479540E+00  1.0051876E+00  3.4276646E-01 -3.2515077E-01 -2.8398973E-01 -4.1161039E-02  4.5712202E-03  1.7575285E-03  2.8136917E-03
    3014  2.0284016E+03  1.3480650E+00  1.0052814E+00  3.4278365E-01 -3.2486746E-01 -2.8355893E-01 -4.1308535E-02  4.5321862E-03  1.7592371E-03  2.7729491E-03
    3015  2.0284111E+03  1.3481684E+00  1.0053677E+00  3.4280072E-01 -3.2446026E-01 -2.8301218E-01 -4.1448085E-02  4.4823084E-03  1.7503758E-03  2.7319326E-03
    3016  2.0284205E+03  1.3482754E+00  1.0054573E+00  3.4281808E-01 -3.2415025E-01 -2.8256577E-01 -4.1584481E-02  4.4439561E-03  1.7532495E-03  2.6907066E-03
    3017  2.0284299E+03  1.3483745E+00  1.0055397E+00  3.4283474E-01 -3.2371167E-01 -2.8199325E-01 -4.1718422E-02  4.3989437E-03  1.7495813E-03  2.6493623E-03
    3018  2.0284393E+03  1.3484668E+00  1.0056157E+00  3.4285108E-01 -3.2323199E-01 -2.8138508E-01 -4.1846908E-02  4.3561066E-03  1.7484483E-03  2.6076583E-03
    3019  2.0284487E+03  1.3485682E+00  1.0057002E+00  3.4286798E-01 -3.2281677E-01 -2.8084512E-01 -4.1971652E-02  4.3122976E-03  1.7464898E-03  2.5658078E-03
    3020  2.0284582E+03  1.3486535E+00  1.0057700E+00  3.4288350E-01 -3.2228708E-01 -2.8019845E-01 -4.2088640E-02  4.2668167E-03  1.7429819E-03  2.5238348E-03
    3021  2.0284676E+03  1.3487445E+00  1.0058444E+00  3.4290003E-01 -3.2174462E-01 -2.7953383E-01 -4.2210791E-02  4.2253288E-03  1.7436996E-03  2.4816292E-03
    3022  2.0284770E+03  1.3488297E+00  1.0059139E+00  3.4291576E-01 -3.2119911E-01 -2.7887927E-01 -4.2319837E-02  4.1813290E-03  1.7422131E-03  2.4391158E-03
    3023  2.0284864E+03  1.3489112E+00  1.0059798E+00  3.4293134E-01 -3.2057752E-01 -2.7814954E-01 -4.2427975E-02  4.1337348E-03  1.7371923E-03  2.3965425E-03
    3024  2.0284959E+03  1.3489896E+00  1.0060426E+00  3.4294701E-01 -3.1997174E-01 -2.7743974E-01 -4.2531995E-02  4.0878656E-03  1.7341213E-03  2.3537443E-03
    3025  2.0285053E+03  1.3490661E+00  1.0061039E+00  3.4296216E-01 -3.1931461E-01 -2.7668029E-01 -4.2634320E-02  4.0529678E-03  1.7421793E-03  2.3107884E-03
    3026  2.0285147E+03  1.3491341E+00  1.0061571E+00  3.4297695E-01 -3.1859604E-01 -2.7586687E-01 -4.2729164E-02  3.9955240E-03  1.7279314E-03  2.2675926E-03
    3027  2.0285241E+03  1.3492124E+00  1.0062204E+00  3.4299200E-01 -3.1792482E-01 -2.7510579E-01 -4.2819023E-02  3.9590334E-03  1.7347488E-03  2.2242846E-03
    3028  2.0285336E+03  1.3492647E+00  1.0062593E+00  3.4300544E-01 -3.1712764E-01 -2.7422189E-01 -4.2905754E-02  3.9117240E-03  1.7308700E-03  2.1808540E-03
    3029  2.0285430E+03  1.3493415E+00  1.0063203E+00  3.4302120E-01 -3.1638263E-01 -2.7339057E-01 -4.2992061E-02  3.8649307E-03  1.7277234E-03  2.1372073E-03
    3030  2.0285524E+03  1.3493876E+00  1.0063537E+00  3.4303386E-01 -3.1554819E-01 -2.7247906E-01 -4.3069131E-02  3.8213278E-03  1.7279357E-03  2.0933921E-03
    3031  2.0285618E+03  1.3494558E+00  1.0064075E+00  3.4304831E-01 -3.1471964E-01 -2.7157292E-01 -4.3146730E-02  3.7731831E-03  1.7237544E-03  2.0494286E-03
    3032  2.0285712E+03  1.3494966E+00  1.0064347E+00  3.4306184E-01 -3.1384925E-01 -2.7063109E-01 -4.3218161E-02  3.7287305E-03  1.7234629E-03  2.0052676E-03
    3033  2.0285807E+03  1.3495560E+00  1.0064810E+00  3.4307500E-01 -3.1296292E-01 -2.6967962E-01 -4.3283300E-02  3.6820674E-03  1.7210682E-03  1.9609993E-03
    3034  2.0285901E+03  1.3495927E+00  1.0065051E+00  3.4308761E-01 -3.1200099E-01 -2.6865532E-01 -4.3345669E-02  3.6351814E-03  1.7185422E-03  1.9166392E-03
    3035  2.0285995E+03  1.3496419E+00  1.0065410E+00  3.4310090E-01 -3.1105850E-01 -2.6765228E-01 -4.3406218E-02  3.5898352E-03  1.7177572E-03  1.8720780E-03
    3036  2.0286089E+03  1.3496807E+00  1.0065677E+00  3.4311300E-01 -3.1009814E-01 -2.6663786E-01 -4.3460281E-02  3.5430686E-03  1.7156893E-03  1.8273793E-03
    3037  2.0286184E+03  1.3497031E+00  1.0065782E+00  3.4312493E-01 -3.0899139E-01 -2.6548205E-01 -4.3509344E-02  3.4978295E-03  1.7152438E-03  1.7825857E-03
    3038  2.0286278E+03  1.3497523E+00  1.0066148E+00  3.4313749E-01 -3.0804038E-01 -2.6448072E-01 -4.3559668E-02  3.4506656E-03  1.7130431E-03  1.7376225E-03
    3039  2.0286372E+03  1.3497719E+00  1.0066238E+00  3.4314814E-01 -3.0691587E-01 -2.6331921E-01 -4.3596660E-02  3.4029347E-03  1.7103389E-03  1.6925957E-03
    3040  2.0286466E+03  1.3497947E+00  1.0066348E+00  3.4315985E-01 -3.0578956E-01 -2.6215356E-01 -4.3635996E-02  3.3590482E-03  1.7116136E-03  1.6474346E-03
    3041  2.0286561E+03  1.3498195E+00  1.0066490E+00  3.4317055E-01 -3.0468664E-01 -2.6101692E-01 -4.3669726E-02  3.3100269E-03  1.7078935E-03  1.6021334E-03
    3042  2.0286655E+03  1.3498382E+00  1.0066573E+00  3.4318090E-01 -3.0352738E-01 -2.5982930E-01 -4.3698086E-02  3.2639328E-03  1.7071507E-03  1.5567821E-03
    3043  2.0286749E+03  1.3498456E+00  1.0066538E+00  3.4319176E-01 -3.0227678E-01 -2.5855202E-01 -4.3724756E-02  3.2158403E-03  1.7045583E-03  1.5112820E-03
    3044  2.0286843E+03  1.3498628E+00  1.0066615E+00  3.4320124E-01 -3.0111082E-01 -2.5736680E-01 -4.3744021E-02  3.1706487E-03  1.7049969E-03  1.4656518E-03
    3045  2.0286937E+03  1.3498693E+00  1.0066587E+00  3.4321058E-01 -2.9983572E-01 -2.5607800E-01 -4.3757720E-02  3.1215108E-03  1.7014342E-03  1.4200766E-03
    3046  2.0287032E+03  1.3498711E+00  1.0066505E+00  3.4322064E-01 -2.9854708E-01 -2.5477391E-01 -4.3773162E-02  3.0750861E-03  1.7007326E-03  1.3743535E-03
    3047  2.0287126E+03  1.3498720E+00  1.0066432E+00  3.4322875E-01 -2.9725329E-01 -2.5347286E-01 -4.3780425E-02  3.0280676E-03  1.6996124E-03  1.3284552E-03
    3048  2.0287220E+03  1.3498690E+00  1.0066310E+00  3.4323797E-01 -2.9590462E-01 -2.5212177E-01 -4.3782846E-02  2.9809700E-03  1.6984326E-03  1.2825374E-03
    3049  2.0287314E+03  1.3498606E+00  1.0066146E+00  3.4324600E-01 -2.9454871E-01 -2.5076567E-01 -4.3783041E-02  2.9318077E-03  1.6952248E-03  1.2365829E-03
    3050  2.0287409E+03  1.3498491E+00  1.0065950E+00  3.4325407E-01 -2.9313811E-01 -2.4935885E-01 -4.3779261E-02  2.8856564E-03  1.6951354E-03  1.1905210E-03
    3051  2.0287503E+03  1.3498376E+00  1.0065759E+00  3.4326169E-01 -2.9173558E-01 -2.4796560E-01 -4.3769985E-02  2.8381497E-03  1.6938130E-03  1.1443367E-03
    3052  2.0287597E+03  1.3498163E+00  1.0065468E+00  3.4326941E-01 -2.9025017E-01 -2.4648948E-01 -4.3760687E-02  2.7887308E-03  1.6905495E-03  1.0981813E-03
    3053  2.0287691E+03  1.3498026E+00  1.0065261E+00  3.4327646E-01 -2.8883136E-01 -2.4508718E-01 -4.3744181E-02  2.7431223E-03  1.6912948E-03  1.0518274E-03
    3054  2.0287786E+03  1.3497715E+00  1.0064890E+00  3.4328247E-01 -2.8728543E-01 -2.4356761E-01 -4.3717821E-02  2.6942591E-03  1.6887154E-03  1.0055437E-03
    3055  2.0287880E+03  1.3497442E+00  1.0064556E+00  3.4328867E-01 -2.8576190E-01 -2.4206910E-01 -4.3692799E-02  2.6469617E-03  1.6876872E-03  9.5927450E-04
    3056  2.0287974E+03  1.3497116E+00  1.0064169E+00  3.4329464E-01 -2.8419975E-01 -2.4053453E-01 -4.3665219E-02  2.6001993E-03  1.6873083E-03  9.1289098E-04
    3057  2.0288068E+03  1.3496789E+00  1.0063781E+00  3.4330082E-01 -2.8261539E-01 -2.3898339E-01 -4.3631992E-02  2.5514571E-03  1.6850932E-03  8.6636387E-04
    3058  2.0288163E+03  1.3496390E+00  1.0063338E+00  3.4330517E-01 -2.8100904E-01 -2.3741676E-01 -4.3592283E-02  2.5052020E-03  1.6853142E-03  8.1988777E-04
    3059  2.0288257E+03  1.3496002E+00  1.0062896E+00  3.4331061E-01 -2.7938292E-01 -2.3583163E-01 -4.3551289E-02  2.4553363E-03  1.6818966E-03  7.7343971E-04
    3060  2.0288351E+03  1.3495443E+00  1.0062294E+00  3.4331493E-01 -2.7764882E-01 -2.3414487E-01 -4.3503955E-02  2.4100338E-03  1.6831183E-03  7.2691550E-04
    3061  2.0288445E+03  1.3495101E+00  1.0061913E+00  3.4331880E-01 -2.7605302E-01 -2.3259956E-01 -4.3453454E-02  2.3611418E-03  1.6807993E-03  6.8034255E-04
    3062  2.0288539E+03  1.3494457E+00  1.0061239E+00  3.4332176E-01 -2.7425634E-01 -2.3086132E-01 -4.3395025E-02  2.3125366E-03  1.6786725E-03  6.3386404E-04
    3063  2.0288634E+03  1.3493971E+00  1.0060706E+00  3.4332646E-01 -2.7255046E-01 -2.2920896E-01 -4.3341501E-02  2.2660182E-03  1.6787336E-03  5.8728460E-04
    3064  2.0288728E+03  1.3493319E+00  1.0060033E+00  3.4332858E-01 -2.7076384E-01 -2.2748702E-01 -4.3276824E-02  2.2180457E-03  1.6774272E-03  5.4061853E-04
    3065  2.0288822E+03  1.3492752E+00  1.0059433E+00  3.4333189E-01 -2.6897888E-01 -2.2576896E-01 -4.3209917E-02  2.1687466E-03  1.6746981E-03  4.9404848E-04
    3066  2.0288916E+03  1.3492040E+00  1.0058706E+00  3.4333347E-01 -2.6714377E-01 -2.2400509E-01 -4.3138676E-02  2.1236498E-03  1.6761816E-03  4.4746821E-04
    3067  2.0289011E+03  1.3491425E+00  1.0058069E+00  3.4333561E-01 -2.6531946E-01 -2.2225604E-01 -4.3063421E-02  2.0740547E-03  1.6731933E-03  4.0086134E-04
    3068  2.0289105E+03  1.3490629E+00  1.0057260E+00  3.4333692E-01 -2.6342063E-01 -2.2043926E-01 -4.2981370E-02  2.0256925E-03  1.6713608E-03  3.5433170E-04
    3069  2.0289199E+03  1.3489901E+00  1.0056517E+00  3.4333839E-01 -2.6152467E-01 -2.1862585E-01 -4.2898824E-02  1.9784816E-03  1.6707065E-03  3.0777515E-04
    3070  2.0289293E+03  1.3489125E+00  1.0055736E+00  3.4333890E-01 -2.5962806E-01 -2.1681588E-01 -4.2812171E-02  1.9306975E-03  1.6694856E-03  2.6121192E-04
    3071  2.0289388E+03  1.3488279E+00  1.0054887E+00  3.4333926E-01 -2.5765605E-01 -2.1493781E-01 -4.2718245E-02  1.8843335E-03  1.6696381E-03  2.1469546E-04
    3072  2.0289482E+03  1.3487430E+00  1.0054039E+00  3.4333908E-01 -2.5568886E-01 -2.1306644E-01 -4.2622417E-02  1.8359852E-03  1.6677683E-03  1.6821697E-04
    3073  2.0289576E+03  1.3486566E+00  1.0053174E+00  3.4333926E-01 -2.5369505E-01 -2.1116970E-01 -4.2525348E-02  1.7899183E-03  1.6681886E-03  1.2172968E-04
    3074  2.0289670E+03  1.3485681E+00  1.0052298E+00  3.4333831E-01 -2.5169112E-01 -2.0927147E-01 -4.2419649E-02  1.7430123E-03  1.6677500E-03  7.5262273E-05
    3075  2.0289764E+03  1.3484689E+00  1.0051322E+00  3.4333667E-01 -2.4962542E-01 -2.0731761E-01 -4.2307806E-02  1.6943989E-03  1.6654399E-03  2.8958995E-05
    3076  2.0289859E+03  1.3483692E+00  1.0050339E+00  3.4333528E-01 -2.4755432E-01 -2.0535627E-01 -4.2198046E-02  1.6468602E-03  1.6641759E-03 -1.7315725E-05
    3077  2.0289953E+03  1.3482733E+00  1.0049391E+00  3.4333417E-01 -2.4548000E-01 -2.0339510E-01 -4.2084901E-02  1.6011319E-03  1.6648153E-03 -6.3683318E-05
    3078  2.0290047E+03  1.3481705E+00  1.0048391E+00  3.4333139E-01 -2.4337369E-01 -2.0141185E-01 -4.1961834E-02  1.5528716E-03  1.6628133E-03 -1.0994174E-04
    3079  2.0290141E+03  1.3480634E+00  1.0047343E+00  3.4332911E-01 -2.4122204E-01 -1.9938172E-01 -4.1840313E-02  1.5051342E-03  1.6612086E-03 -1.5607443E-04
    3080  2.0290236E+03  1.3479507E+00  1.0046247E+00  3.4332601E-01 -2.3904540E-01 -1.9733486E-01 -4.1710536E-02  1.4604661E-03  1.6626939E-03 -2.0222787E-04
    3081  2.0290330E+03  1.3478440E+00  1.0045216E+00  3.4332248E-01 -2.3689486E-01 -1.9531742E-01 -4.1577444E-02  1.4130000E-03  1.6612340E-03 -2.4823401E-04
    3082  2.0290424E+03  1.3477286E+00  1.0044094E+00  3.4331920E-01 -2.3466217E-01 -1.9321881E-01 -4.1443358E-02  1.3646487E-03  1.6588784E-03 -2.9422967E-04
    3083  2.0290518E+03  1.3476094E+00  1.0042946E+00  3.4331484E-01 -2.3245987E-01 -1.9115851E-01 -4.1301356E-02  1.3186480E-03  1.6588390E-03 -3.4019101E-04
    3084  2.0290613E+03  1.3474918E+00  1.0041811E+00  3.4331073E-01 -2.3018996E-01 -1.8903174E-01 -4.1158222E-02  1.2727197E-03  1.6586360E-03 -3.8591635E-04
    3085  2.0290707E+03  1.3473635E+00  1.0040578E+00  3.4330570E-01 -2.2792680E-01 -1.8691428E-01 -4.1012520E-02  1.2263508E-03  1.6580947E-03 -4.3174384E-04
    3086  2.0290801E+03  1.3472447E+00  1.0039444E+00  3.4330032E-01 -2.2564202E-01 -1.8478538E-01 -4.0856638E-02  1.1791381E-03  1.6565469E-03 -4.7740885E-04
    3087  2.0290895E+03  1.3471111E+00  1.0038162E+00  3.4329487E-01 -2.2331093E-01 -1.8261039E-01 -4.0700540E-02  1.1345050E-03  1.6573748E-03 -5.2286979E-04
    3088  2.0290989E+03  1.3469861E+00  1.0036973E+00  3.4328886E-01 -2.2098481E-01 -1.8044371E-01 -4.0541092E-02  1.0864615E-03  1.6547894E-03 -5.6832788E-04
    3089  2.0291084E+03  1.3468511E+00  1.0035682E+00  3.4328293E-01 -2.1861698E-01 -1.7823957E-01 -4.0377409E-02  1.0420663E-03  1.6557615E-03 -6.1369528E-04
    3090  2.0291178E+03  1.3467157E+00  1.0034404E+00  3.4327530E-01 -2.1625830E-01 -1.7604945E-01 -4.0208855E-02  9.9428494E-04  1.6532436E-03 -6.5895867E-04
    3091  2.0291272E+03  1.3465819E+00  1.0033126E+00  3.4326924E-01 -2.1384689E-01 -1.7380908E-01 -4.0037808E-02  9.4964387E-04  1.6537387E-03 -7.0409480E-04
    3092  2.0291366E+03  1.3464363E+00  1.0031744E+00  3.4326186E-01 -2.1143228E-01 -1.7156882E-01 -3.9863459E-02  9.0406431E-04  1.6532000E-03 -7.4913571E-04
    3093  2.0291461E+03  1.3462959E+00  1.0030425E+00  3.4325336E-01 -2.0899569E-01 -1.6931383E-01 -3.9681864E-02  8.5836003E-04  1.6524099E-03 -7.9404985E-04
    3094  2.0291555E+03  1.3461522E+00  1.0029056E+00  3.4324659E-01 -2.0652963E-01 -1.6703085E-01 -3.9498780E-02  8.1246340E-04  1.6512564E-03 -8.3879301E-04
    3095  2.0291649E+03  1.3460065E+00  1.0027693E+00  3.4323720E-01 -2.0405167E-01 -1.6473775E-01 -3.9313920E-02  7.6892430E-04  1.6523628E-03 -8.8343852E-04
    3096  2.0291743E+03  1.3458629E+00  1.0026337E+00  3.4322925E-01 -2.0157888E-01 -1.6245555E-01 -3.9123329E-02  7.2329817E-04  1.6513222E-03 -9.2802403E-04
    3097  2.0291838E+03  1.3457021E+00  1.0024821E+00  3.4321998E-01 -1.9900149E-01 -1.6007371E-01 -3.8927777E-02  6.7738238E-04  1.6497909E-03 -9.7240855E-04
    3098  2.0291932E+03  1.3455572E+00  1.0023470E+00  3.4321023E-01 -1.9653428E-01 -1.5780261E-01 -3.8731666E-02  6.3477258E-04  1.6514204E-03 -1.0166478E-03
    3099  2.0292026E+03  1.3453996E+00  1.0021992E+00  3.4320045E-01 -1.9393498E-01 -1.5540838E-01 -3.8526605E-02  5.8936651E-04  1.6500959E-03 -1.0607294E-03
    3100  2.0292120E+03  1.3452415E+00  1.0020509E+00  3.4319056E-01 -1.9137903E-01 -1.5305433E-01 -3.8324702E-02  5.4479473E-04  1.6495079E-03 -1.1047131E-03
    3101  2.0292215E+03  1.3450935E+00  1.0019126E+00  3.4318091E-01 -1.8879710E-01 -1.5068084E-01 -3.8116265E-02  5.0066683E-04  1.6492429E-03 -1.1485760E-03
    3102  2.0292309E+03  1.3449235E+00  1.0017534E+00  3.4317003E-01 -1.8617798E-01 -1.4827554E-01 -3.7902437E-02  4.5755031E-04  1.6497728E-03 -1.1922225E-03
    3103  2.0292403E+03  1.3447665E+00  1.0016070E+00  3.4315950E-01 -1.8353977E-01 -1.4585176E-01 -3.7688015E-02  4.1348404E-04  1.6491994E-03 -1.2357154E-03
    3104  2.0292497E+03  1.3446073E+00  1.0014595E+00  3.4314781E-01 -1.8091910E-01 -1.4345226E-01 -3.7466840E-02  3.6793586E-04  1.6470148E-03 -1.2790789E-03
    3105  2.0292591E+03  1.3444377E+00  1.0013014E+00  3.4313626E-01 -1.7824185E-01 -1.4099900E-01 -3.7242850E-02  3.2576451E-04  1.6479744E-03 -1.3222099E-03
    3106  2.0292686E+03  1.3442726E+00  1.0011473E+00  3.4312531E-01 -1.7554943E-01 -1.3853030E-01 -3.7019130E-02  2.8301462E-04  1.6482616E-03 -1.3652470E-03
    3107  2.0292780E+03  1.3441062E+00  1.0009939E+00  3.4311234E-01 -1.7289684E-01 -1.3610773E-01 -3.6789102E-02  2.3936071E-04  1.6474785E-03 -1.4081178E-03
    3108  2.0292874E+03  1.3439383E+00  1.0008382E+00  3.4310009E-01 -1.7014119E-01 -1.3359171E-01 -3.6549479E-02  1.9446673E-04  1.6452040E-03 -1.4507372E-03
    3109  2.0292968E+03  1.3437685E+00  1.0006806E+00  3.4308787E-01 -1.6743937E-01 -1.3112369E-01 -3.6315678E-02  1.5439434E-04  1.6475314E-03 -1.4931370E-03
    3110  2.0293063E+03  1.3435937E+00  1.0005197E+00  3.4307396E-01 -1.6466387E-01 -1.2859034E-01 -3.6073535E-02  1.0996404E-04  1.6454530E-03 -1.5354890E-03
    3111  2.0293157E+03  1.3434334E+00  1.0003712E+00  3.4306220E-01 -1.6195812E-01 -1.2612570E-01 -3.5832424E-02  7.0064483E-05  1.6476460E-03 -1.5775815E-03
    3112  2.0293251E+03  1.3432424E+00  1.0001950E+00  3.4304738E-01 -1.5910978E-01 -1.2353009E-01 -3.5579688E-02  2.6240766E-05  1.6457377E-03 -1.6194969E-03
    3113  2.0293345E+03  1.3430848E+00  1.0000503E+00  3.4303453E-01 -1.5639385E-01 -1.2106008E-01 -3.5333772E-02 -1.3635982E-05  1.6475109E-03 -1.6611469E-03
    3114  2.0293440E+03  1.3428943E+00  9.9987434E-01  3.4301996E-01 -1.5352617E-01 -1.1844961E-01 -3.5076560E-02 -5.6615401E-05  1.6460599E-03 -1.7026753E-03
    3115  2.0293534E+03  1.3427320E+00  9.9972624E-01  3.4300574E-01 -1.5074844E-01 -1.1592996E-01 -3.4818484E-02 -9.5974413E-05  1.6479851E-03 -1.7439595E-03
    3116  2.0293628E+03  1.3425494E+00  9.9955798E-01  3.4299138E-01 -1.4789294E-01 -1.1333616E-01 -3.4556779E-02 -1.3879547E-04  1.6462030E-03 -1.7849984E-03
    3117  2.0293722E+03  1.3423722E+00  9.9939611E-01  3.4297606E-01 -1.4504535E-01 -1.1075430E-01 -3.4291059E-02 -1.8077867E-04  1.6450684E-03 -1.8258471E-03
    3118  2.0293816E+03  1.3421933E+00  9.9923194E-01  3.4296140E-01 -1.4217880E-01 -1.0815516E-01 -3.4023636E-02 -2.1839414E-04  1.6480769E-03 -1.8664711E-03
    3119  2.0293911E+03  1.3420150E+00  9.9906847E-01  3.4294653E-01 -1.3930614E-01 -1.0555150E-01 -3.3754643E-02 -2.6173087E-04  1.6451887E-03 -1.9069195E-03
    3120  2.0294005E+03  1.3418346E+00  9.9890425E-01  3.4293031E-01 -1.3642172E-01 -1.0294355E-01 -3.3478172E-02 -3.0165532E-04  1.6454891E-03 -1.9471444E-03
    3121  2.0294099E+03  1.3416544E+00  9.9873926E-01  3.4291518E-01 -1.3350585E-01 -1.0030417E-01 -3.3201683E-02 -3.4070601E-04  1.6463590E-03 -1.9870650E-03
    3122  2.0294193E+03  1.3414767E+00  9.9857744E-01  3.4289922E-01 -1.3059957E-01 -9.7677068E-02 -3.2922498E-02 -3.7761430E-04  1.6492341E-03 -2.0268484E-03
    3123  2.0294288E+03  1.3412954E+00  9.9841236E-01  3.4288308E-01 -1.2765769E-01 -9.5023307E-02 -3.2634378E-02 -4.2099236E-04  1.6453605E-03 -2.0663529E-03
    3124  2.0294382E+03  1.3411138E+00  9.9824670E-01  3.4286707E-01 -1.2473262E-01 -9.2377812E-02 -3.2354810E-02 -4.6043419E-04  1.6451300E-03 -2.1055642E-03
    3125  2.0294476E+03  1.3409355E+00  9.9808503E-01  3.4285046E-01 -1.2176962E-01 -8.9712551E-02 -3.2057069E-02 -4.9583061E-04  1.6488570E-03 -2.1446876E-03
    3126  2.0294570E+03  1.3407518E+00  9.9791825E-01  3.4283353E-01 -1.1879953E-01 -8.7037020E-02 -3.1762506E-02 -5.3643230E-04  1.6468778E-03 -2.1833101E-03
    3127  2.0294665E+03  1.3405724E+00  9.9775560E-01  3.4281680E-01 -1.1582764E-01 -8.4355091E-02 -3.1472546E-02 -5.7456936E-04  1.6472511E-03 -2.2218205E-03
    3128  2.0294759E+03  1.3403886E+00  9.9758874E-01  3.4279990E-01 -1.1283869E-01 -8.1668697E-02 -3.1169992E-02 -6.1345598E-04  1.6467515E-03 -2.2602075E-03
    3129  2.0294853E+03  1.3402089E+00  9.9742634E-01  3.4278252E-01 -1.0983822E-01 -7.8971482E-02 -3.0866734E-02 -6.5043482E-04  1.6477555E-03 -2.2981903E-03
    3130  2.0294947E+03  1.3400279E+00  9.9726267E-01  3.4276523E-01 -1.0683340E-01 -7.6269184E-02 -3.0564220E-02 -6.8764832E-04  1.6482565E-03 -2.3359048E-03
    3131  2.0295041E+03  1.3398482E+00  9.9710037E-01  3.4274782E-01 -1.0380363E-01 -7.3549512E-02 -3.0254117E-02 -7.2577588E-04  1.6476544E-03 -2.3734303E-03
    3132  2.0295136E+03  1.3396680E+00  9.9693795E-01  3.4273004E-01 -1.0078234E-01 -7.0838363E-02 -2.9943975E-02 -7.6138388E-04  1.6492470E-03 -2.4106309E-03
    3133  2.0295230E+03  1.3394874E+00  9.9677503E-01  3.4271232E-01 -9.7739110E-02 -6.8108917E-02 -2.9630192E-02 -7.9893341E-04  1.6486358E-03 -2.4475692E-03
    3134  2.0295324E+03  1.3393113E+00  9.9661651E-01  3.4269476E-01 -9.4678063E-02 -6.5362876E-02 -2.9315188E-02 -8.3375185E-04  1.6505017E-03 -2.4842535E-03
    3135  2.0295418E+03  1.3391249E+00  9.9644877E-01  3.4267610E-01 -9.1634944E-02 -6.2638862E-02 -2.8996081E-02 -8.7106131E-04  1.6496190E-03 -2.5206803E-03
    3136  2.0295513E+03  1.3389572E+00  9.9629810E-01  3.4265911E-01 -8.8565216E-02 -5.9891516E-02 -2.8673700E-02 -9.0670219E-04  1.6500693E-03 -2.5567715E-03
    3137  2.0295607E+03  1.3387683E+00  9.9612883E-01  3.4263943E-01 -8.5481732E-02 -5.7135978E-02 -2.8345755E-02 -9.4125104E-04  1.6513346E-03 -2.5925856E-03
    3138  2.0295701E+03  1.3386007E+00  9.9597863E-01  3.4262209E-01 -8.2397350E-02 -5.4378301E-02 -2.8019049E-02 -9.7576290E-04  1.6523263E-03 -2.6280892E-03
    3139  2.0295795E+03  1.3384160E+00  9.9581303E-01  3.4260302E-01 -7.9299502E-02 -5.1610325E-02 -2.7689178E-02 -1.0126102E-03  1.6507105E-03 -2.6633207E-03
    3140  2.0295890E+03  1.3382485E+00  9.9566388E-01  3.4258466E-01 -7.6207999E-02 -4.8853507E-02 -2.7354492E-02 -1.0453463E-03  1.6529499E-03 -2.6982962E-03
    3141  2.0295984E+03  1.3380681E+00  9.9550266E-01  3.4256547E-01 -7.3087494E-02 -4.6069799E-02 -2.7017695E-02 -1.0802461E-03  1.6526804E-03 -2.7329265E-03
    3142  2.0296078E+03  1.3378995E+00  9.9535223E-01  3.4254727E-01 -6.9972581E-02 -4.3292060E-02 -2.6680521E-02 -1.1145605E-03  1.6527062E-03 -2.7672666E-03
    3143  2.0296172E+03  1.3377236E+00  9.9519545E-01  3.4252815E-01 -6.6858892E-02 -4.0519791E-02 -2.6339102E-02 -1.1487239E-03  1.6526062E-03 -2.8013300E-03
    3144  2.0296267E+03  1.3375555E+00  9.9504577E-01  3.4250977E-01 -6.3722529E-02 -3.7725444E-02 -2.5997085E-02 -1.1780190E-03  1.6570278E-03 -2.8350468E-03
    3145  2.0296361E+03  1.3373832E+00  9.9489287E-01  3.4249036E-01 -6.0583372E-02 -3.4933762E-02 -2.5649610E-02 -1.2138727E-03  1.6546252E-03 -2.8684979E-03
    3146  2.0296455E+03  1.3372179E+00  9.9474635E-01  3.4247155E-01 -5.7449516E-02 -3.2148403E-02 -2.5301113E-02 -1.2474080E-03  1.6541894E-03 -2.9015974E-03
    3147  2.0296549E+03  1.3370461E+00  9.9459343E-01  3.4245270E-01 -5.4287269E-02 -2.9337228E-02 -2.4950040E-02 -1.2793702E-03  1.6550114E-03 -2.9343816E-03
    3148  2.0296643E+03  1.3368825E+00  9.9444883E-01  3.4243370E-01 -5.1146190E-02 -2.6547593E-02 -2.4598597E-02 -1.3081938E-03  1.6586813E-03 -2.9668751E-03
    3149  2.0296738E+03  1.3367170E+00  9.9430284E-01  3.4241413E-01 -4.7981178E-02 -2.3739623E-02 -2.4241555E-02 -1.3418845E-03  1.6571689E-03 -2.9990534E-03
    3150  2.0296832E+03  1.3365547E+00  9.9415911E-01  3.4239556E-01 -4.4816912E-02 -2.0935103E-02 -2.3881809E-02 -1.3727233E-03  1.6581182E-03 -3.0308415E-03
    3151  2.0296926E+03  1.3363952E+00  9.9401877E-01  3.4237638E-01 -4.1647088E-02 -1.8123348E-02 -2.3523740E-02 -1.4029822E-03  1.6593232E-03 -3.0623055E-03
    3152  2.0297020E+03  1.3362336E+00  9.9387653E-01  3.4235704E-01 -3.8476825E-02 -1.5316044E-02 -2.3160781E-02 -1.4332085E-03  1.6602933E-03 -3.0935018E-03
    3153  2.0297115E+03  1.3360747E+00  9.9373641E-01  3.4233828E-01 -3.5301799E-02 -1.2507859E-02 -2.2793940E-02 -1.4631566E-03  1.6611693E-03 -3.1243259E-03
    3154  2.0297209E+03  1.3359172E+00  9.9359832E-01  3.4231885E-01 -3.2115199E-02 -9.6877947E-03 -2.2427404E-02 -1.4942333E-03  1.6605198E-03 -3.1547531E-03
    3155  2.0297303E+03  1.3357631E+00  9.9346321E-01  3.4229993E-01 -2.8932620E-02 -6.8743730E-03 -2.2058247E-02 -1.5209617E-03  1.6639385E-03 -3.1849002E-03
    3156  2.0297397E+03  1.3356187E+00  9.9333759E-01  3.4228115E-01 -2.5746860E-02 -4.0599632E-03 -2.1686897E-02 -1.5519781E-03  1.6627362E-03 -3.2147143E-03
    3157  2.0297492E+03  1.3354578E+00  9.9319619E-01  3.4226161E-01 -2.2552083E-02 -1.2389404E-03 -2.1313143E-02 -1.5805248E-03  1.6636319E-03 -3.2441567E-03
    3158  2.0297586E+03  1.3353162E+00  9.9307277E-01  3.4224340E-01 -1.9367721E-02  1.5723846E-03 -2.0940106E-02 -1.6077961E-03  1.6654776E-03 -3.2732737E-03
    3159  2.0297680E+03  1.3351623E+00  9.9293845E-01  3.4222384E-01 -1.6164927E-02  4.3951560E-03 -2.0560083E-02 -1.6361403E-03  1.6659170E-03 -3.3020573E-03
    3160  2.0297774E+03  1.3350242E+00  9.9281908E-01  3.4220513E-01 -1.2965594E-02  7.2166434E-03 -2.0182237E-02 -1.6632078E-03  1.6671783E-03 -3.3303861E-03
    3161  2.0297868E+03  1.3348831E+00  9.9269681E-01  3.4218624E-01 -9.7814109E-03  1.0020402E-02 -1.9801813E-02 -1.6915754E-03  1.6669211E-03 -3.3584964E-03
    3162  2.0297963E+03  1.3347355E+00  9.9256814E-01  3.4216736E-01 -6.5691977E-03  1.2845156E-02 -1.9414354E-02 -1.7181611E-03  1.6680403E-03 -3.3862014E-03
    3163  2.0298057E+03  1.3346024E+00  9.9245304E-01  3.4214941E-01 -3.3655957E-03  1.5666796E-02 -1.9032392E-02 -1.7435202E-03  1.6699103E-03 -3.4134305E-03
    3164  2.0298151E+03  1.3344668E+00  9.9233678E-01  3.4213003E-01 -1.7954291E-04  1.8464418E-02 -1.8643961E-02 -1.7692143E-03  1.6712314E-03 -3.4404457E-03
    3165  2.0298245E+03  1.3343393E+00  9.9222710E-01  3.4211223E-01  3.0297672E-03  2.1282081E-02 -1.8252314E-02 -1.7978702E-03  1.6691288E-03 -3.4669990E-03
    3166  2.0298340E+03  1.3341975E+00  9.9210449E-01  3.4209300E-01  6.2435877E-03  2.4106591E-02 -1.7863003E-02 -1.8180337E-03  1.6751494E-03 -3.4931831E-03
    3167  2.0298434E+03  1.3340834E+00  9.9200789E-01  3.4207552E-01  9.4226132E-03  2.6893683E-02 -1.7471070E-02 -1.8470776E-03  1.6719403E-03 -3.5190179E-03
    3168  2.0298528E+03  1.3339432E+00  9.9188569E-01  3.4205750E-01  1.2650383E-02  2.9724688E-02 -1.7074304E-02 -1.8679277E-03  1.6765269E-03 -3.5444546E-03
    3169  2.0298622E+03  1.3338310E+00  9.9179205E-01  3.4203896E-01  1.5829532E-02  3.2509242E-02 -1.6679710E-02 -1.8927376E-03  1.6767579E-03 -3.5694955E-03
    3170  2.0298717E+03  1.3337053E+00  9.9168378E-01  3.4202155E-01  1.9041042E-02  3.5323711E-02 -1.6282668E-02 -1.9184140E-03  1.6757774E-03 -3.5941914E-03
    3171  2.0298811E+03  1.3335911E+00  9.9158779E-01  3.4200333E-01  2.2227670E-02  3.8110386E-02 -1.5882716E-02 -1.9384263E-03  1.6800959E-03 -3.6185222E-03
    3172  2.0298905E+03  1.3334722E+00  9.9148625E-01  3.4198598E-01  2.5437319E-02  4.0918845E-02 -1.5481526E-02 -1.9634380E-03  1.6789904E-03 -3.6424283E-03
    3173  2.0298999E+03  1.3333651E+00  9.9139683E-01  3.4196825E-01  2.8621561E-02  4.3701970E-02 -1.5080410E-02 -1.9859054E-03  1.6800442E-03 -3.6659496E-03
    3174  2.0299093E+03  1.3332527E+00  9.9130163E-01  3.4195109E-01  3.1820049E-02  4.6496968E-02 -1.4676919E-02 -2.0070655E-03  1.6820660E-03 -3.6891315E-03
    3175  2.0299188E+03  1.3331488E+00  9.9121520E-01  3.4193362E-01  3.5000299E-02  4.9271168E-02 -1.4270869E-02 -2.0289997E-03  1.6829034E-03 -3.7119030E-03
    3176  2.0299282E+03  1.3330427E+00  9.9112566E-01  3.4191707E-01  3.8195222E-02  5.2059310E-02 -1.3864089E-02 -2.0504085E-03  1.6838182E-03 -3.7342267E-03
    3177  2.0299376E+03  1.3329432E+00  9.9104341E-01  3.4189984E-01  4.1372287E-02  5.4828801E-02 -1.3456514E-02 -2.0696478E-03  1.6865412E-03 -3.7561890E-03
    3178  2.0299470E+03  1.3328423E+00  9.9095886E-01  3.4188339E-01  4.4559098E-02  5.7605714E-02 -1.3046616E-02 -2.0922793E-03  1.6854840E-03 -3.7777632E-03
    3179  2.0299565E+03  1.3327567E+00  9.9088946E-01  3.4186719E-01  4.7715855E-02  6.0352672E-02 -1.2636817E-02 -2.1097490E-03  1.6891686E-03 -3.7989176E-03
    3180  2.0299659E+03  1.3326586E+00  9.9080840E-01  3.4185022E-01  5.0908638E-02  6.3132848E-02 -1.2224210E-02 -2.1316076E-03  1.6880468E-03 -3.8196544E-03
    3181  2.0299753E+03  1.3325723E+00  9.9073721E-01  3.4183514E-01  5.4062767E-02  6.5874137E-02 -1.1811371E-02 -2.1491441E-03  1.6908543E-03 -3.8399984E-03
    3182  2.0299847E+03  1.3324863E+00  9.9066747E-01  3.4181887E-01  5.7232955E-02  6.8630192E-02 -1.1397237E-02 -2.1680557E-03  1.6918757E-03 -3.8599314E-03
    3183  2.0299942E+03  1.3324017E+00  9.9059905E-01  3.4180265E-01  6.0383368E-02  7.1365524E-02 -1.0982157E-02 -2.1835972E-03  1.6958686E-03 -3.8794658E-03
    3184  2.0300036E+03  1.3323304E+00  9.9054205E-01  3.4178839E-01  6.3526769E-02  7.4092603E-02 -1.0565835E-02 -2.2054828E-03  1.6930963E-03 -3.8985791E-03
    3185  2.0300130E+03  1.3322445E+00  9.9047276E-01  3.4177175E-01  6.6686839E-02  7.6835644E-02 -1.0148805E-02 -2.2213211E-03  1.6959587E-03 -3.9172797E-03
    3186  2.0300224E+03  1.3321824E+00  9.9042447E-01  3.4175794E-01  6.9809771E-02  7.9539396E-02 -9.7296253E-03 -2.2360886E-03  1.6994931E-03 -3.9355817E-03
    3187  2.0300318E+03  1.3321047E+00  9.9036213E-01  3.4174259E-01  7.2959466E-02  8.2270050E-02 -9.3105839E-03 -2.2565033E-03  1.6969282E-03 -3.9534315E-03
    3188  2.0300413E+03  1.3320445E+00  9.9031597E-01  3.4172857E-01  7.6077386E-02  8.4967658E-02 -8.8902723E-03 -2.2695311E-03  1.7013810E-03 -3.9709121E-03
    3189  2.0300507E+03  1.3319828E+00  9.9026899E-01  3.4171380E-01  7.9184182E-02  8.7652668E-02 -8.4684866E-03 -2.2874995E-03  1.7004314E-03 -3.9879309E-03
    3190  2.0300601E+03  1.3319179E+00  9.9021849E-01  3.4169945E-01  8.2323703E-02  9.0369428E-02 -8.0457245E-03 -2.3007005E-03  1.7038280E-03 -4.0045285E-03
    3191  2.0300695E+03  1.3318710E+00  9.9018455E-01  3.4168645E-01  8.5391131E-02  9.3015314E-02 -7.6241829E-03 -2.3151846E-03  1.7055186E-03 -4.0207032E-03
    3192  2.0300790E+03  1.3318033E+00  9.9013131E-01  3.4167198E-01  8.8531257E-02  9.5730407E-02 -7.1991498E-03 -2.3307867E-03  1.7056679E-03 -4.0364547E-03
    3193  2.0300884E+03  1.3317742E+00  9.9011365E-01  3.4166059E-01  9.1578949E-02  9.8355088E-02 -6.7761399E-03 -2.3423612E-03  1.7093975E-03 -4.0517587E-03
    3194  2.0300978E+03  1.3317134E+00  9.9006745E-01  3.4164600E-01  9.4688041E-02  1.0103801E-01 -6.3499641E-03 -2.3564907E-03  1.7101656E-03 -4.0666563E-03
    3195  2.0301072E+03  1.3316804E+00  9.9004632E-01  3.4163409E-01  9.7739189E-02  1.0366431E-01 -5.9251224E-03 -2.3709956E-03  1.7101152E-03 -4.0811108E-03
    3196  2.0301167E+03  1.3316346E+00  9.9001314E-01  3.4162149E-01  1.0081076E-01  1.0630853E-01 -5.4977756E-03 -2.3809774E-03  1.7141713E-03 -4.0951486E-03
    3197  2.0301261E+03  1.3316028E+00  9.8999314E-01  3.4160964E-01  1.0387003E-01  1.0894106E-01 -5.0710381E-03 -2.3947671E-03  1.7139685E-03 -4.1087356E-03
    3198  2.0301355E+03  1.3315759E+00  9.8997891E-01  3.4159703E-01  1.0688351E-01  1.1152880E-01 -4.6452946E-03 -2.4067536E-03  1.7151448E-03 -4.1218985E-03
    3199  2.0301449E+03  1.3315389E+00  9.8995346E-01  3.4158542E-01  1.0994809E-01  1.1416283E-01 -4.2147396E-03 -2.4159511E-03  1.7186760E-03 -4.1346271E-03
    3200  2.0301544E+03  1.3315181E+00  9.8994352E-01  3.4157459E-01  1.1295940E-01  1.1674755E-01 -3.7881484E-03 -2.4279251E-03  1.7189606E-03 -4.1468857E-03
    3201  2.0301638E+03  1.3315040E+00  9.8994061E-01  3.4156335E-01  1.1595468E-01  1.1931424E-01 -3.3595540E-03 -2.4382819E-03  1.7204550E-03 -4.1587369E-03
    3202  2.0301732E+03  1.3314754E+00  9.8992183E-01  3.4155354E-01  1.1897946E-01  1.2190832E-01 -2.9288557E-03 -2.4490202E-03  1.7211188E-03 -4.1701390E-03
    3203  2.0301826E+03  1.3314703E+00  9.8992681E-01  3.4154353E-01  1.2196058E-01  1.2446203E-01 -2.5014565E-03 -2.4540657E-03  1.7270356E-03 -4.1811014E-03
    3204  2.0301920E+03  1.3314564E+00  9.8992353E-01  3.4153282E-01  1.2492899E-01  1.2699962E-01 -2.0706327E-03 -2.4678814E-03  1.7237326E-03 -4.1916139E-03
    3205  2.0302015E+03  1.3314495E+00  9.8992557E-01  3.4152394E-01  1.2789994E-01  1.2954008E-01 -1.6401361E-03 -2.4742819E-03  1.7274122E-03 -4.2016941E-03
    3206  2.0302109E+03  1.3314450E+00  9.8993115E-01  3.4151380E-01  1.3085672E-01  1.3206792E-01 -1.2112057E-03 -2.4816237E-03  1.7296970E-03 -4.2113207E-03
    3207  2.0302203E+03  1.3314474E+00  9.8994209E-01  3.4150536E-01  1.3380130E-01  1.3458169E-01 -7.8039276E-04 -2.4890685E-03  1.7314320E-03 -4.2205005E-03
    3208  2.0302297E+03  1.3314518E+00  9.8995505E-01  3.4149678E-01  1.3671477E-01  1.3706503E-01 -3.5026638E-04 -2.4975922E-03  1.7316380E-03 -4.2292301E-03
    3209  2.0302392E+03  1.3314562E+00  9.8996788E-01  3.4148832E-01  1.3964770E-01  1.3956736E-01  8.0338987E-05 -2.5021876E-03  1.7353184E-03 -4.2375060E-03
    3210  2.0302486E+03  1.3314711E+00  9.8999014E-01  3.4148095E-01  1.4254271E-01  1.4203258E-01  5.1012970E-04 -2.5072193E-03  1.7381100E-03 -4.2453293E-03
    3211  2.0302580E+03  1.3314814E+00  9.9000942E-01  3.4147200E-01  1.4543293E-01  1.4449125E-01  9.4168522E-04 -2.5146057E-03  1.7380906E-03 -4.2526963E-03
    3212  2.0302674E+03  1.3315051E+00  9.9003970E-01  3.4146541E-01  1.4830399E-01  1.4693216E-01  1.3718301E-03 -2.5185622E-03  1.7410427E-03 -4.2596049E-03
    3213  2.0302769E+03  1.3315242E+00  9.9006567E-01  3.4145858E-01  1.5116574E-01  1.4936343E-01  1.8023110E-03 -2.5232196E-03  1.7428439E-03 -4.2660635E-03
    3214  2.0302863E+03  1.3315431E+00  9.9009215E-01  3.4145095E-01  1.5401873E-01  1.5178666E-01  2.2320691E-03 -2.5298526E-03  1.7422235E-03 -4.2720761E-03
    3215  2.0302957E+03  1.3315784E+00  9.9013168E-01  3.4144670E-01  1.5684469E-01  1.5418288E-01  2.6618094E-03 -2.5314342E-03  1.7462011E-03 -4.2776353E-03
    3216  2.0303051E+03  1.3316100E+00  9.9016986E-01  3.4144011E-01  1.5966284E-01  1.5657122E-01  3.0916200E-03 -2.5355143E-03  1.7472242E-03 -4.2827386E-03
    3217  2.0303145E+03  1.3316497E+00  9.9021559E-01  3.4143407E-01  1.6245803E-01  1.5893703E-01  3.5209953E-03 -2.5373068E-03  1.7500849E-03 -4.2873917E-03
    3218  2.0303240E+03  1.3316801E+00  9.9025120E-01  3.4142892E-01  1.6525443E-01  1.6130364E-01  3.9507962E-03 -2.5414982E-03  1.7501094E-03 -4.2916076E-03
    3219  2.0303334E+03  1.3317261E+00  9.9030138E-01  3.4142468E-01  1.6801907E-01  1.6364017E-01  4.3789032E-03 -2.5420219E-03  1.7533318E-03 -4.2953536E-03
    3220  2.0303428E+03  1.3317746E+00  9.9035443E-01  3.4142014E-01  1.7077377E-01  1.6596642E-01  4.8073533E-03 -2.5442480E-03  1.7543897E-03 -4.2986378E-03
    3221  2.0303522E+03  1.3318193E+00  9.9040376E-01  3.4141553E-01  1.7352116E-01  1.6828535E-01  5.2358046E-03 -2.5457460E-03  1.7557123E-03 -4.3014583E-03
    3222  2.0303617E+03  1.3318794E+00  9.9046674E-01  3.4141263E-01  1.7622171E-01  1.7055950E-01  5.6622069E-03 -2.5440004E-03  1.7598342E-03 -4.3038346E-03
    3223  2.0303711E+03  1.3319276E+00  9.9051934E-01  3.4140830E-01  1.7893900E-01  1.7284801E-01  6.0909980E-03 -2.5454046E-03  1.7603321E-03 -4.3057367E-03
    3224  2.0303805E+03  1.3319924E+00  9.9058668E-01  3.4140574E-01  1.8161732E-01  1.7510086E-01  6.5164618E-03 -2.5441035E-03  1.7630851E-03 -4.3071886E-03
    3225  2.0303899E+03  1.3320553E+00  9.9065205E-01  3.4140329E-01  1.8429480E-01  1.7735254E-01  6.9422669E-03 -2.5454647E-03  1.7627018E-03 -4.3081665E-03
    3226  2.0303994E+03  1.3321198E+00  9.9071924E-01  3.4140054E-01  1.8693176E-01  1.7956464E-01  7.3671135E-03 -2.5387816E-03  1.7699001E-03 -4.3086817E-03
    3227  2.0304088E+03  1.3321896E+00  9.9079040E-01  3.4139924E-01  1.8958752E-01  1.8179526E-01  7.7922585E-03 -2.5387168E-03  1.7700194E-03 -4.3087362E-03
    3228  2.0304182E+03  1.3322621E+00  9.9086431E-01  3.4139778E-01  1.9218181E-01  1.8396612E-01  8.2156883E-03 -2.5373433E-03  1.7709816E-03 -4.3083248E-03
    3229  2.0304276E+03  1.3323377E+00  9.9094133E-01  3.4139634E-01  1.9479051E-01  1.8615221E-01  8.6383013E-03 -2.5335725E-03  1.7738806E-03 -4.3074531E-03
    3230  2.0304370E+03  1.3324177E+00  9.9102183E-01  3.4139591E-01  1.9736856E-01  1.8830743E-01  9.0611356E-03 -2.5311304E-03  1.7750264E-03 -4.3061569E-03
    3231  2.0304465E+03  1.3325018E+00  9.9110610E-01  3.4139572E-01  1.9991853E-01  1.9043679E-01  9.4817397E-03 -2.5288408E-03  1.7755347E-03 -4.3043754E-03
    3232  2.0304559E+03  1.3325877E+00  9.9119223E-01  3.4139547E-01  2.0246692E-01  1.9256499E-01  9.9019245E-03 -2.5218788E-03  1.7802614E-03 -4.3021402E-03
    3233  2.0304653E+03  1.3326728E+00  9.9127652E-01  3.4139625E-01  2.0497871E-01  1.9465756E-01  1.0321149E-02 -2.5190330E-03  1.7804301E-03 -4.2994631E-03
    3234  2.0304747E+03  1.3327667E+00  9.9136996E-01  3.4139675E-01  2.0748181E-01  1.9674170E-01  1.0740107E-02 -2.5131778E-03  1.7831381E-03 -4.2963159E-03
    3235  2.0304842E+03  1.3328609E+00  9.9146283E-01  3.4139807E-01  2.0996123E-01  1.9880395E-01  1.1157285E-02 -2.5073262E-03  1.7853710E-03 -4.2926972E-03
    3236  2.0304936E+03  1.3329572E+00  9.9155761E-01  3.4139956E-01  2.1243788E-01  2.0086391E-01  1.1573977E-02 -2.5022026E-03  1.7864279E-03 -4.2886304E-03
    3237  2.0305030E+03  1.3330642E+00  9.9166284E-01  3.4140133E-01  2.1482805E-01  2.0283951E-01  1.1988538E-02 -2.4953120E-03  1.7887960E-03 -4.2841080E-03
    3238  2.0305124E+03  1.3331617E+00  9.9175839E-01  3.4140330E-01  2.1729935E-01  2.0489451E-01  1.2404834E-02 -2.4876345E-03  1.7914672E-03 -4.2791018E-03
    3239  2.0305219E+03  1.3332682E+00  9.9186209E-01  3.4140607E-01  2.1968517E-01  2.0686924E-01  1.2815929E-02 -2.4796249E-03  1.7940355E-03 -4.2736604E-03
    3240  2.0305313E+03  1.3333877E+00  9.9197885E-01  3.4140888E-01  2.2201359E-01  2.0878554E-01  1.3228053E-02 -2.4742167E-03  1.7935210E-03 -4.2677377E-03
    3241  2.0305407E+03  1.3334845E+00  9.9207240E-01  3.4141208E-01  2.2443639E-01  2.1079531E-01  1.3641086E-02 -2.4623803E-03  1.7989673E-03 -4.2613475E-03
    3242  2.0305501E+03  1.3336087E+00  9.9219207E-01  3.4141663E-01  2.2673802E-01  2.1269149E-01  1.4046526E-02 -2.4548231E-03  1.7997060E-03 -4.2545291E-03
    3243  2.0305596E+03  1.3337251E+00  9.9230540E-01  3.4141969E-01  2.2902104E-01  2.1456504E-01  1.4455993E-02 -2.4452432E-03  1.8019982E-03 -4.2472414E-03
    3244  2.0305690E+03  1.3338446E+00  9.9241990E-01  3.4142473E-01  2.3135130E-01  2.1648808E-01  1.4863220E-02 -2.4330036E-03  1.8064845E-03 -4.2394881E-03
    3245  2.0305784E+03  1.3339669E+00  9.9253692E-01  3.4143003E-01  2.3359654E-01  2.1833068E-01  1.5265859E-02 -2.4272897E-03  1.8040250E-03 -4.2313148E-03
    3246  2.0305878E+03  1.3340968E+00  9.9266142E-01  3.4143537E-01  2.3584546E-01  2.2017582E-01  1.5669641E-02 -2.4110196E-03  1.8116600E-03 -4.2226796E-03
    3247  2.0305972E+03  1.3342223E+00  9.9278219E-01  3.4144007E-01  2.3804982E-01  2.2197625E-01  1.6073577E-02 -2.4035304E-03  1.8100176E-03 -4.2135480E-03
    3248  2.0306067E+03  1.3343508E+00  9.9290499E-01  3.4144577E-01  2.4026339E-01  2.2378914E-01  1.6474253E-02 -2.3913982E-03  1.8125359E-03 -4.2039340E-03
    3249  2.0306161E+03  1.3344846E+00  9.9303162E-01  3.4145297E-01  2.4244145E-01  2.2556922E-01  1.6872230E-02 -2.3753599E-03  1.8185745E-03 -4.1939344E-03
    3250  2.0306255E+03  1.3346220E+00  9.9316243E-01  3.4145960E-01  2.4457392E-01  2.2730487E-01  1.7269055E-02 -2.3685136E-03  1.8149920E-03 -4.1835056E-03
    3251  2.0306349E+03  1.3347567E+00  9.9329087E-01  3.4146582E-01  2.4670743E-01  2.2904279E-01  1.7664641E-02 -2.3539905E-03  1.8185883E-03 -4.1725788E-03
    3252  2.0306444E+03  1.3348996E+00  9.9342538E-01  3.4147420E-01  2.4880616E-01  2.3074705E-01  1.8059118E-02 -2.3375716E-03  1.8236494E-03 -4.1612209E-03
    3253  2.0306538E+03  1.3350390E+00  9.9355835E-01  3.4148070E-01  2.5089477E-01  2.3244301E-01  1.8451765E-02 -2.3272433E-03  1.8221621E-03 -4.1494054E-03
    3254  2.0306632E+03  1.3351894E+00  9.9369970E-01  3.4148966E-01  2.5292858E-01  2.3408748E-01  1.8841099E-02 -2.3116411E-03  1.8254986E-03 -4.1371397E-03
    3255  2.0306726E+03  1.3353272E+00  9.9382988E-01  3.4149733E-01  2.5497427E-01  2.3574442E-01  1.9229849E-02 -2.2962432E-03  1.8282008E-03 -4.1244441E-03
    3256  2.0306821E+03  1.3354810E+00  9.9397424E-01  3.4150672E-01  2.5697195E-01  2.3735592E-01  1.9616029E-02 -2.2818918E-03  1.8294187E-03 -4.1113105E-03
    3257  2.0306915E+03  1.3356298E+00  9.9411427E-01  3.4151551E-01  2.5894279E-01  2.3894195E-01  2.0000839E-02 -2.2648675E-03  1.8328657E-03 -4.0977333E-03
    3258  2.0307009E+03  1.3357837E+00  9.9425940E-01  3.4152427E-01  2.6089904E-01  2.4051502E-01  2.0384024E-02 -2.2485722E-03  1.8351031E-03 -4.0836754E-03
    3259  2.0307103E+03  1.3359343E+00  9.9439984E-01  3.4153448E-01  2.6284305E-01  2.4207791E-01  2.0765144E-02 -2.2311478E-03  1.8380313E-03 -4.0691791E-03
    3260  2.0307197E+03  1.3360958E+00  9.9455113E-01  3.4154469E-01  2.6472605E-01  2.4358265E-01  2.1143394E-02 -2.2144134E-03  1.8398607E-03 -4.0542741E-03
    3261  2.0307292E+03  1.3362512E+00  9.9469675E-01  3.4155448E-01  2.6660442E-01  2.4508380E-01  2.1520621E-02 -2.1988196E-03  1.8400772E-03 -4.0388968E-03
    3262  2.0307386E+03  1.3364092E+00  9.9484423E-01  3.4156500E-01  2.6847502E-01  2.4657837E-01  2.1896653E-02 -2.1778416E-03  1.8452436E-03 -4.0230853E-03
    3263  2.0307480E+03  1.3365724E+00  9.9499603E-01  3.4157633E-01  2.7025018E-01  2.4798202E-01  2.2268159E-02 -2.1608349E-03  1.8460008E-03 -4.0068357E-03
    3264  2.0307574E+03  1.3367344E+00  9.9514676E-01  3.4158767E-01  2.7210957E-01  2.4946941E-01  2.2640155E-02 -2.1403829E-03  1.8497866E-03 -3.9901695E-03
    3265  2.0307669E+03  1.3368955E+00  9.9529708E-01  3.4159847E-01  2.7387151E-01  2.5086360E-01  2.3007917E-02 -2.1248375E-03  1.8482197E-03 -3.9730572E-03
    3266  2.0307763E+03  1.3370670E+00  9.9545590E-01  3.4161107E-01  2.7552286E-01  2.5215098E-01  2.3371878E-02 -2.1000566E-03  1.8554461E-03 -3.9555027E-03
    3267  2.0307857E+03  1.3372304E+00  9.9560738E-01  3.4162303E-01  2.7736617E-01  2.5362613E-01  2.3740039E-02 -2.0822532E-03  1.8552812E-03 -3.9375344E-03
    3268  2.0307951E+03  1.3373984E+00  9.9576334E-01  3.4163507E-01  2.7898149E-01  2.5488425E-01  2.4097245E-02 -2.0638652E-03  1.8552890E-03 -3.9191543E-03
    3269  2.0308046E+03  1.3375707E+00  9.9592263E-01  3.4164808E-01  2.8069048E-01  2.5623180E-01  2.4458683E-02 -2.0408471E-03  1.8594847E-03 -3.9003318E-03
    3270  2.0308140E+03  1.3377372E+00  9.9607577E-01  3.4166148E-01  2.8228675E-01  2.5747487E-01  2.4811883E-02 -2.0174988E-03  1.8636159E-03 -3.8811147E-03
    3271  2.0308234E+03  1.3379149E+00  9.9624165E-01  3.4167325E-01  2.8390233E-01  2.5873400E-01  2.5168330E-02 -1.9989992E-03  1.8624892E-03 -3.8614884E-03
    3272  2.0308328E+03  1.3380805E+00  9.9639267E-01  3.4168781E-01  2.8550172E-01  2.5997893E-01  2.5522794E-02 -1.9749851E-03  1.8663705E-03 -3.8413556E-03
    3273  2.0308422E+03  1.3382604E+00  9.9655888E-01  3.4170153E-01  2.8704555E-01  2.6117585E-01  2.5869693E-02 -1.9521241E-03  1.8687044E-03 -3.8208284E-03
    3274  2.0308517E+03  1.3384337E+00  9.9671839E-01  3.4171535E-01  2.8856506E-01  2.6234797E-01  2.6217087E-02 -1.9284627E-03  1.8714875E-03 -3.7999502E-03
    3275  2.0308611E+03  1.3386076E+00  9.9687810E-01  3.4172949E-01  2.9004855E-01  2.6348500E-01  2.6563551E-02 -1.9076096E-03  1.8709714E-03 -3.7785809E-03
    3276  2.0308705E+03  1.3387875E+00  9.9704332E-01  3.4174420E-01  2.9155936E-01  2.6465414E-01  2.6905221E-02 -1.8796200E-03  1.8771704E-03 -3.7567905E-03
    3277  2.0308799E+03  1.3389583E+00  9.9719972E-01  3.4175859E-01  2.9295318E-01  2.6571188E-01  2.7241304E-02 -1.8568339E-03  1.8778238E-03 -3.7346577E-03
    3278  2.0308894E+03  1.3391465E+00  9.9737231E-01  3.4177423E-01  2.9438235E-01  2.6679911E-01  2.7583240E-02 -1.8333101E-03  1.8788043E-03 -3.7121145E-03
    3279  2.0308988E+03  1.3393129E+00  9.9752420E-01  3.4178873E-01  2.9576633E-01  2.6785214E-01  2.7914184E-02 -1.8071747E-03  1.8818900E-03 -3.6890647E-03
    3280  2.0309082E+03  1.3395011E+00  9.9769647E-01  3.4180466E-01  2.9711881E-01  2.6887593E-01  2.8242874E-02 -1.7797616E-03  1.8859424E-03 -3.6657040E-03
    3281  2.0309176E+03  1.3396744E+00  9.9785447E-01  3.4181990E-01  2.9843938E-01  2.6986677E-01  2.8572613E-02 -1.7562408E-03  1.8857296E-03 -3.6419704E-03
    3282  2.0309271E+03  1.3398605E+00  9.9802407E-01  3.4183644E-01  2.9973743E-01  2.7083988E-01  2.8897549E-02 -1.7284260E-03  1.8893239E-03 -3.6177499E-03
    3283  2.0309365E+03  1.3400330E+00  9.9818088E-01  3.4185212E-01  3.0100587E-01  2.7178335E-01  2.9222520E-02 -1.6994173E-03  1.8937423E-03 -3.5931596E-03
    3284  2.0309459E+03  1.3402136E+00  9.9834587E-01  3.4186775E-01  3.0224313E-01  2.7270135E-01  2.9541782E-02 -1.6738324E-03  1.8943245E-03 -3.5681569E-03
    3285  2.0309553E+03  1.3404029E+00  9.9851816E-01  3.4188476E-01  3.0343284E-01  2.7357520E-01  2.9857634E-02 -1.6481219E-03  1.8947029E-03 -3.5428248E-03
    3286  2.0309647E+03  1.3405748E+00  9.9867291E-01  3.4190188E-01  3.0462417E-01  2.7445139E-01  3.0172781E-02 -1.6188187E-03  1.8982583E-03 -3.5170770E-03
    3287  2.0309742E+03  1.3407611E+00  9.9884332E-01  3.4191778E-01  3.0576990E-01  2.7528496E-01  3.0484938E-02 -1.5910682E-03  1.8998577E-03 -3.4909259E-03
    3288  2.0309836E+03  1.3409352E+00  9.9899981E-01  3.4193543E-01  3.0688846E-01  2.7609418E-01  3.0794285E-02 -1.5633052E-03  1.9010933E-03 -3.4643985E-03
    3289  2.0309930E+03  1.3411208E+00  9.9916859E-01  3.4195224E-01  3.0797561E-01  2.7687707E-01  3.1098542E-02 -1.5344853E-03  1.9030154E-03 -3.4375006E-03
    3290  2.0310024E+03  1.3412985E+00  9.9932852E-01  3.4196998E-01  3.0903392E-01  2.7763290E-01  3.1401014E-02 -1.5034239E-03  1.9068087E-03 -3.4102326E-03
    3291  2.0310119E+03  1.3414801E+00  9.9949322E-01  3.4198692E-01  3.1005899E-01  2.7835882E-01  3.1700173E-02 -1.4746656E-03  1.9079127E-03 -3.3825784E-03
    3292  2.0310213E+03  1.3416562E+00  9.9965131E-01  3.4200489E-01  3.1105822E-01  2.7906204E-01  3.1996188E-02 -1.4420390E-03  1.9124911E-03 -3.3545301E-03
    3293  2.0310307E+03  1.3418417E+00  9.9981905E-01  3.4202268E-01  3.1202713E-01  2.7973795E-01  3.2289183E-02 -1.4121419E-03  1.9139668E-03 -3.3261087E-03
    3294  2.0310401E+03  1.3420126E+00  9.9997231E-01  3.4204034E-01  3.1295729E-01  2.8037887E-01  3.2578415E-02 -1.3804971E-03  1.9168269E-03 -3.2973240E-03
    3295  2.0310496E+03  1.3421959E+00  1.0001371E+00  3.4205878E-01  3.1389283E-01  2.8102755E-01  3.2865281E-02 -1.3495734E-03  1.9185996E-03 -3.2681730E-03
    3296  2.0310590E+03  1.3423732E+00  1.0002965E+00  3.4207665E-01  3.1473582E-01  2.8158857E-01  3.3147251E-02 -1.3171246E-03  1.9215641E-03 -3.2386887E-03
    3297  2.0310684E+03  1.3425499E+00  1.0004552E+00  3.4209471E-01  3.1557844E-01  2.8215016E-01  3.3428279E-02 -1.2866896E-03  1.9221547E-03 -3.2088443E-03
    3298  2.0310778E+03  1.3427242E+00  1.0006107E+00  3.4211346E-01  3.1640893E-01  2.8270386E-01  3.3705069E-02 -1.2532109E-03  1.9254216E-03 -3.1786325E-03
    3299  2.0310873E+03  1.3429014E+00  1.0007696E+00  3.4213172E-01  3.1720883E-01  2.8322910E-01  3.3979727E-02 -1.2212122E-03  1.9268546E-03 -3.1480668E-03
    3300  2.0310967E+03  1.3430754E+00  1.0009253E+00  3.4215013E-01  3.1789580E-01  2.8364536E-01  3.4250444E-02 -1.1884856E-03  1.9286535E-03 -3.1171390E-03
    3301  2.0311061E+03  1.3432515E+00  1.0010827E+00  3.4216876E-01  3.1869622E-01  2.8417730E-01  3.4518925E-02 -1.1556302E-03  1.9302141E-03 -3.0858443E-03
    3302  2.0311155E+03  1.3434172E+00  1.0012303E+00  3.4218688E-01  3.1935135E-01  2.8457005E-01  3.4781301E-02 -1.1188669E-03  1.9354125E-03 -3.0542795E-03
    3303  2.0311249E+03  1.3435979E+00  1.0013908E+00  3.4220710E-01  3.2000186E-01  2.8495963E-01  3.5042229E-02 -1.0865584E-03  1.9357299E-03 -3.0222882E-03
    3304  2.0311344E+03  1.3437618E+00  1.0015369E+00  3.4222487E-01  3.2063332E-01  2.8533564E-01  3.5297683E-02 -1.0548607E-03  1.9351545E-03 -2.9900152E-03
    3305  2.0311438E+03  1.3439328E+00  1.0016890E+00  3.4224379E-01  3.2126168E-01  2.8570554E-01  3.5556142E-02 -1.0186571E-03  1.9387524E-03 -2.9574095E-03
    3306  2.0311532E+03  1.3441021E+00  1.0018388E+00  3.4226334E-01  3.2176787E-01  2.8596510E-01  3.5802778E-02 -9.7733254E-04  1.9470475E-03 -2.9243801E-03
    3307  2.0311626E+03  1.3442668E+00  1.0019847E+00  3.4228208E-01  3.2237127E-01  2.8632497E-01  3.6046304E-02 -9.4885762E-04  1.9422818E-03 -2.8911395E-03
    3308  2.0311721E+03  1.3444338E+00  1.0021327E+00  3.4230106E-01  3.2283413E-01  2.8654320E-01  3.6290928E-02 -9.1264406E-04  1.9449748E-03 -2.8576189E-03
    3309  2.0311815E+03  1.3445943E+00  1.0022742E+00  3.4232015E-01  3.2329582E-01  2.8676252E-01  3.6533296E-02 -8.7161638E-04  1.9520025E-03 -2.8236189E-03
    3310  2.0311909E+03  1.3447608E+00  1.0024219E+00  3.4233890E-01  3.2378426E-01  2.8701785E-01  3.6766415E-02 -8.3986355E-04  1.9494827E-03 -2.7893463E-03
    3311  2.0312003E+03  1.3449166E+00  1.0025590E+00  3.4235764E-01  3.2411932E-01  2.8712562E-01  3.6993697E-02 -8.0193874E-04  1.9529639E-03 -2.7549026E-03
    3312  2.0312098E+03  1.3450807E+00  1.0027031E+00  3.4237759E-01  3.2458168E-01  2.8735053E-01  3.7231149E-02 -7.6603925E-04  1.9540581E-03 -2.7200974E-03
    3313  2.0312192E+03  1.3452338E+00  1.0028373E+00  3.4239648E-01  3.2485493E-01  2.8740241E-01  3.7452519E-02 -7.2713973E-04  1.9576951E-03 -2.6848348E-03
    3314  2.0312286E+03  1.3453953E+00  1.0029799E+00  3.4241537E-01  3.2523122E-01  2.8755389E-01  3.7677335E-02 -6.8945589E-04  1.9598976E-03 -2.6493535E-03
    3315  2.0312380E+03  1.3455421E+00  1.0031078E+00  3.4243436E-01  3.2547589E-01  2.8758324E-01  3.7892650E-02 -6.5225882E-04  1.9613241E-03 -2.6135829E-03
    3316  2.0312474E+03  1.3456975E+00  1.0032444E+00  3.4245313E-01  3.2574152E-01  2.8763330E-01  3.8108222E-02 -6.1195447E-04  1.9655860E-03 -2.5775405E-03
    3317  2.0312569E+03  1.3458439E+00  1.0033713E+00  3.4247261E-01  3.2594648E-01  2.8762790E-01  3.8318581E-02 -5.7602794E-04  1.9651313E-03 -2.5411592E-03
    3318  2.0312663E+03  1.3459995E+00  1.0035082E+00  3.4249133E-01  3.2616219E-01  2.8763613E-01  3.8526056E-02 -5.3669290E-04  1.9677875E-03 -2.5044804E-03
    3319  2.0312757E+03  1.3461394E+00  1.0036295E+00  3.4250985E-01  3.2630968E-01  2.8758092E-01  3.8728754E-02 -4.9527216E-04  1.9722805E-03 -2.4675527E-03
    3320  2.0312851E+03  1.3462795E+00  1.0037504E+00  3.4252909E-01  3.2640091E-01  2.8747318E-01  3.8927737E-02 -4.5989287E-04  1.9704147E-03 -2.4303075E-03
    3321  2.0312946E+03  1.3464335E+00  1.0038851E+00  3.4254846E-01  3.2655771E-01  2.8743057E-01  3.9127140E-02 -4.1915316E-04  1.9736465E-03 -2.3927997E-03
    3322  2.0313040E+03  1.3465603E+00  1.0039947E+00  3.4256560E-01  3.2657323E-01  2.8726152E-01  3.9311707E-02 -3.7850468E-04  1.9765442E-03 -2.3550488E-03
    3323  2.0313134E+03  1.3467035E+00  1.0041180E+00  3.4258547E-01  3.2661851E-01  2.8711479E-01  3.9503719E-02 -3.3879780E-04  1.9782777E-03 -2.3170755E-03
    3324  2.0313228E+03  1.3468388E+00  1.0042356E+00  3.4260316E-01  3.2661476E-01  2.8692965E-01  3.9685103E-02 -2.9771099E-04  1.9809896E-03 -2.2787006E-03
    3325  2.0313323E+03  1.3469680E+00  1.0043466E+00  3.4262142E-01  3.2658359E-01  2.8671572E-01  3.9867865E-02 -2.6041089E-04  1.9797747E-03 -2.2401856E-03
    3326  2.0313417E+03  1.3470976E+00  1.0044562E+00  3.4264139E-01  3.2651659E-01  2.8646964E-01  4.0046954E-02 -2.1527453E-04  1.9860171E-03 -2.2012916E-03
    3327  2.0313511E+03  1.3472298E+00  1.0045710E+00  3.4265884E-01  3.2644122E-01  2.8622423E-01  4.0216993E-02 -1.7786146E-04  1.9843459E-03 -2.1622073E-03
    3328  2.0313605E+03  1.3473506E+00  1.0046741E+00  3.4267650E-01  3.2628713E-01  2.8590329E-01  4.0383836E-02 -1.3421713E-04  1.9887387E-03 -2.1229558E-03
    3329  2.0313699E+03  1.3474757E+00  1.0047808E+00  3.4269498E-01  3.2615695E-01  2.8560514E-01  4.0551812E-02 -9.4141876E-05  1.9892363E-03 -2.0833781E-03
    3330  2.0313794E+03  1.3475947E+00  1.0048820E+00  3.4271277E-01  3.2593240E-01  2.8522081E-01  4.0711583E-02 -5.0925618E-05  1.9926202E-03 -2.0435459E-03
    3331  2.0313888E+03  1.3477091E+00  1.0049788E+00  3.4273031E-01  3.2573527E-01  2.8486988E-01  4.0865394E-02 -9.8036186E-06  1.9936757E-03 -2.0034794E-03
    3332  2.0313982E+03  1.3478265E+00  1.0050786E+00  3.4274787E-01  3.2547300E-01  2.8445177E-01  4.1021229E-02  3.4431062E-05  1.9976455E-03 -1.9632145E-03
    3333  2.0314076E+03  1.3479393E+00  1.0051742E+00  3.4276515E-01  3.2520179E-01  2.8403462E-01  4.1167175E-02  7.6014402E-05  1.9986418E-03 -1.9226274E-03
    3334  2.0314171E+03  1.3480402E+00  1.0052577E+00  3.4278249E-01  3.2485549E-01  2.8354300E-01  4.1312492E-02  1.1737745E-04  1.9992867E-03 -1.8819092E-03
    3335  2.0314265E+03  1.3481567E+00  1.0053561E+00  3.4280060E-01  3.2457552E-01  2.8311802E-01  4.1457505E-02  1.6216259E-04  2.0030834E-03 -1.8409208E-03
    3336  2.0314359E+03  1.3482526E+00  1.0054360E+00  3.4281663E-01  3.2411659E-01  2.8252587E-01  4.1590727E-02  2.0608403E-04  2.0057955E-03 -1.7997114E-03
    3337  2.0314453E+03  1.3483583E+00  1.0055237E+00  3.4283456E-01  3.2375532E-01  2.8202747E-01  4.1727850E-02  2.4707731E-04  2.0053700E-03 -1.7582927E-03
    3338  2.0314548E+03  1.3484522E+00  1.0056017E+00  3.4285046E-01  3.2331807E-01  2.8146432E-01  4.1853746E-02  2.8881762E-04  2.0054901E-03 -1.7166725E-03
    3339  2.0314642E+03  1.3485445E+00  1.0056776E+00  3.4286690E-01  3.2281127E-01  2.8083300E-01  4.1978267E-02  3.3720689E-04  2.0120835E-03 -1.6748766E-03
    3340  2.0314736E+03  1.3486396E+00  1.0057565E+00  3.4288311E-01  3.2234871E-01  2.8024774E-01  4.2100966E-02  3.7709813E-04  2.0099287E-03 -1.6328306E-03
    3341  2.0314830E+03  1.3487242E+00  1.0058256E+00  3.4289863E-01  3.2179674E-01  2.7958189E-01  4.2214845E-02  4.2174249E-04  2.0123845E-03 -1.5906420E-03
    3342  2.0314925E+03  1.3488168E+00  1.0059005E+00  3.4291633E-01  3.2124161E-01  2.7890905E-01  4.2332563E-02  4.6555306E-04  2.0137665E-03 -1.5482134E-03
    3343  2.0315019E+03  1.3488866E+00  1.0059563E+00  3.4293028E-01  3.2062238E-01  2.7818565E-01  4.2436731E-02  5.1307586E-04  2.0186519E-03 -1.5055760E-03
    3344  2.0315113E+03  1.3489761E+00  1.0060303E+00  3.4294571E-01  3.2002344E-01  2.7748692E-01  4.2536523E-02  5.5589226E-04  2.0187392E-03 -1.4628470E-03
    3345  2.0315207E+03  1.3490476E+00  1.0060862E+00  3.4296149E-01  3.1936339E-01  2.7672010E-01  4.2643290E-02  6.0017182E-04  2.0201295E-03 -1.4199577E-03
    3346  2.0315301E+03  1.3491142E+00  1.0061380E+00  3.4297620E-01  3.1864866E-01  2.7591108E-01  4.2737573E-02  6.4536310E-04  2.0220601E-03 -1.3766970E-03
    3347  2.0315396E+03  1.3491922E+00  1.0062008E+00  3.4299141E-01  3.1797011E-01  2.7514093E-01  4.2829178E-02  6.9255610E-04  2.0259283E-03 -1.3333722E-03
    3348  2.0315490E+03  1.3492586E+00  1.0062527E+00  3.4300597E-01  3.1721685E-01  2.7429722E-01  4.2919623E-02  7.3841377E-04  2.0283413E-03 -1.2899276E-03
    3349  2.0315584E+03  1.3493061E+00  1.0062864E+00  3.4301978E-01  3.1639192E-01  2.7338956E-01  4.3002354E-02  7.8001203E-04  2.0262430E-03 -1.2462309E-03
    3350  2.0315678E+03  1.3493850E+00  1.0063507E+00  3.4303426E-01  3.1565920E-01  2.7257667E-01  4.3082529E-02  8.2720272E-04  2.0296401E-03 -1.2024374E-03
    3351  2.0315773E+03  1.3494229E+00  1.0063751E+00  3.4304776E-01  3.1473272E-01  2.7157468E-01  4.3158034E-02  8.7174031E-04  2.0302673E-03 -1.1585270E-03
    3352  2.0315867E+03  1.3494971E+00  1.0064348E+00  3.4306229E-01  3.1395876E-01  2.7072494E-01  4.3233823E-02  9.1793003E-04  2.0322557E-03 -1.1143257E-03
    3353  2.0315961E+03  1.3495224E+00  1.0064493E+00  3.4307310E-01  3.1299194E-01  2.6970235E-01  4.3289583E-02  9.6628791E-04  2.0363560E-03 -1.0700681E-03
    3354  2.0316055E+03  1.3495840E+00  1.0064960E+00  3.4308802E-01  3.1208555E-01  2.6872551E-01  4.3360039E-02  1.0091351E-03  2.0349585E-03 -1.0258234E-03
    3355  2.0316150E+03  1.3496165E+00  1.0065164E+00  3.4310014E-01  3.1112189E-01  2.6770396E-01  4.3417938E-02  1.0557482E-03  2.0369360E-03 -9.8118781E-04
    3356  2.0316244E+03  1.3496646E+00  1.0065526E+00  3.4311199E-01  3.1014201E-01  2.6667355E-01  4.3468452E-02  1.1031494E-03  2.0396593E-03 -9.3650987E-04
    3357  2.0316338E+03  1.3496916E+00  1.0065667E+00  3.4312487E-01  3.0911263E-01  2.6559092E-01  4.3521716E-02  1.1499936E-03  2.0418011E-03 -8.9180756E-04
    3358  2.0316432E+03  1.3497267E+00  1.0065909E+00  3.4313583E-01  3.0806604E-01  2.6449904E-01  4.3566994E-02  1.1961746E-03  2.0430101E-03 -8.4683553E-04
    3359  2.0316526E+03  1.3497578E+00  1.0066095E+00  3.4314829E-01  3.0700091E-01  2.6339001E-01  4.3610897E-02  1.2410955E-03  2.0428735E-03 -8.0177795E-04
    3360  2.0316621E+03  1.3497769E+00  1.0066177E+00  3.4315919E-01  3.0588485E-01  2.6223447E-01  4.3650375E-02  1.2918645E-03  2.0484849E-03 -7.5662032E-04
    3361  2.0316715E+03  1.3498052E+00  1.0066350E+00  3.4317020E-01  3.0476338E-01  2.6108170E-01  4.3681686E-02  1.3344491E-03  2.0457590E-03 -7.1130989E-04
    3362  2.0316809E+03  1.3498159E+00  1.0066348E+00  3.4318107E-01  3.0357690E-01  2.5986228E-01  4.3714626E-02  1.3853583E-03  2.0513710E-03 -6.6601271E-04
    3363  2.0316903E+03  1.3498308E+00  1.0066398E+00  3.4319102E-01  3.0239165E-01  2.5865263E-01  4.3739016E-02  1.4282409E-03  2.0486976E-03 -6.2045678E-04
    3364  2.0316998E+03  1.3498453E+00  1.0066443E+00  3.4320091E-01  3.0118977E-01  2.5743462E-01  4.3755150E-02  1.4788445E-03  2.0537437E-03 -5.7489927E-04
    3365  2.0317092E+03  1.3498513E+00  1.0066402E+00  3.4321111E-01  2.9991559E-01  2.5613878E-01  4.3776809E-02  1.5233849E-03  2.0526902E-03 -5.2930525E-04
    3366  2.0317186E+03  1.3498519E+00  1.0066320E+00  3.4321989E-01  2.9861756E-01  2.5482864E-01  4.3788918E-02  1.5725416E-03  2.0559894E-03 -4.8344776E-04
    3367  2.0317280E+03  1.3498581E+00  1.0066295E+00  3.4322863E-01  2.9736011E-01  2.5356698E-01  4.3793128E-02  1.6169739E-03  2.0545715E-03 -4.3759757E-04
    3368  2.0317375E+03  1.3498490E+00  1.0066114E+00  3.4323764E-01  2.9597759E-01  2.5217960E-01  4.3797981E-02  1.6679195E-03  2.0597103E-03 -3.9179080E-04
    3369  2.0317469E+03  1.3498461E+00  1.0065998E+00  3.4324622E-01  2.9464351E-01  2.5084178E-01  4.3801734E-02  1.7128536E-03  2.0586064E-03 -3.4575279E-04
    3370  2.0317563E+03  1.3498308E+00  1.0065770E+00  3.4325382E-01  2.9323556E-01  2.4943996E-01  4.3795598E-02  1.7620288E-03  2.0616658E-03 -2.9963699E-04
    3371  2.0317657E+03  1.3498187E+00  1.0065570E+00  3.4326177E-01  2.9181188E-01  2.4802641E-01  4.3785461E-02  1.8086046E-03  2.0621300E-03 -2.5352543E-04
    3372  2.0317751E+03  1.3498016E+00  1.0065325E+00  3.4326912E-01  2.9037873E-01  2.4660522E-01  4.3773503E-02  1.8566007E-03  2.0639827E-03 -2.0738204E-04
    3373  2.0317846E+03  1.3497848E+00  1.0065090E+00  3.4327580E-01  2.8889805E-01  2.4514029E-01  4.3757756E-02  1.9028906E-03  2.0640438E-03 -1.6115326E-04
    3374  2.0317940E+03  1.3497555E+00  1.0064727E+00  3.4328285E-01  2.8738451E-01  2.4364828E-01  4.3736225E-02  1.9521268E-03  2.0669261E-03 -1.1479922E-04
    3375  2.0318034E+03  1.3497268E+00  1.0064383E+00  3.4328846E-01  2.8586674E-01  2.4215768E-01  4.3709069E-02  1.9989660E-03  2.0674290E-03 -6.8462984E-05
    3376  2.0318128E+03  1.3496987E+00  1.0064034E+00  3.4329530E-01  2.8430503E-01  2.4062457E-01  4.3680457E-02  2.0479818E-03  2.0701014E-03 -2.2119664E-05
    3377  2.0318223E+03  1.3496536E+00  1.0063535E+00  3.4330012E-01  2.8269423E-01  2.3904608E-01  4.3648145E-02  2.0934059E-03  2.0690422E-03  2.4363702E-05
    3378  2.0318317E+03  1.3496302E+00  1.0063246E+00  3.4330559E-01  2.8114733E-01  2.3753607E-01  4.3611262E-02  2.1423651E-03  2.0714722E-03  7.0892843E-05
    3379  2.0318411E+03  1.3495751E+00  1.0062650E+00  3.4331015E-01  2.7943568E-01  2.3587017E-01  4.3565509E-02  2.1913317E-03  2.0739907E-03  1.1734093E-04
    3380  2.0318505E+03  1.3495389E+00  1.0062231E+00  3.4331582E-01  2.7782253E-01  2.3429713E-01  4.3525403E-02  2.2378357E-03  2.0740008E-03  1.6383487E-04
    3381  2.0318600E+03  1.3494873E+00  1.0061690E+00  3.4331827E-01  2.7610548E-01  2.3263546E-01  4.3470027E-02  2.2846192E-03  2.0741812E-03  2.1043804E-04
    3382  2.0318694E+03  1.3494312E+00  1.0061088E+00  3.4332247E-01  2.7438736E-01  2.3097111E-01  4.3416251E-02  2.3335088E-03  2.0765398E-03  2.5696909E-04
    3383  2.0318788E+03  1.3493793E+00  1.0060530E+00  3.4332624E-01  2.7265993E-01  2.2930132E-01  4.3358608E-02  2.3838097E-03  2.0802241E-03  3.0358562E-04
    3384  2.0318882E+03  1.3493197E+00  1.0059908E+00  3.4332889E-01  2.7088880E-01  2.2759599E-01  4.3292813E-02  2.4256199E-03  2.0754567E-03  3.5016321E-04
    3385  2.0318976E+03  1.3492580E+00  1.0059260E+00  3.4333200E-01  2.6907283E-01  2.2584125E-01  4.3231575E-02  2.4768401E-03  2.0801379E-03  3.9670225E-04
    3386  2.0319071E+03  1.3491856E+00  1.0058521E+00  3.4333348E-01  2.6727470E-01  2.2411694E-01  4.3157758E-02  2.5251325E-03  2.0817542E-03  4.4337829E-04
    3387  2.0319165E+03  1.3491230E+00  1.0057872E+00  3.4333584E-01  2.6541814E-01  2.2233794E-01  4.3080201E-02  2.5732346E-03  2.0833356E-03  4.8989898E-04
    3388  2.0319259E+03  1.3490554E+00  1.0057177E+00  3.4333771E-01  2.6355637E-01  2.2055207E-01  4.3004302E-02  2.6170953E-03  2.0806185E-03  5.3647683E-04
    3389  2.0319353E+03  1.3489679E+00  1.0056303E+00  3.4333759E-01  2.6163808E-01  2.1871983E-01  4.2918258E-02  2.6687953E-03  2.0857128E-03  5.8308249E-04
    3390  2.0319448E+03  1.3488997E+00  1.0055610E+00  3.4333878E-01  2.5973674E-01  2.1690982E-01  4.2826925E-02  2.7144234E-03  2.0848462E-03  6.2957720E-04
    3391  2.0319542E+03  1.3488103E+00  1.0054701E+00  3.4334018E-01  2.5777458E-01  2.1503320E-01  4.2741375E-02  2.7638182E-03  2.0877870E-03  6.7603123E-04
    3392  2.0319636E+03  1.3487315E+00  1.0053920E+00  3.4333957E-01  2.5582800E-01  2.1318331E-01  4.2644689E-02  2.8095971E-03  2.0869251E-03  7.2267199E-04
    3393  2.0319730E+03  1.3486401E+00  1.0053007E+00  3.4333936E-01  2.5382186E-01  2.1128036E-01  4.2541508E-02  2.8561196E-03  2.0870368E-03  7.6908284E-04
    3394  2.0319825E+03  1.3485459E+00  1.0052068E+00  3.4333911E-01  2.5178733E-01  2.0934438E-01  4.2442953E-02  2.9069755E-03  2.0915148E-03  8.1546071E-04
    3395  2.0319919E+03  1.3484590E+00  1.0051212E+00  3.4333777E-01  2.4977521E-01  2.0744045E-01  4.2334759E-02  2.9519973E-03  2.0900344E-03  8.6196289E-04
    3396  2.0320013E+03  1.3483543E+00  1.0050190E+00  3.4333538E-01  2.4768552E-01  2.0547021E-01  4.2215314E-02  2.9986146E-03  2.0903753E-03  9.0823933E-04
    3397  2.0320107E+03  1.3482573E+00  1.0049234E+00  3.4333384E-01  2.4561706E-01  2.0351185E-01  4.2105203E-02  3.0453355E-03  2.0909250E-03  9.5441048E-04
    3398  2.0320202E+03  1.3481544E+00  1.0048224E+00  3.4333202E-01  2.4346638E-01  2.0148786E-01  4.1978527E-02  3.0964668E-03  2.0957045E-03  1.0007624E-03
    3399  2.0320296E+03  1.3480523E+00  1.0047223E+00  3.4333002E-01  2.4136638E-01  1.9950357E-01  4.1862813E-02  3.1397972E-03  2.0929476E-03  1.0468496E-03
    3400  2.0320390E+03  1.3479343E+00  1.0046073E+00  3.4332697E-01  2.3919275E-01  1.9745565E-01  4.1737101E-02  3.1864727E-03  2.0933864E-03  1.0930863E-03
    3401  2.0320484E+03  1.3478308E+00  1.0045079E+00  3.4332286E-01  2.3702413E-01  1.9542694E-01  4.1597191E-02  3.2341816E-03  2.0949991E-03  1.1391826E-03
    3402  2.0320578E+03  1.3477093E+00  1.0043897E+00  3.4331961E-01  2.3479841E-01  1.9333189E-01  4.1466526E-02  3.2831061E-03  2.0981303E-03  1.1849758E-03
    3403  2.0320673E+03  1.3475958E+00  1.0042797E+00  3.4331608E-01  2.3258787E-01  1.9126044E-01  4.1327430E-02  3.3253637E-03  2.0943157E-03  1.2310480E-03
    3404  2.0320767E+03  1.3474740E+00  1.0041628E+00  3.4331122E-01  2.3033300E-01  1.8915538E-01  4.1177616E-02  3.3742810E-03  2.0973966E-03  1.2768844E-03
    3405  2.0320861E+03  1.3473562E+00  1.0040498E+00  3.4330644E-01  2.2807175E-01  1.8703453E-01  4.1037227E-02  3.4216218E-03  2.0991126E-03  1.3225092E-03
    3406  2.0320955E+03  1.3472270E+00  1.0039259E+00  3.4330110E-01  2.2577393E-01  1.8489355E-01  4.0880378E-02  3.4665188E-03  2.0982463E-03  1.3682725E-03
    3407  2.0321050E+03  1.3471006E+00  1.0038055E+00  3.4329507E-01  2.2345750E-01  1.8273765E-01  4.0719844E-02  3.5157500E-03  2.1019883E-03  1.4137617E-03
    3408  2.0321144E+03  1.3469691E+00  1.0036801E+00  3.4328900E-01  2.2112202E-01  1.8056112E-01  4.0560895E-02  3.5600649E-03  2.1009176E-03  1.4591473E-03
    3409  2.0321238E+03  1.3468364E+00  1.0035529E+00  3.4328352E-01  2.1876354E-01  1.7836242E-01  4.0401124E-02  3.6056823E-03  2.1011286E-03  1.5045537E-03
    3410  2.0321332E+03  1.3467004E+00  1.0034242E+00  3.4327611E-01  2.1639896E-01  1.7616774E-01  4.0231216E-02  3.6533421E-03  2.1034610E-03  1.5498811E-03
    3411  2.0321427E+03  1.3465656E+00  1.0032957E+00  3.4326993E-01  2.1399056E-01  1.7393122E-01  4.0059337E-02  3.6977545E-03  2.1027830E-03  1.5949715E-03
    3412  2.0321521E+03  1.3464211E+00  1.0031588E+00  3.4326238E-01  2.1156490E-01  1.7167786E-01  3.9887039E-02  3.7416443E-03  2.1016637E-03  1.6399807E-03
    3413  2.0321615E+03  1.3462872E+00  1.0030325E+00  3.4325470E-01  2.0916030E-01  1.6945172E-01  3.9708576E-02  3.7878069E-03  2.1028592E-03  1.6849477E-03
    3414  2.0321709E+03  1.3461384E+00  1.0028916E+00  3.4324677E-01  2.0667081E-01  1.6714602E-01  3.9524793E-02  3.8347609E-03  2.1050460E-03  1.7297149E-03
    3415  2.0321803E+03  1.3459925E+00  1.0027534E+00  3.4323906E-01  2.0420872E-01  1.6486727E-01  3.9341442E-02  3.8784767E-03  2.1041134E-03  1.7743633E-03
    3416  2.0321898E+03  1.3458431E+00  1.0026132E+00  3.4322983E-01  2.0170791E-01  1.6255853E-01  3.9149376E-02  3.9238452E-03  2.1049057E-03  1.8189394E-03
    3417  2.0321992E+03  1.3456941E+00  1.0024734E+00  3.4322068E-01  1.9920928E-01  1.6025368E-01  3.8955600E-02  3.9696765E-03  2.1063348E-03  1.8633417E-03
    3418  2.0322086E+03  1.3455426E+00  1.0023303E+00  3.4321234E-01  1.9663208E-01  1.5787345E-01  3.8758635E-02  4.0127121E-03  2.1051151E-03  1.9075969E-03
    3419  2.0322180E+03  1.3453846E+00  1.0021827E+00  3.4320191E-01  1.9412142E-01  1.5556473E-01  3.8556690E-02  4.0571396E-03  2.1054117E-03  1.9517279E-03
    3420  2.0322275E+03  1.3452344E+00  1.0020417E+00  3.4319277E-01  1.9152776E-01  1.5317669E-01  3.8351075E-02  4.1032419E-03  2.1075503E-03  1.9956916E-03
    3421  2.0322369E+03  1.3450734E+00  1.0018918E+00  3.4318166E-01  1.8894862E-01  1.5080674E-01  3.8141880E-02  4.1471637E-03  2.1076355E-03  2.0395282E-03
    3422  2.0322463E+03  1.3449169E+00  1.0017458E+00  3.4317114E-01  1.8633157E-01  1.4840371E-01  3.7927856E-02  4.1909235E-03  2.1077349E-03  2.0831887E-03
    3423  2.0322557E+03  1.3447483E+00  1.0015883E+00  3.4315999E-01  1.8371059E-01  1.4599657E-01  3.7714028E-02  4.2337699E-03  2.1071071E-03  2.1266628E-03
    3424  2.0322652E+03  1.3445938E+00  1.0014446E+00  3.4314925E-01  1.8106951E-01  1.4357620E-01  3.7493309E-02  4.2777973E-03  2.1077519E-03  2.1700454E-03
    3425  2.0322746E+03  1.3444251E+00  1.0012873E+00  3.4313777E-01  1.7838788E-01  1.4111568E-01  3.7272199E-02  4.3211609E-03  2.1079429E-03  2.2132180E-03
    3426  2.0322840E+03  1.3442604E+00  1.0011345E+00  3.4312586E-01  1.7574250E-01  1.3869707E-01  3.7045429E-02  4.3684282E-03  2.1121709E-03  2.2562573E-03
    3427  2.0322934E+03  1.3440916E+00  1.0009783E+00  3.4311329E-01  1.7302216E-01  1.3620967E-01  3.6812486E-02  4.4045221E-03  2.1054421E-03  2.2990799E-03
    3428  2.0323028E+03  1.3439255E+00  1.0008240E+00  3.4310146E-01  1.7032621E-01  1.3374574E-01  3.6580476E-02  4.4517900E-03  2.1100807E-03  2.3417094E-03
    3429  2.0323123E+03  1.3437586E+00  1.0006698E+00  3.4308876E-01  1.6759371E-01  1.3125128E-01  3.6342424E-02  4.4947063E-03  2.1105085E-03  2.3841978E-03
    3430  2.0323217E+03  1.3435801E+00  1.0005047E+00  3.4307542E-01  1.6483495E-01  1.2873298E-01  3.6101968E-02  4.5365112E-03  2.1100182E-03  2.4264930E-03
    3431  2.0323311E+03  1.3434125E+00  1.0003501E+00  3.4306239E-01  1.6210938E-01  1.2625025E-01  3.5859125E-02  4.5785069E-03  2.1099017E-03  2.4686052E-03
    3432  2.0323405E+03  1.3432417E+00  1.0001923E+00  3.4304932E-01  1.5930038E-01  1.2369222E-01  3.5608159E-02  4.6196874E-03  2.1091752E-03  2.5105121E-03
    3433  2.0323500E+03  1.3430609E+00  1.0000259E+00  3.4303497E-01  1.5653304E-01  1.2117352E-01  3.5359527E-02  4.6647342E-03  2.1125518E-03  2.5521824E-03
    3434  2.0323594E+03  1.3428928E+00  9.9987178E-01  3.4302101E-01  1.5371501E-01  1.1861058E-01  3.5104436E-02  4.7030283E-03  2.1093055E-03  2.5937228E-03
    3435  2.0323688E+03  1.3427110E+00  9.9970370E-01  3.4300726E-01  1.5090291E-01  1.1605619E-01  3.4846714E-02  4.7446150E-03  2.1095761E-03  2.6350389E-03
    3436  2.0323782E+03  1.3425391E+00  9.9954701E-01  3.4299211E-01  1.4806484E-01  1.1347928E-01  3.4585554E-02  4.7876800E-03  2.1115936E-03  2.6760865E-03
    3437  2.0323877E+03  1.3423596E+00  9.9938173E-01  3.4297783E-01  1.4521442E-01  1.1089313E-01  3.4321295E-02  4.8272372E-03  2.1102707E-03  2.7169665E-03
    3438  2.0323971E+03  1.3421811E+00  9.9921857E-01  3.4296251E-01  1.4235521E-01  1.0830228E-01  3.4052930E-02  4.8672766E-03  2.1096499E-03  2.7576266E-03
    3439  2.0324065E+03  1.3420008E+00  9.9905325E-01  3.4294751E-01  1.3947572E-01  1.0569332E-01  3.3782402E-02  4.9078119E-03  2.1097788E-03  2.7980331E-03
    3440  2.0324159E+03  1.3418233E+00  9.9889156E-01  3.4293177E-01  1.3658423E-01  1.0307622E-01  3.3508008E-02  4.9489884E-03  2.1107432E-03  2.8382452E-03
    3441  2.0324254E+03  1.3416438E+00  9.9872748E-01  3.4291636E-01  1.3368830E-01  1.0045677E-01  3.3231531E-02  4.9878936E-03  2.1096442E-03  2.8782494E-03
    3442  2.0324348E+03  1.3414637E+00  9.9856325E-01  3.4290046E-01  1.3076633E-01  9.7815705E-02  3.2950627E-02  5.0274040E-03  2.1094066E-03  2.9179974E-03
    3443  2.0324442E+03  1.3412822E+00  9.9839822E-01  3.4288401E-01  1.2783536E-01  9.5168178E-02  3.2667185E-02  5.0673314E-03  2.1098371E-03  2.9574943E-03
    3444  2.0324536E+03  1.3411009E+00  9.9823255E-01  3.4286833E-01  1.2490335E-01  9.2522983E-02  3.2380368E-02  5.1076339E-03  2.1108596E-03  2.9967743E-03
    3445  2.0324630E+03  1.3409228E+00  9.9807101E-01  3.4285176E-01  1.2194280E-01  8.9851780E-02  3.2091019E-02  5.1451688E-03  2.1093804E-03  3.0357883E-03
    3446  2.0324725E+03  1.3407387E+00  9.9790382E-01  3.4283487E-01  1.1897996E-01  8.7181356E-02  3.1798600E-02  5.1844578E-03  2.1098595E-03  3.0745984E-03
    3447  2.0324819E+03  1.3405599E+00  9.9774162E-01  3.4281826E-01  1.1600914E-01  8.4508726E-02  3.1500416E-02  5.2230143E-03  2.1098750E-03  3.1131392E-03
    3448  2.0324913E+03  1.3403756E+00  9.9757436E-01  3.4280126E-01  1.1301107E-01  8.1809401E-02  3.1201667E-02  5.2616735E-03  2.1102771E-03  3.1513964E-03
    3449  2.0325007E+03  1.3401967E+00  9.9741293E-01  3.4278380E-01  1.1001873E-01  7.9117955E-02  3.0900771E-02  5.2999319E-03  2.1104815E-03  3.1894504E-03
    3450  2.0325102E+03  1.3400194E+00  9.9725219E-01  3.4276717E-01  1.0701162E-01  7.6416087E-02  3.0595530E-02  5.3363611E-03  2.1091020E-03  3.2272592E-03
    3451  2.0325196E+03  1.3398339E+00  9.9708471E-01  3.4274917E-01  1.0398038E-01  7.3691222E-02  3.0289161E-02  5.3742456E-03  2.1095007E-03  3.2647450E-03
    3452  2.0325290E+03  1.3396564E+00  9.9692481E-01  3.4273157E-01  1.0096906E-01  7.0994130E-02  2.9974931E-02  5.4086529E-03  2.1066109E-03  3.3020420E-03
    3453  2.0325384E+03  1.3394733E+00  9.9675961E-01  3.4271373E-01  9.7914356E-02  6.8253127E-02  2.9661229E-02  5.4458260E-03  2.1069517E-03  3.3388744E-03
    3454  2.0325479E+03  1.3392984E+00  9.9660233E-01  3.4269605E-01  9.4865164E-02  6.5517962E-02  2.9347202E-02  5.4836324E-03  2.1080965E-03  3.3755359E-03
    3455  2.0325573E+03  1.3391166E+00  9.9643857E-01  3.4267799E-01  9.1810420E-02  6.2783400E-02  2.9027020E-02  5.5189462E-03  2.1069075E-03  3.4120387E-03
    3456  2.0325667E+03  1.3389390E+00  9.9627957E-01  3.4265948E-01  8.8747716E-02  6.0044908E-02  2.8702808E-02  5.5536533E-03  2.1055225E-03  3.4481308E-03
    3457  2.0325761E+03  1.3387610E+00  9.9611943E-01  3.4264154E-01  8.5657630E-02  5.7278493E-02  2.8379137E-02  5.5905024E-03  2.1066203E-03  3.4838821E-03
    3458  2.0325855E+03  1.3385860E+00  9.9596285E-01  3.4262314E-01  8.2576024E-02  5.4523010E-02  2.8053013E-02  5.6257088E-03  2.1062139E-03  3.5194950E-03
    3459  2.0325950E+03  1.3384077E+00  9.9580327E-01  3.4260441E-01  7.9497152E-02  5.1775849E-02  2.7721303E-02  5.6609346E-03  2.1061400E-03  3.5547946E-03
    3460  2.0326044E+03  1.3382325E+00  9.9564641E-01  3.4258614E-01  7.6379188E-02  4.8991563E-02  2.7387625E-02  5.6954413E-03  2.1057518E-03  3.5896895E-03
    3461  2.0326138E+03  1.3380576E+00  9.9549034E-01  3.4256723E-01  7.3281567E-02  4.6228212E-02  2.7053355E-02  5.7270142E-03  2.1026274E-03  3.6243868E-03
    3462  2.0326232E+03  1.3378855E+00  9.9533689E-01  3.4254863E-01  7.0158184E-02  4.3445013E-02  2.6713170E-02  5.7649304E-03  2.1061657E-03  3.6587648E-03
    3463  2.0326327E+03  1.3377134E+00  9.9518349E-01  3.4252995E-01  6.7032627E-02  4.0663232E-02  2.6369395E-02  5.7959981E-03  2.1032090E-03  3.6927891E-03
    3464  2.0326421E+03  1.3375443E+00  9.9503305E-01  3.4251124E-01  6.3911574E-02  3.7880973E-02  2.6030601E-02  5.8295646E-03  2.1030584E-03  3.7265061E-03
    3465  2.0326515E+03  1.3373675E+00  9.9487583E-01  3.4249170E-01  6.0758636E-02  3.5078526E-02  2.5680110E-02  5.8613665E-03  2.1013655E-03  3.7600010E-03
    3466  2.0326609E+03  1.3372034E+00  9.9473019E-01  3.4247319E-01  5.7646102E-02  3.2307508E-02  2.5338594E-02  5.8968447E-03  2.1037592E-03  3.7930855E-03
    3467  2.0326704E+03  1.3370364E+00  9.9458238E-01  3.4245407E-01  5.4471382E-02  2.9485809E-02  2.4985574E-02  5.9264198E-03  2.1004511E-03  3.8259687E-03
    3468  2.0326798E+03  1.3368729E+00  9.9443789E-01  3.4243500E-01  5.1330854E-02  2.6702068E-02  2.4628786E-02  5.9572793E-03  2.0988553E-03  3.8584240E-03
    3469  2.0326892E+03  1.3367042E+00  9.9428841E-01  3.4241578E-01  4.8160761E-02  2.3885650E-02  2.4275111E-02  5.9915951E-03  2.1010753E-03  3.8905198E-03
    3470  2.0326986E+03  1.3365430E+00  9.9414573E-01  3.4239727E-01  4.5008736E-02  2.1090237E-02  2.3918498E-02  6.0197877E-03  2.0973768E-03  3.9224109E-03
    3471  2.0327080E+03  1.3363777E+00  9.9400013E-01  3.4237755E-01  4.1838861E-02  1.8281580E-02  2.3557281E-02  6.0518206E-03  2.0979001E-03  3.9539205E-03
    3472  2.0327175E+03  1.3362243E+00  9.9386535E-01  3.4235892E-01  3.8660106E-02  1.5466266E-02  2.3193840E-02  6.0830584E-03  2.0979936E-03  3.9850648E-03
    3473  2.0327269E+03  1.3360635E+00  9.9372356E-01  3.4233991E-01  3.5484730E-02  1.2653272E-02  2.2831458E-02  6.1124175E-03  2.0965077E-03  4.0159098E-03
    3474  2.0327363E+03  1.3359063E+00  9.9358609E-01  3.4232024E-01  3.2310582E-02  9.8473598E-03  2.2463222E-02  6.1420655E-03  2.0956134E-03  4.0464521E-03
    3475  2.0327457E+03  1.3357500E+00  9.9344846E-01  3.4230156E-01  2.9117424E-02  7.0261285E-03  2.2091295E-02  6.1722485E-03  2.0956630E-03  4.0765855E-03
    3476  2.0327552E+03  1.3356018E+00  9.9331929E-01  3.4228256E-01  2.5929304E-02  4.2064339E-03  2.1722870E-02  6.2011859E-03  2.0948198E-03  4.1063661E-03
    3477  2.0327646E+03  1.3354509E+00  9.9318740E-01  3.4226345E-01  2.2747126E-02  1.3991263E-03  2.1348000E-02  6.2305510E-03  2.0946479E-03  4.1359031E-03
    3478  2.0327740E+03  1.3353015E+00  9.9305715E-01  3.4224438E-01  1.9550752E-02 -1.4208756E-03  2.0971627E-02  6.2568158E-03  2.0918137E-03  4.1650020E-03
    3479  2.0327834E+03  1.3351482E+00  9.9292279E-01  3.4222538E-01  1.6352183E-02 -4.2428500E-03  2.0595033E-02  6.2870166E-03  2.0932579E-03  4.1937588E-03
    3480  2.0327929E+03  1.3350158E+00  9.9280872E-01  3.4220710E-01  1.3162422E-02 -7.0565159E-03  2.0218938E-02  6.3139361E-03  2.0917273E-03  4.2222088E-03
    3481  2.0328023E+03  1.3348629E+00  9.9267580E-01  3.4218708E-01  9.9575826E-03 -9.8750762E-03  1.9832659E-02  6.3388626E-03  2.0885535E-03  4.2503090E-03
    3482  2.0328117E+03  1.3347305E+00  9.9256111E-01  3.4216942E-01  6.7575966E-03 -1.2694676E-02  1.9452272E-02  6.3663715E-03  2.0884805E-03  4.2778911E-03
    3483  2.0328211E+03  1.3345884E+00  9.9243823E-01  3.4215017E-01  3.5631306E-03 -1.5503070E-02  1.9066200E-02  6.3951333E-03  2.0898499E-03  4.3052834E-03
    3484  2.0328305E+03  1.3344560E+00  9.9232386E-01  3.4213211E-01  3.5706877E-04 -1.8321278E-02  1.8678346E-02  6.4181948E-03  2.0859436E-03  4.3322512E-03
    3485  2.0328400E+03  1.3343181E+00  9.9220475E-01  3.4211340E-01 -2.8427668E-03 -2.1134501E-02  1.8291734E-02  6.4443934E-03  2.0855537E-03  4.3588397E-03
    3486  2.0328494E+03  1.3341954E+00  9.9210051E-01  3.4209487E-01 -6.0375798E-03 -2.3935858E-02  1.7898278E-02  6.4700253E-03  2.0849508E-03  4.3850745E-03
    3487  2.0328588E+03  1.3340630E+00  9.9198608E-01  3.4207696E-01 -9.2585629E-03 -2.6763783E-02  1.7505220E-02  6.4955798E-03  2.0847044E-03  4.4108753E-03
    3488  2.0328682E+03  1.3339363E+00  9.9187787E-01  3.4205845E-01 -1.2444235E-02 -2.9559678E-02  1.7115443E-02  6.5189711E-03  2.0825773E-03  4.4363937E-03
    3489  2.0328777E+03  1.3338109E+00  9.9177128E-01  3.4203960E-01 -1.5643511E-02 -3.2359576E-02  1.6716065E-02  6.5435249E-03  2.0819867E-03  4.4615382E-03
    3490  2.0328871E+03  1.3336915E+00  9.9166883E-01  3.4202270E-01 -1.8856894E-02 -3.5173692E-02  1.6316797E-02  6.5675725E-03  2.0813952E-03  4.4861773E-03
    3491  2.0328965E+03  1.3335853E+00  9.9158074E-01  3.4200457E-01 -2.2037514E-02 -3.7957398E-02  1.5919883E-02  6.5895430E-03  2.0790514E-03  4.5104915E-03
    3492  2.0329059E+03  1.3334572E+00  9.9147013E-01  3.4198709E-01 -2.5249010E-02 -4.0767021E-02  1.5518011E-02  6.6129627E-03  2.0785144E-03  4.5344482E-03
    3493  2.0329154E+03  1.3333534E+00  9.9138326E-01  3.4197015E-01 -2.8430782E-02 -4.3545281E-02  1.5114499E-02  6.6351367E-03  2.0771689E-03  4.5579677E-03
    3494  2.0329248E+03  1.3332333E+00  9.9128133E-01  3.4195201E-01 -3.1642906E-02 -4.6355956E-02  1.4713050E-02  6.6564555E-03  2.0753505E-03  4.5811051E-03
    3495  2.0329342E+03  1.3331423E+00  9.9120667E-01  3.4193561E-01 -3.4806520E-02 -4.9114349E-02  1.4307829E-02  6.6792445E-03  2.0752971E-03  4.6039474E-03
    3496  2.0329436E+03  1.3330257E+00  9.9110810E-01  3.4191764E-01 -3.8012836E-02 -5.1912775E-02  1.3899939E-02  6.7002514E-03  2.0739169E-03  4.6263345E-03
    3497  2.0329531E+03  1.3329337E+00  9.9103184E-01  3.4190182E-01 -4.1178972E-02 -5.4672974E-02  1.3494002E-02  6.7215602E-03  2.0732670E-03  4.6482933E-03
    3498  2.0329625E+03  1.3328300E+00  9.9094570E-01  3.4188433E-01 -4.4369880E-02 -5.7455638E-02  1.3085758E-02  6.7407777E-03  2.0709051E-03  4.6698726E-03
    3499  2.0329719E+03  1.3327378E+00  9.9086935E-01  3.4186849E-01 -4.7540103E-02 -6.0214104E-02  1.2674001E-02  6.7613132E-03  2.0702356E-03  4.6910776E-03
    3500  2.0329813E+03  1.3326485E+00  9.9079639E-01  3.4185216E-01 -5.0716256E-02 -6.2978877E-02  1.2262621E-02  6.7826432E-03  2.0708268E-03  4.7118163E-03
    3501  2.0329907E+03  1.3325579E+00  9.9072212E-01  3.4183576E-01 -5.3880548E-02 -6.5728626E-02  1.1848078E-02  6.7974691E-03  2.0652560E-03  4.7322131E-03
    3502  2.0330002E+03  1.3324715E+00  9.9065118E-01  3.4182028E-01 -5.7033704E-02 -6.8467148E-02  1.1433444E-02  6.8181713E-03  2.0660394E-03  4.7521320E-03
    3503  2.0330096E+03  1.3323923E+00  9.9058810E-01  3.4180422E-01 -6.0205430E-02 -7.1225270E-02  1.1019839E-02  6.8373711E-03  2.0657039E-03  4.7716672E-03
    3504  2.0330190E+03  1.3323094E+00  9.9052110E-01  3.4178833E-01 -6.3347267E-02 -7.3949441E-02  1.0602175E-02  6.8546174E-03  2.0637540E-03  4.7908634E-03
    3505  2.0330284E+03  1.3322390E+00  9.9046483E-01  3.4177413E-01 -6.6494826E-02 -7.6681087E-02  1.0186261E-02  6.8687856E-03  2.0592326E-03  4.8095530E-03
    3506  2.0330379E+03  1.3321677E+00  9.9040937E-01  3.4175834E-01 -6.9629433E-02 -7.9396523E-02  9.7670900E-03  6.8905142E-03  2.0626284E-03  4.8278859E-03
    3507  2.0330473E+03  1.3320897E+00  9.9034599E-01  3.4174374E-01 -7.2768084E-02 -8.2115422E-02  9.3473378E-03  6.9039765E-03  2.0582083E-03  4.8457682E-03
    3508  2.0330567E+03  1.3320343E+00  9.9030426E-01  3.4173004E-01 -7.5893752E-02 -8.4819456E-02  8.9257040E-03  6.9205792E-03  2.0573807E-03  4.8631985E-03
    3509  2.0330661E+03  1.3319613E+00  9.9024604E-01  3.4171525E-01 -7.9016741E-02 -8.7521574E-02  8.5048330E-03  6.9358007E-03  2.0555773E-03  4.8802234E-03
    3510  2.0330756E+03  1.3319135E+00  9.9021229E-01  3.4170118E-01 -8.2120283E-02 -9.0203941E-02  8.0836574E-03  6.9515949E-03  2.0547339E-03  4.8968609E-03
    3511  2.0330850E+03  1.3318452E+00  9.9015797E-01  3.4168725E-01 -8.5235521E-02 -9.2895566E-02  7.6600454E-03  6.9660298E-03  2.0529641E-03  4.9130657E-03
    3512  2.0330944E+03  1.3318053E+00  9.9013144E-01  3.4167389E-01 -8.8327608E-02 -9.5564615E-02  7.2370077E-03  6.9791555E-03  2.0503324E-03  4.9288230E-03
    3513  2.0331038E+03  1.3317471E+00  9.9008681E-01  3.4166030E-01 -9.1411843E-02 -9.8226259E-02  6.8144157E-03  6.9949210E-03  2.0507225E-03  4.9441985E-03
    3514  2.0331132E+03  1.3317065E+00  9.9005855E-01  3.4164791E-01 -9.4493117E-02 -1.0088157E-01  6.3884511E-03  7.0082383E-03  2.0491078E-03  4.9591305E-03
    3515  2.0331227E+03  1.3316620E+00  9.9002729E-01  3.4163476E-01 -9.7567039E-02 -1.0352909E-01  5.9620547E-03  7.0208155E-03  2.0472278E-03  4.9735877E-03
    3516  2.0331321E+03  1.3316272E+00  9.9000471E-01  3.4162248E-01 -1.0062357E-01 -1.0616016E-01  5.5365868E-03  7.0341369E-03  2.0464864E-03  4.9876505E-03
    3517  2.0331415E+03  1.3315829E+00  9.8997277E-01  3.4161017E-01 -1.0368251E-01 -1.0879211E-01  5.1096023E-03  7.0455378E-03  2.0442528E-03  5.0012850E-03
    3518  2.0331509E+03  1.3315576E+00  9.8995853E-01  3.4159907E-01 -1.0673328E-01 -1.1141487E-01  4.6815888E-03  7.0572531E-03  2.0427835E-03  5.0144696E-03
    3519  2.0331604E+03  1.3315356E+00  9.8994888E-01  3.4158670E-01 -1.0974194E-01 -1.1399702E-01  4.2550839E-03  7.0680476E-03  2.0408296E-03  5.0272179E-03
    3520  2.0331698E+03  1.3315045E+00  9.8992927E-01  3.4157523E-01 -1.1278186E-01 -1.1660687E-01  3.8250062E-03  7.0790013E-03  2.0394517E-03  5.0395496E-03
    3521  2.0331792E+03  1.3314809E+00  9.8991515E-01  3.4156580E-01 -1.1578973E-01 -1.1918523E-01  3.3955067E-03  7.0881736E-03  2.0367972E-03  5.0513764E-03
    3522  2.0331886E+03  1.3314676E+00  9.8991351E-01  3.4155412E-01 -1.1880288E-01 -1.2177119E-01  2.9683080E-03  7.0973530E-03  2.0345800E-03  5.0627730E-03
    3523  2.0331981E+03  1.3314518E+00  9.8990758E-01  3.4154421E-01 -1.2177756E-01 -1.2431657E-01  2.5390025E-03  7.1078615E-03  2.0340445E-03  5.0738170E-03
    3524  2.0332075E+03  1.3314438E+00  9.8990969E-01  3.4153410E-01 -1.2476024E-01 -1.2686910E-01  2.1088575E-03  7.1185891E-03  2.0342587E-03  5.0843305E-03
    3525  2.0332169E+03  1.3314363E+00  9.8991259E-01  3.4152375E-01 -1.2772040E-01 -1.2940100E-01  1.6806010E-03  7.1237461E-03  2.0293189E-03  5.0944272E-03
    3526  2.0332263E+03  1.3314311E+00  9.8991621E-01  3.4151493E-01 -1.3068102E-01 -1.3193123E-01  1.2502135E-03  7.1334639E-03  2.0293608E-03  5.1041031E-03
    3527  2.0332357E+03  1.3314324E+00  9.8992587E-01  3.4150651E-01 -1.3362663E-01 -1.3444433E-01  8.1769708E-04  7.1396910E-03  2.0263910E-03  5.1133000E-03
    3528  2.0332452E+03  1.3314387E+00  9.8994092E-01  3.4149782E-01 -1.3654453E-01 -1.3693349E-01  3.8896844E-04  7.1488914E-03  2.0268831E-03  5.1220083E-03
    3529  2.0332546E+03  1.3314407E+00  9.8995232E-01  3.4148835E-01 -1.3947722E-01 -1.3943516E-01 -4.2059023E-05  7.1536618E-03  2.0233479E-03  5.1303139E-03
    3530  2.0332640E+03  1.3314576E+00  9.8997569E-01  3.4148190E-01 -1.4236708E-01 -1.4189518E-01 -4.7189997E-04  7.1583757E-03  2.0202065E-03  5.1381691E-03
    3531  2.0332734E+03  1.3314666E+00  9.8999324E-01  3.4147333E-01 -1.4526210E-01 -1.4435896E-01 -9.0314534E-04  7.1655515E-03  2.0199802E-03  5.1455714E-03
    3532  2.0332829E+03  1.3314896E+00  9.9002363E-01  3.4146596E-01 -1.4813192E-01 -1.4679839E-01 -1.3335257E-03  7.1710848E-03  2.0185873E-03  5.1524975E-03
    3533  2.0332923E+03  1.3315039E+00  9.9004467E-01  3.4145925E-01 -1.5101782E-01 -1.4925341E-01 -1.7644118E-03  7.1750181E-03  2.0160204E-03  5.1589977E-03
    3534  2.0333017E+03  1.3315439E+00  9.9009069E-01  3.4145317E-01 -1.5381179E-01 -1.5161918E-01 -2.1926185E-03  7.1789036E-03  2.0138687E-03  5.1650349E-03
    3535  2.0333111E+03  1.3315554E+00  9.9010963E-01  3.4144573E-01 -1.5670835E-01 -1.5408343E-01 -2.6249253E-03  7.1852651E-03  2.0146368E-03  5.1706283E-03
    3536  2.0333206E+03  1.3315922E+00  9.9015174E-01  3.4144049E-01 -1.5949840E-01 -1.5644557E-01 -3.0528310E-03  7.1872730E-03  2.0114947E-03  5.1757783E-03
    3537  2.0333300E+03  1.3316410E+00  9.9020556E-01  3.4143541E-01 -1.6226531E-01 -1.5878300E-01 -3.4823160E-03  7.1888657E-03  2.0084219E-03  5.1804438E-03
    3538  2.0333394E+03  1.3316635E+00  9.9023420E-01  3.4142926E-01 -1.6511278E-01 -1.6119898E-01 -3.9138039E-03  7.1919150E-03  2.0072564E-03  5.1846586E-03
    3539  2.0333488E+03  1.3317130E+00  9.9028828E-01  3.4142467E-01 -1.6784030E-01 -1.6349970E-01 -4.3406033E-03  7.1950202E-03  2.0065816E-03  5.1884386E-03
    3540  2.0333583E+03  1.3317571E+00  9.9033644E-01  3.4142070E-01 -1.7062213E-01 -1.6585071E-01 -4.7714194E-03  7.1948798E-03  2.0031470E-03  5.1917328E-03
    3541  2.0333677E+03  1.3318055E+00  9.9039033E-01  3.4141521E-01 -1.7335098E-01 -1.6815305E-01 -5.1979305E-03  7.1946901E-03  2.0001327E-03  5.1945575E-03
    3542  2.0333771E+03  1.3318665E+00  9.9045377E-01  3.4141272E-01 -1.7605520E-01 -1.7042902E-01 -5.6261793E-03  7.1973752E-03  2.0004084E-03  5.1969668E-03
    3543  2.0333865E+03  1.3319136E+00  9.9050432E-01  3.4140931E-01 -1.7879037E-01 -1.7273624E-01 -6.0541276E-03  7.1963646E-03  1.9974912E-03  5.1988734E-03
    3544  2.0333959E+03  1.3319775E+00  9.9057108E-01  3.4140642E-01 -1.8145537E-01 -1.7497740E-01 -6.4779759E-03  7.1947979E-03  1.9944699E-03  5.2003281E-03
    3545  2.0334054E+03  1.3320398E+00  9.9063586E-01  3.4140391E-01 -1.8412829E-01 -1.7722346E-01 -6.9048237E-03  7.1949250E-03  1.9935616E-03  5.2013634E-03
    3546  2.0334148E+03  1.3321029E+00  9.9070222E-01  3.4140065E-01 -1.8678666E-01 -1.7945651E-01 -7.3301435E-03  7.1946179E-03  1.9927074E-03  5.2019105E-03
    3547  2.0334242E+03  1.3321773E+00  9.9077780E-01  3.4139955E-01 -1.8942184E-01 -1.8166679E-01 -7.7550505E-03  7.1915791E-03  1.9895948E-03  5.2019843E-03
    3548  2.0334336E+03  1.3322478E+00  9.9084990E-01  3.4139794E-01 -1.9203676E-01 -1.8385815E-01 -8.1786112E-03  7.1900570E-03  1.9884355E-03  5.2016215E-03
    3549  2.0334431E+03  1.3323247E+00  9.9092823E-01  3.4139647E-01 -1.9462829E-01 -1.8602722E-01 -8.6010730E-03  7.1850364E-03  1.9842417E-03  5.2007947E-03
    3550  2.0334525E+03  1.3324016E+00  9.9100502E-01  3.4139658E-01 -1.9721728E-01 -1.8819387E-01 -9.0234097E-03  7.1834996E-03  1.9839946E-03  5.1995051E-03
    3551  2.0334619E+03  1.3324892E+00  9.9109324E-01  3.4139598E-01 -1.9977006E-01 -1.9032669E-01 -9.4433724E-03  7.1778001E-03  1.9800579E-03  5.1977421E-03
    3552  2.0334713E+03  1.3325708E+00  9.9117512E-01  3.4139566E-01 -2.0230724E-01 -1.9244244E-01 -9.8648046E-03  7.1753418E-03  1.9798013E-03  5.1955406E-03
    3553  2.0334808E+03  1.3326600E+00  9.9126362E-01  3.4139633E-01 -2.0483296E-01 -1.9454841E-01 -1.0284558E-02  7.1711198E-03  1.9782591E-03  5.1928607E-03
    3554  2.0334902E+03  1.3327512E+00  9.9135427E-01  3.4139697E-01 -2.0734163E-01 -1.9663868E-01 -1.0702947E-02  7.1634420E-03  1.9737100E-03  5.1897320E-03
    3555  2.0334996E+03  1.3328491E+00  9.9145132E-01  3.4139775E-01 -2.0979067E-01 -1.9867070E-01 -1.1119963E-02  7.1621026E-03  1.9759608E-03  5.1861418E-03
    3556  2.0335090E+03  1.3329449E+00  9.9154490E-01  3.4140001E-01 -2.1230555E-01 -2.0076732E-01 -1.1538222E-02  7.1531798E-03  1.9710877E-03  5.1820921E-03
    3557  2.0335184E+03  1.3330445E+00  9.9164354E-01  3.4140099E-01 -2.1469617E-01 -2.0274545E-01 -1.1950727E-02  7.1469878E-03  1.9693901E-03  5.1775977E-03
    3558  2.0335279E+03  1.3331522E+00  9.9174834E-01  3.4140386E-01 -2.1713824E-01 -2.0477126E-01 -1.2366979E-02  7.1386594E-03  1.9660287E-03  5.1726307E-03
    3559  2.0335373E+03  1.3332529E+00  9.9184712E-01  3.4140579E-01 -2.1952637E-01 -2.0674642E-01 -1.2779952E-02  7.1340284E-03  1.9668205E-03  5.1672079E-03
    3560  2.0335467E+03  1.3333672E+00  9.9195801E-01  3.4140923E-01 -2.2191952E-01 -2.0872786E-01 -1.3191666E-02  7.1238660E-03  1.9625469E-03  5.1613192E-03
    3561  2.0335561E+03  1.3334775E+00  9.9206493E-01  3.4141259E-01 -2.2425367E-01 -2.1065229E-01 -1.3601387E-02  7.1146279E-03  1.9596537E-03  5.1549742E-03
    3562  2.0335656E+03  1.3335965E+00  9.9217967E-01  3.4141681E-01 -2.2659355E-01 -2.1258226E-01 -1.4011290E-02  7.1077943E-03  1.9596158E-03  5.1481786E-03
    3563  2.0335750E+03  1.3337080E+00  9.9228804E-01  3.4141993E-01 -2.2891931E-01 -2.1450005E-01 -1.4419263E-02  7.0975203E-03  1.9566088E-03  5.1409116E-03
    3564  2.0335844E+03  1.3338282E+00  9.9240336E-01  3.4142488E-01 -2.3118989E-01 -2.1636498E-01 -1.4824917E-02  7.0871652E-03  1.9539742E-03  5.1331910E-03
    3565  2.0335938E+03  1.3339589E+00  9.9252859E-01  3.4143035E-01 -2.3345543E-01 -2.1822488E-01 -1.5230554E-02  7.0769866E-03  1.9519731E-03  5.1250134E-03
    3566  2.0336033E+03  1.3340783E+00  9.9264386E-01  3.4143442E-01 -2.3571465E-01 -2.2007978E-01 -1.5634870E-02  7.0665756E-03  1.9501872E-03  5.1163884E-03
    3567  2.0336127E+03  1.3342098E+00  9.9276934E-01  3.4144050E-01 -2.3793348E-01 -2.2189773E-01 -1.6035750E-02  7.0553681E-03  1.9480803E-03  5.1072879E-03
    3568  2.0336221E+03  1.3343396E+00  9.9289343E-01  3.4144618E-01 -2.4011476E-01 -2.2367830E-01 -1.6436461E-02  7.0433278E-03  1.9455653E-03  5.0977625E-03
    3569  2.0336315E+03  1.3344690E+00  9.9301659E-01  3.4145242E-01 -2.4230394E-01 -2.2546763E-01 -1.6836310E-02  7.0313557E-03  1.9435835E-03  5.0877722E-03
    3570  2.0336409E+03  1.3346096E+00  9.9315022E-01  3.4145941E-01 -2.4445077E-01 -2.2721772E-01 -1.7233056E-02  7.0181967E-03  1.9408710E-03  5.0773258E-03
    3571  2.0336504E+03  1.3347427E+00  9.9327687E-01  3.4146580E-01 -2.4658155E-01 -2.2895276E-01 -1.7628790E-02  7.0053991E-03  1.9389589E-03  5.0664402E-03
    3572  2.0336598E+03  1.3348894E+00  9.9341545E-01  3.4147394E-01 -2.4867774E-01 -2.3065533E-01 -1.8022413E-02  6.9919322E-03  1.9368399E-03  5.0550923E-03
    3573  2.0336692E+03  1.3350247E+00  9.9354369E-01  3.4148097E-01 -2.5077817E-01 -2.3236266E-01 -1.8415513E-02  6.9761841E-03  1.9328780E-03  5.0433061E-03
    3574  2.0336786E+03  1.3351704E+00  9.9368143E-01  3.4148899E-01 -2.5279744E-01 -2.3399234E-01 -1.8805095E-02  6.9658965E-03  1.9348259E-03  5.0310706E-03
    3575  2.0336881E+03  1.3353242E+00  9.9382646E-01  3.4149771E-01 -2.5483759E-01 -2.3564203E-01 -1.9195564E-02  6.9483346E-03  1.9299720E-03  5.0183626E-03
    3576  2.0336975E+03  1.3354632E+00  9.9395772E-01  3.4150548E-01 -2.5686441E-01 -2.3728249E-01 -1.9581918E-02  6.9329190E-03  1.9276754E-03  5.0052436E-03
    3577  2.0337069E+03  1.3356159E+00  9.9410068E-01  3.4151523E-01 -2.5883933E-01 -2.3887304E-01 -1.9966285E-02  6.9171024E-03  1.9254131E-03  4.9916893E-03
    3578  2.0337163E+03  1.3357740E+00  9.9424935E-01  3.4152469E-01 -2.6075645E-01 -2.4040896E-01 -2.0347485E-02  6.9049982E-03  1.9273468E-03  4.9776514E-03
    3579  2.0337258E+03  1.3359191E+00  9.9438552E-01  3.4153354E-01 -2.6272473E-01 -2.4199502E-01 -2.0729703E-02  6.8830029E-03  1.9197739E-03  4.9632290E-03
    3580  2.0337352E+03  1.3360867E+00  9.9454259E-01  3.4154415E-01 -2.6460080E-01 -2.4349114E-01 -2.1109660E-02  6.8676823E-03  1.9193363E-03  4.9483460E-03
    3581  2.0337446E+03  1.3362319E+00  9.9467782E-01  3.4155404E-01 -2.6651200E-01 -2.4502547E-01 -2.1486535E-02  6.8506513E-03  1.9176830E-03  4.9329683E-03
    3582  2.0337540E+03  1.3364049E+00  9.9484002E-01  3.4156490E-01 -2.6833216E-01 -2.4647342E-01 -2.1858745E-02  6.8314709E-03  1.9142838E-03  4.9171871E-03
    3583  2.0337635E+03  1.3365578E+00  9.9498209E-01  3.4157567E-01 -2.7017833E-01 -2.4794435E-01 -2.2233978E-02  6.8129909E-03  1.9119867E-03  4.9010042E-03
    3584  2.0337729E+03  1.3367231E+00  9.9513619E-01  3.4158694E-01 -2.7196643E-01 -2.4936238E-01 -2.2604047E-02  6.7931818E-03  1.9088602E-03  4.8843217E-03
    3585  2.0337823E+03  1.3368842E+00  9.9528576E-01  3.4159843E-01 -2.7374435E-01 -2.5077204E-01 -2.2972312E-02  6.7773038E-03  1.9100569E-03  4.8672469E-03
    3586  2.0337917E+03  1.3370555E+00  9.9544513E-01  3.4161040E-01 -2.7547314E-01 -2.5213357E-01 -2.3339572E-02  6.7524662E-03  1.9027522E-03  4.8497140E-03
    3587  2.0338011E+03  1.3372158E+00  9.9559396E-01  3.4162187E-01 -2.7722490E-01 -2.5352042E-01 -2.3704476E-02  6.7374717E-03  1.9057125E-03  4.8317592E-03
    3588  2.0338106E+03  1.3373886E+00  9.9575382E-01  3.4163476E-01 -2.7889024E-01 -2.5482613E-01 -2.4064112E-02  6.7125932E-03  1.8991837E-03  4.8134095E-03
    3589  2.0338200E+03  1.3375583E+00  9.9591123E-01  3.4164712E-01 -2.8056154E-01 -2.5613678E-01 -2.4424758E-02  6.6938296E-03  1.8992216E-03  4.7946080E-03
    3590  2.0338294E+03  1.3377291E+00  9.9606883E-01  3.4166030E-01 -2.8220500E-01 -2.5742333E-01 -2.4781676E-02  6.6729937E-03  1.8976230E-03  4.7753706E-03
    3591  2.0338388E+03  1.3379004E+00  9.9622713E-01  3.4167327E-01 -2.8381027E-01 -2.5867603E-01 -2.5134238E-02  6.6492947E-03  1.8935713E-03  4.7557235E-03
    3592  2.0338483E+03  1.3380766E+00  9.9638881E-01  3.4168774E-01 -2.8538455E-01 -2.5989816E-01 -2.5486395E-02  6.6276929E-03  1.8920091E-03  4.7356838E-03
    3593  2.0338577E+03  1.3382461E+00  9.9654585E-01  3.4170023E-01 -2.8695135E-01 -2.6111364E-01 -2.5837711E-02  6.6065249E-03  1.8913382E-03  4.7151867E-03
    3594  2.0338671E+03  1.3384220E+00  9.9670727E-01  3.4171476E-01 -2.8846974E-01 -2.6228602E-01 -2.6183727E-02  6.5809834E-03  1.8867185E-03  4.6942649E-03
    3595  2.0338765E+03  1.3385983E+00  9.9686900E-01  3.4172929E-01 -2.8996976E-01 -2.6344257E-01 -2.6527186E-02  6.5587083E-03  1.8857350E-03  4.6729733E-03
    3596  2.0338860E+03  1.3387759E+00  9.9703272E-01  3.4174322E-01 -2.9145223E-01 -2.6458155E-01 -2.6870674E-02  6.5336973E-03  1.8824282E-03  4.6512691E-03
    3597  2.0338954E+03  1.3389533E+00  9.9719520E-01  3.4175807E-01 -2.9283966E-01 -2.6563011E-01 -2.7209544E-02  6.5114476E-03  1.8823358E-03  4.6291118E-03
    3598  2.0339048E+03  1.3391324E+00  9.9735902E-01  3.4177335E-01 -2.9432698E-01 -2.6677869E-01 -2.7548291E-02  6.4847504E-03  1.8782018E-03  4.6065487E-03
    3599  2.0339142E+03  1.3393054E+00  9.9751766E-01  3.4178775E-01 -2.9565745E-01 -2.6777732E-01 -2.7880130E-02  6.4594295E-03  1.8758172E-03  4.5836123E-03
    3600  2.0339236E+03  1.3394920E+00  9.9768783E-01  3.4180420E-01 -2.9705133E-01 -2.6883880E-01 -2.8212528E-02  6.4341733E-03  1.8739481E-03  4.5602252E-03
    3601  2.0339331E+03  1.3396672E+00  9.9784828E-01  3.4181891E-01 -2.9834901E-01 -2.6980733E-01 -2.8541680E-02  6.4082400E-03  1.8717562E-03  4.5364838E-03
    3602  2.0339425E+03  1.3398468E+00  9.9801187E-01  3.4183490E-01 -2.9963922E-01 -2.7077203E-01 -2.8867182E-02  6.3822490E-03  1.8699526E-03  4.5122964E-03
    3603  2.0339519E+03  1.3400284E+00  9.9817657E-01  3.4185182E-01 -3.0093648E-01 -2.7174688E-01 -2.9189603E-02  6.3527121E-03  1.8649902E-03  4.4877219E-03
    3604  2.0339613E+03  1.3402062E+00  9.9833963E-01  3.4186653E-01 -3.0216080E-01 -2.7265007E-01 -2.9510729E-02  6.3277228E-03  1.8649342E-03  4.4627886E-03
    3605  2.0339708E+03  1.3403912E+00  9.9850692E-01  3.4188430E-01 -3.0334701E-01 -2.7352124E-01 -2.9825769E-02  6.2996346E-03  1.8622219E-03  4.4374127E-03
    3606  2.0339802E+03  1.3405669E+00  9.9866627E-01  3.4190064E-01 -3.0456187E-01 -2.7442063E-01 -3.0141242E-02  6.2729734E-03  1.8612677E-03  4.4117057E-03
    3607  2.0339896E+03  1.3407556E+00  9.9883787E-01  3.4191772E-01 -3.0567351E-01 -2.7522085E-01 -3.0452666E-02  6.2412817E-03  1.8556813E-03  4.3856004E-03
    3608  2.0339990E+03  1.3409295E+00  9.9899528E-01  3.4193427E-01 -3.0683796E-01 -2.7607648E-01 -3.0761479E-02  6.2170023E-03  1.8579149E-03  4.3590875E-03
    3609  2.0340085E+03  1.3411105E+00  9.9915883E-01  3.4195164E-01 -3.0788951E-01 -2.7682370E-01 -3.1065809E-02  6.1851856E-03  1.8529728E-03  4.3322129E-03
    3610  2.0340179E+03  1.3412931E+00  9.9932384E-01  3.4196923E-01 -3.0897055E-01 -2.7760042E-01 -3.1370124E-02  6.1564709E-03  1.8515290E-03  4.3049419E-03
    3611  2.0340273E+03  1.3414677E+00  9.9948184E-01  3.4198589E-01 -3.0998818E-01 -2.7832169E-01 -3.1666493E-02  6.1263746E-03  1.8490813E-03  4.2772933E-03
    3612  2.0340367E+03  1.3416582E+00  9.9965403E-01  3.4200419E-01 -3.1099133E-01 -2.7902836E-01 -3.1962964E-02  6.0945188E-03  1.8452013E-03  4.2493175E-03
    3613  2.0340461E+03  1.3418271E+00  9.9980550E-01  3.4202163E-01 -3.1196074E-01 -2.7970270E-01 -3.2258041E-02  6.0662689E-03  1.8453377E-03  4.2209312E-03
    3614  2.0340556E+03  1.3420126E+00  9.9997315E-01  3.4203944E-01 -3.1289785E-01 -2.8034994E-01 -3.2547909E-02  6.0336158E-03  1.8414956E-03  4.1921202E-03
    3615  2.0340650E+03  1.3421885E+00  1.0001309E+00  3.4205754E-01 -3.1381301E-01 -2.8097913E-01 -3.2833877E-02  6.0025069E-03  1.8394945E-03  4.1630124E-03
    3616  2.0340744E+03  1.3423685E+00  1.0002927E+00  3.4207577E-01 -3.1467571E-01 -2.8155816E-01 -3.3117550E-02  5.9725528E-03  1.8389782E-03  4.1335745E-03
    3617  2.0340838E+03  1.3425427E+00  1.0004488E+00  3.4209387E-01 -3.1552956E-01 -2.8213009E-01 -3.3399469E-02  5.9397478E-03  1.8360105E-03  4.1037374E-03
    3618  2.0340933E+03  1.3427193E+00  1.0006072E+00  3.4211213E-01 -3.1635288E-01 -2.8267731E-01 -3.3675569E-02  5.9059545E-03  1.8324284E-03  4.0735261E-03
    3619  2.0341027E+03  1.3428958E+00  1.0007651E+00  3.4213079E-01 -3.1712567E-01 -2.8317681E-01 -3.3948858E-02  5.8754732E-03  1.8324677E-03  4.0430055E-03
    3620  2.0341121E+03  1.3430723E+00  1.0009230E+00  3.4214930E-01 -3.1788795E-01 -2.8366683E-01 -3.4221119E-02  5.8408037E-03  1.8286889E-03  4.0121148E-03
    3621  2.0341215E+03  1.3432450E+00  1.0010773E+00  3.4216762E-01 -3.1862547E-01 -2.8413718E-01 -3.4488298E-02  5.8074687E-03  1.8266366E-03  3.9808321E-03
    3622  2.0341310E+03  1.3434170E+00  1.0012303E+00  3.4218669E-01 -3.1928841E-01 -2.8453667E-01 -3.4751735E-02  5.7718606E-03  1.8226188E-03  3.9492418E-03
    3623  2.0341404E+03  1.3435904E+00  1.0013852E+00  3.4220519E-01 -3.1995149E-01 -2.8493758E-01 -3.5013906E-02  5.7406015E-03  1.8233012E-03  3.9173003E-03
    3624  2.0341498E+03  1.3437595E+00  1.0015356E+00  3.4222385E-01 -3.2060583E-01 -2.8533501E-01 -3.5270824E-02  5.7039027E-03  1.8188892E-03  3.8850135E-03
    3625  2.0341592E+03  1.3439296E+00  1.0016867E+00  3.4224290E-01 -3.2119969E-01 -2.8567629E-01 -3.5523401E-02  5.6703516E-03  1.8179289E-03  3.8524227E-03
    3626  2.0341686E+03  1.3440968E+00  1.0018350E+00  3.4226187E-01 -3.2172793E-01 -2.8595412E-01 -3.5773808E-02  5.6343583E-03  1.8148759E-03  3.8194824E-03
    3627  2.0341781E+03  1.3442658E+00  1.0019847E+00  3.4228119E-01 -3.2232937E-01 -2.8630617E-01 -3.6023199E-02  5.5995730E-03  1.8133662E-03  3.7862068E-03
    3628  2.0341875E+03  1.3444276E+00  1.0021280E+00  3.4229958E-01 -3.2276829E-01 -2.8650326E-01 -3.6265036E-02  5.5642001E-03  1.8115635E-03  3.7526366E-03
    3629  2.0341969E+03  1.3445984E+00  1.0022792E+00  3.4231923E-01 -3.2330595E-01 -2.8679924E-01 -3.6506705E-02  5.5270700E-03  1.8084042E-03  3.7186658E-03
    3630  2.0342063E+03  1.3447558E+00  1.0024182E+00  3.4233762E-01 -3.2370874E-01 -2.8697034E-01 -3.6738404E-02  5.4919115E-03  1.8074589E-03  3.6844526E-03
    3631  2.0342158E+03  1.3449174E+00  1.0025609E+00  3.4235656E-01 -3.2413132E-01 -2.8715962E-01 -3.6971706E-02  5.4560365E-03  1.8060455E-03  3.6499909E-03
    3632  2.0342252E+03  1.3450763E+00  1.0026997E+00  3.4237668E-01 -3.2449693E-01 -2.8729441E-01 -3.7202528E-02  5.4156061E-03  1.8004644E-03  3.6151417E-03
    3633  2.0342346E+03  1.3452344E+00  1.0028401E+00  3.4239435E-01 -3.2486614E-01 -2.8743782E-01 -3.7428317E-02  5.3813948E-03  1.8014651E-03  3.5799297E-03
    3634  2.0342440E+03  1.3453917E+00  1.0029773E+00  3.4241448E-01 -3.2517717E-01 -2.8752954E-01 -3.7647630E-02  5.3449341E-03  1.8004388E-03  3.5444953E-03
    3635  2.0342535E+03  1.3455429E+00  1.0031098E+00  3.4243309E-01 -3.2544882E-01 -2.8758326E-01 -3.7865550E-02  5.3032094E-03  1.7943924E-03  3.5088170E-03
    3636  2.0342629E+03  1.3456980E+00  1.0032460E+00  3.4245198E-01 -3.2571187E-01 -2.8762914E-01 -3.8082723E-02  5.2674676E-03  1.7947236E-03  3.4727439E-03
    3637  2.0342723E+03  1.3458467E+00  1.0033754E+00  3.4247132E-01 -3.2594204E-01 -2.8764980E-01 -3.8292242E-02  5.2290529E-03  1.7926961E-03  3.4363569E-03
    3638  2.0342817E+03  1.3459963E+00  1.0035065E+00  3.4248979E-01 -3.2611993E-01 -2.8762235E-01 -3.8497584E-02  5.1886125E-03  1.7888560E-03  3.3997565E-03
    3639  2.0342912E+03  1.3461416E+00  1.0036325E+00  3.4250910E-01 -3.2627936E-01 -2.8757659E-01 -3.8702772E-02  5.1496928E-03  1.7868549E-03  3.3628378E-03
    3640  2.0343006E+03  1.3462860E+00  1.0037582E+00  3.4252780E-01 -3.2641558E-01 -2.8751219E-01 -3.8903388E-02  5.1104156E-03  1.7848355E-03  3.3255801E-03
    3641  2.0343100E+03  1.3464242E+00  1.0038780E+00  3.4254628E-01 -3.2650295E-01 -2.8740639E-01 -3.9096561E-02  5.0710544E-03  1.7829617E-03  3.2880928E-03
    3642  2.0343194E+03  1.3465685E+00  1.0040032E+00  3.4256533E-01 -3.2657716E-01 -2.8728710E-01 -3.9290063E-02  5.0323979E-03  1.7820092E-03  3.2503887E-03
    3643  2.0343288E+03  1.3467012E+00  1.0041175E+00  3.4258363E-01 -3.2657989E-01 -2.8709968E-01 -3.9480205E-02  4.9898859E-03  1.7775685E-03  3.2123174E-03
    3644  2.0343383E+03  1.3468450E+00  1.0042425E+00  3.4260253E-01 -3.2663539E-01 -2.8697150E-01 -3.9663889E-02  4.9526844E-03  1.7787258E-03  3.1739586E-03
    3645  2.0343477E+03  1.3469707E+00  1.0043498E+00  3.4262091E-01 -3.2655393E-01 -2.8671098E-01 -3.9842943E-02  4.9090860E-03  1.7736063E-03  3.1354798E-03
    3646  2.0343571E+03  1.3471007E+00  1.0044614E+00  3.4263934E-01 -3.2651389E-01 -2.8649235E-01 -4.0021532E-02  4.8714558E-03  1.7747827E-03  3.0966731E-03
    3647  2.0343665E+03  1.3472326E+00  1.0045753E+00  3.4265732E-01 -3.2642348E-01 -2.8623197E-01 -4.0191506E-02  4.8284843E-03  1.7708850E-03  3.0575993E-03
    3648  2.0343760E+03  1.3473542E+00  1.0046786E+00  3.4267561E-01 -3.2628808E-01 -2.8592763E-01 -4.0360446E-02  4.7879904E-03  1.7696719E-03  3.0183186E-03
    3649  2.0343854E+03  1.3474797E+00  1.0047860E+00  3.4269372E-01 -3.2613615E-01 -2.8561012E-01 -4.0526021E-02  4.7487979E-03  1.7700345E-03  2.9787634E-03
    3650  2.0343948E+03  1.3475960E+00  1.0048842E+00  3.4271174E-01 -3.2594218E-01 -2.8525321E-01 -4.0688976E-02  4.7035824E-03  1.7646276E-03  2.9389548E-03
    3651  2.0344042E+03  1.3477210E+00  1.0049920E+00  3.4272904E-01 -3.2574659E-01 -2.8490387E-01 -4.0842722E-02  4.6621387E-03  1.7632770E-03  2.8988617E-03
    3652  2.0344137E+03  1.3478272E+00  1.0050806E+00  3.4274654E-01 -3.2546127E-01 -2.8446666E-01 -4.0994618E-02  4.6205480E-03  1.7618800E-03  2.8586679E-03
    3653  2.0344231E+03  1.3479441E+00  1.0051793E+00  3.4276475E-01 -3.2520658E-01 -2.8405685E-01 -4.1149723E-02  4.5757021E-03  1.7575338E-03  2.8181684E-03
    3654  2.0344325E+03  1.3480455E+00  1.0052639E+00  3.4278160E-01 -3.2485667E-01 -2.8356402E-01 -4.1292650E-02  4.5360855E-03  1.7587904E-03  2.7772951E-03
    3655  2.0344419E+03  1.3481663E+00  1.0053672E+00  3.4279906E-01 -3.2457131E-01 -2.8313816E-01 -4.1433150E-02  4.4905358E-03  1.7541902E-03  2.7363455E-03
    3656  2.0344513E+03  1.3482568E+00  1.0054413E+00  3.4281544E-01 -3.2413581E-01 -2.8256731E-01 -4.1568501E-02  4.4472699E-03  1.7520315E-03  2.6952384E-03
    3657  2.0344608E+03  1.3483675E+00  1.0055345E+00  3.4283303E-01 -3.2377184E-01 -2.8206697E-01 -4.1704870E-02  4.4057550E-03  1.7519524E-03  2.6538027E-03
    3658  2.0344702E+03  1.3484548E+00  1.0056064E+00  3.4284838E-01 -3.2333131E-01 -2.8150103E-01 -4.1830280E-02  4.3634822E-03  1.7512745E-03  2.6122078E-03
    3659  2.0344796E+03  1.3485585E+00  1.0056917E+00  3.4286678E-01 -3.2283282E-01 -2.8087428E-01 -4.1958540E-02  4.3159188E-03  1.7455164E-03  2.5704023E-03
    3660  2.0344890E+03  1.3486442E+00  1.0057628E+00  3.4288146E-01 -3.2232332E-01 -2.8024816E-01 -4.2075161E-02  4.2729174E-03  1.7445789E-03  2.5283385E-03
    3661  2.0344985E+03  1.3487327E+00  1.0058350E+00  3.4289767E-01 -3.2183549E-01 -2.7964240E-01 -4.2193093E-02  4.2318726E-03  1.7456624E-03  2.4862102E-03
    3662  2.0345079E+03  1.3488188E+00  1.0059043E+00  3.4291452E-01 -3.2124225E-01 -2.7893123E-01 -4.2311017E-02  4.1876953E-03  1.7439000E-03  2.4437952E-03
    3663  2.0345173E+03  1.3489024E+00  1.0059730E+00  3.4292943E-01 -3.2065007E-01 -2.7823436E-01 -4.2415705E-02  4.1400863E-03  1.7389554E-03  2.4011310E-03
    3664  2.0345267E+03  1.3489818E+00  1.0060366E+00  3.4294523E-01 -3.2007418E-01 -2.7754908E-01 -4.2525100E-02  4.0968133E-03  1.7384146E-03  2.3583988E-03
    3665  2.0345362E+03  1.3490576E+00  1.0060970E+00  3.4296056E-01 -3.1933381E-01 -2.7671203E-01 -4.2621785E-02  4.0522317E-03  1.7368295E-03  2.3154022E-03
    3666  2.0345456E+03  1.3491289E+00  1.0061539E+00  3.4297503E-01 -3.1872572E-01 -2.7600870E-01 -4.2717021E-02  4.0086405E-03  1.7363429E-03  2.2722975E-03
    3667  2.0345550E+03  1.3491997E+00  1.0062096E+00  3.4299010E-01 -3.1795767E-01 -2.7514543E-01 -4.2812245E-02  3.9600962E-03  1.7310798E-03  2.2290164E-03
    3668  2.0345644E+03  1.3492636E+00  1.0062587E+00  3.4300487E-01 -3.1725700E-01 -2.7435759E-01 -4.2899411E-02  3.9166653E-03  1.7312050E-03  2.1854603E-03
    3669  2.0345738E+03  1.3493267E+00  1.0063081E+00  3.4301864E-01 -3.1642337E-01 -2.7344224E-01 -4.2981133E-02  3.8733513E-03  1.7315045E-03  2.1418468E-03
    3670  2.0345833E+03  1.3493882E+00  1.0063548E+00  3.4303337E-01 -3.1569001E-01 -2.7262465E-01 -4.3065357E-02  3.8251716E-03  1.7270985E-03  2.0980731E-03
    3671  2.0345927E+03  1.3494441E+00  1.0063975E+00  3.4304666E-01 -3.1478304E-01 -2.7164501E-01 -4.3138031E-02  3.7805155E-03  1.7264162E-03  2.0540993E-03
    3672  2.0346021E+03  1.3494942E+00  1.0064337E+00  3.4306053E-01 -3.1396379E-01 -2.7075253E-01 -4.3211257E-02  3.7353334E-03  1.7253354E-03  2.0099980E-03
    3673  2.0346115E+03  1.3495499E+00  1.0064763E+00  3.4307360E-01 -3.1303697E-01 -2.6975937E-01 -4.3277606E-02  3.6876626E-03  1.7219062E-03  1.9657564E-03
    3674  2.0346210E+03  1.3495878E+00  1.0065017E+00  3.4308602E-01 -3.1213070E-01 -2.6879132E-01 -4.3339372E-02  3.6411162E-03  1.7197453E-03  1.9213709E-03
    3675  2.0346304E+03  1.3496341E+00  1.0065350E+00  3.4309909E-01 -3.1115482E-01 -2.6775714E-01 -4.3397684E-02  3.5976320E-03  1.7207603E-03  1.8768717E-03
    3676  2.0346398E+03  1.3496734E+00  1.0065623E+00  3.4311113E-01 -3.1018328E-01 -2.6672903E-01 -4.3454250E-02  3.5504588E-03  1.7182415E-03  1.8322173E-03
    3677  2.0346492E+03  1.3497046E+00  1.0065809E+00  3.4312367E-01 -3.0914903E-01 -2.6564356E-01 -4.3505466E-02  3.5015558E-03  1.7141664E-03  1.7873894E-03
    3678  2.0346587E+03  1.3497473E+00  1.0066116E+00  3.4313577E-01 -3.0812103E-01 -2.6457056E-01 -4.3550469E-02  3.4568143E-03  1.7143668E-03  1.7424476E-03
    3679  2.0346681E+03  1.3497638E+00  1.0066178E+00  3.4314605E-01 -3.0704298E-01 -2.6345212E-01 -4.3590861E-02  3.4115080E-03  1.7140205E-03  1.6974875E-03
    3680  2.0346775E+03  1.3498001E+00  1.0066413E+00  3.4315882E-01 -3.0592317E-01 -2.6229132E-01 -4.3631845E-02  3.3634569E-03  1.7110966E-03  1.6523603E-03
    3681  2.0346869E+03  1.3498150E+00  1.0066463E+00  3.4316868E-01 -3.0480959E-01 -2.6114343E-01 -4.3666155E-02  3.3148195E-03  1.7077955E-03  1.6070240E-03
    3682  2.0346964E+03  1.3498306E+00  1.0066510E+00  3.4317966E-01 -3.0363214E-01 -2.5993915E-01 -4.3692984E-02  3.2721758E-03  1.7105264E-03  1.5616494E-03
    3683  2.0347058E+03  1.3498478E+00  1.0066578E+00  3.4319006E-01 -3.0245437E-01 -2.5873486E-01 -4.3719513E-02  3.2212986E-03  1.7050517E-03  1.5162469E-03
    3684  2.0347152E+03  1.3498629E+00  1.0066625E+00  3.4320035E-01 -3.0121423E-01 -2.5747024E-01 -4.3743983E-02  3.1764107E-03  1.7057715E-03  1.4706391E-03
    3685  2.0347246E+03  1.3498640E+00  1.0066550E+00  3.4320906E-01 -2.9997417E-01 -2.5621905E-01 -4.3755115E-02  3.1267284E-03  1.7018029E-03  1.4249256E-03
    3686  2.0347340E+03  1.3498715E+00  1.0066525E+00  3.4321907E-01 -2.9869530E-01 -2.5492704E-01 -4.3768259E-02  3.0832182E-03  1.7039378E-03  1.3792803E-03
    3687  2.0347435E+03  1.3498725E+00  1.0066440E+00  3.4322851E-01 -2.9739034E-01 -2.5360616E-01 -4.3784187E-02  3.0331250E-03  1.6996982E-03  1.3334268E-03
    3688  2.0347529E+03  1.3498708E+00  1.0066342E+00  3.4323658E-01 -2.9606614E-01 -2.5228278E-01 -4.3783358E-02  2.9869274E-03  1.6995097E-03  1.2874177E-03
    3689  2.0347623E+03  1.3498628E+00  1.0066177E+00  3.4324513E-01 -2.9469987E-01 -2.5091537E-01 -4.3784493E-02  2.9386358E-03  1.6971196E-03  1.2415162E-03
    3690  2.0347717E+03  1.3498455E+00  1.0065925E+00  3.4325303E-01 -2.9326324E-01 -2.4948342E-01 -4.3779825E-02  2.8928175E-03  1.6973853E-03  1.1954322E-03
    3691  2.0347812E+03  1.3498414E+00  1.0065803E+00  3.4326106E-01 -2.9193062E-01 -2.4815694E-01 -4.3773679E-02  2.8444114E-03  1.6951338E-03  1.1492776E-03
    3692  2.0347906E+03  1.3498126E+00  1.0065448E+00  3.4326786E-01 -2.9037600E-01 -2.4661533E-01 -4.3760663E-02  2.7956345E-03  1.6925059E-03  1.1031286E-03
    3693  2.0348000E+03  1.3498112E+00  1.0065349E+00  3.4327629E-01 -2.8901810E-01 -2.4526981E-01 -4.3748295E-02  2.7483584E-03  1.6915803E-03  1.0567781E-03
    3694  2.0348094E+03  1.3497680E+00  1.0064874E+00  3.4328059E-01 -2.8743722E-01 -2.4371709E-01 -4.3720126E-02  2.7026022E-03  1.6921058E-03  1.0104963E-03
    3695  2.0348189E+03  1.3497538E+00  1.0064650E+00  3.4328880E-01 -2.8594261E-01 -2.4224537E-01 -4.3697241E-02  2.6522818E-03  1.6880431E-03  9.6423866E-04
    3696  2.0348283E+03  1.3497095E+00  1.0064160E+00  3.4329349E-01 -2.8435969E-01 -2.4069336E-01 -4.3666338E-02  2.6069160E-03  1.6890787E-03  9.1783728E-04
    3697  2.0348377E+03  1.3496887E+00  1.0063887E+00  3.4330008E-01 -2.8280894E-01 -2.3917488E-01 -4.3634061E-02  2.5577865E-03  1.6864198E-03  8.7136666E-04
    3698  2.0348471E+03  1.3496361E+00  1.0063315E+00  3.4330467E-01 -2.8115957E-01 -2.3756475E-01 -4.3594819E-02  2.5102105E-03  1.6852786E-03  8.2493184E-04
    3699  2.0348565E+03  1.3496017E+00  1.0062923E+00  3.4330942E-01 -2.7954936E-01 -2.3599285E-01 -4.3556512E-02  2.4633277E-03  1.6848790E-03  7.7844862E-04
    3700  2.0348660E+03  1.3495588E+00  1.0062448E+00  3.4331404E-01 -2.7789271E-01 -2.3438258E-01 -4.3510126E-02  2.4131591E-03  1.6812695E-03  7.3188964E-04
    3701  2.0348754E+03  1.3495080E+00  1.0061903E+00  3.4331775E-01 -2.7619273E-01 -2.3273480E-01 -4.3457930E-02  2.3688762E-03  1.6835570E-03  6.8531916E-04
    3702  2.0348848E+03  1.3494562E+00  1.0061338E+00  3.4332246E-01 -2.7446524E-01 -2.3105977E-01 -4.3405472E-02  2.3175953E-03  1.6788283E-03  6.3876702E-04
    3703  2.0348942E+03  1.3493978E+00  1.0060723E+00  3.4332549E-01 -2.7272234E-01 -2.2937770E-01 -4.3344638E-02  2.2734116E-03  1.6812280E-03  5.9218359E-04
    3704  2.0349037E+03  1.3493438E+00  1.0060155E+00  3.4332823E-01 -2.7097982E-01 -2.2769280E-01 -4.3287015E-02  2.2221383E-03  1.6764849E-03  5.4565336E-04
    3705  2.0349131E+03  1.3492788E+00  1.0059476E+00  3.4333119E-01 -2.6917215E-01 -2.2595634E-01 -4.3215813E-02  2.1770543E-03  1.6780969E-03  4.9895741E-04
    3706  2.0349225E+03  1.3492116E+00  1.0058785E+00  3.4333308E-01 -2.6732958E-01 -2.2418587E-01 -4.3143705E-02  2.1292855E-03  1.6768140E-03  4.5247159E-04
    3707  2.0349319E+03  1.3491466E+00  1.0058114E+00  3.4333520E-01 -2.6552196E-01 -2.2245061E-01 -4.3071352E-02  2.0809157E-03  1.6750207E-03  4.0589498E-04
    3708  2.0349414E+03  1.3490727E+00  1.0057360E+00  3.4333675E-01 -2.6363444E-01 -2.2064190E-01 -4.2992541E-02  2.0320684E-03  1.6727892E-03  3.5927920E-04
    3709  2.0349508E+03  1.3489988E+00  1.0056604E+00  3.4333833E-01 -2.6173665E-01 -2.1882803E-01 -4.2908613E-02  1.9856025E-03  1.6729192E-03  3.1268328E-04
    3710  2.0349602E+03  1.3489197E+00  1.0055816E+00  3.4333805E-01 -2.5982862E-01 -2.1700903E-01 -4.2819587E-02  1.9379667E-03  1.6717740E-03  2.6619278E-04
    3711  2.0349696E+03  1.3488385E+00  1.0054992E+00  3.4333934E-01 -2.5787212E-01 -2.1514342E-01 -4.2728706E-02  1.8901902E-03  1.6704954E-03  2.1969479E-04
    3712  2.0349790E+03  1.3487533E+00  1.0054142E+00  3.4333912E-01 -2.5591362E-01 -2.1327906E-01 -4.2634556E-02  1.8420426E-03  1.6688826E-03  1.7316001E-04
    3713  2.0349885E+03  1.3486633E+00  1.0053246E+00  3.4333863E-01 -2.5390204E-01 -2.1136892E-01 -4.2533120E-02  1.7954469E-03  1.6687662E-03  1.2668064E-04
    3714  2.0349979E+03  1.3485738E+00  1.0052354E+00  3.4333831E-01 -2.5189914E-01 -2.0946870E-01 -4.2430438E-02  1.7491201E-03  1.6688314E-03  8.0288650E-05
    3715  2.0350073E+03  1.3484833E+00  1.0051462E+00  3.4333713E-01 -2.4987759E-01 -2.0755412E-01 -4.2323472E-02  1.6998272E-03  1.6659163E-03  3.3910926E-05
    3716  2.0350167E+03  1.3483777E+00  1.0050421E+00  3.4333561E-01 -2.4776330E-01 -2.0555223E-01 -4.2211071E-02  1.6534550E-03  1.6659247E-03 -1.2469708E-05
    3717  2.0350262E+03  1.3482882E+00  1.0049545E+00  3.4333369E-01 -2.4571776E-01 -2.0362266E-01 -4.2095095E-02  1.6062050E-03  1.6649796E-03 -5.8774670E-05
    3718  2.0350356E+03  1.3481781E+00  1.0048468E+00  3.4333138E-01 -2.4358993E-01 -2.0161586E-01 -4.1974069E-02  1.5597299E-03  1.6646832E-03 -1.0495328E-04
    3719  2.0350450E+03  1.3480734E+00  1.0047443E+00  3.4332905E-01 -2.4145564E-01 -1.9960321E-01 -4.1852436E-02  1.5110354E-03  1.6621825E-03 -1.5114713E-04
    3720  2.0350544E+03  1.3479673E+00  1.0046408E+00  3.4332649E-01 -2.3930390E-01 -1.9758015E-01 -4.1723747E-02  1.4654135E-03  1.6627230E-03 -1.9730950E-04
    3721  2.0350639E+03  1.3478543E+00  1.0045316E+00  3.4332272E-01 -2.3711789E-01 -1.9552403E-01 -4.1593856E-02  1.4195410E-03  1.6628699E-03 -2.4332886E-04
    3722  2.0350733E+03  1.3477386E+00  1.0044190E+00  3.4331963E-01 -2.3491097E-01 -1.9345171E-01 -4.1459258E-02  1.3715774E-03  1.6609352E-03 -2.8935778E-04
    3723  2.0350827E+03  1.3476222E+00  1.0043073E+00  3.4331498E-01 -2.3269864E-01 -1.9138224E-01 -4.1316404E-02  1.3241807E-03  1.6594739E-03 -3.3529324E-04
    3724  2.0350921E+03  1.3475040E+00  1.0041930E+00  3.4331101E-01 -2.3044017E-01 -1.8926616E-01 -4.1174013E-02  1.2785095E-03  1.6595749E-03 -3.8106540E-04
    3725  2.0351015E+03  1.3473789E+00  1.0040733E+00  3.4330562E-01 -2.2817948E-01 -1.8715633E-01 -4.1023157E-02  1.2322306E-03  1.6590722E-03 -4.2684167E-04
    3726  2.0351110E+03  1.3472548E+00  1.0039540E+00  3.4330077E-01 -2.2586638E-01 -1.8499466E-01 -4.0871717E-02  1.1857020E-03  1.6581262E-03 -4.7242426E-04
    3727  2.0351204E+03  1.3471293E+00  1.0038342E+00  3.4329514E-01 -2.2358307E-01 -1.8286465E-01 -4.0718418E-02  1.1389326E-03  1.6569530E-03 -5.1802037E-04
    3728  2.0351298E+03  1.3469993E+00  1.0037099E+00  3.4328935E-01 -2.2123408E-01 -1.8067673E-01 -4.0557350E-02  1.0920443E-03  1.6555656E-03 -5.6352132E-04
    3729  2.0351392E+03  1.3468648E+00  1.0035815E+00  3.4328336E-01 -2.1888609E-01 -1.7849163E-01 -4.0394463E-02  1.0478127E-03  1.6567007E-03 -6.0888803E-04
    3730  2.0351487E+03  1.3467262E+00  1.0034499E+00  3.4327624E-01 -2.1649537E-01 -1.7626701E-01 -4.0228359E-02  1.0000261E-03  1.6541512E-03 -6.5412506E-04
    3731  2.0351581E+03  1.3465982E+00  1.0033280E+00  3.4327018E-01 -2.1412564E-01 -1.7406669E-01 -4.0058955E-02  9.5465812E-04  1.6540088E-03 -6.9935064E-04
    3732  2.0351675E+03  1.3464509E+00  1.0031893E+00  3.4326159E-01 -2.1169496E-01 -1.7181538E-01 -3.9879586E-02  9.0960402E-04  1.6540015E-03 -7.4439752E-04
    3733  2.0351769E+03  1.3463157E+00  1.0030605E+00  3.4325515E-01 -2.0925416E-01 -1.6955180E-01 -3.9702359E-02  8.6381843E-04  1.6530500E-03 -7.8923155E-04
    3734  2.0351864E+03  1.3461624E+00  1.0029156E+00  3.4324681E-01 -2.0678916E-01 -1.6726914E-01 -3.9520026E-02  8.1854421E-04  1.6526056E-03 -8.3406142E-04
    3735  2.0351958E+03  1.3460307E+00  1.0027920E+00  3.4323876E-01 -2.0435012E-01 -1.6501511E-01 -3.9335008E-02  7.7447485E-04  1.6532293E-03 -8.7875440E-04
    3736  2.0352052E+03  1.3458674E+00  1.0026380E+00  3.4322942E-01 -2.0181544E-01 -1.6267319E-01 -3.9142247E-02  7.2968716E-04  1.6529658E-03 -9.2327859E-04
    3737  2.0352146E+03  1.3457263E+00  1.0025049E+00  3.4322134E-01 -1.9931943E-01 -1.6036833E-01 -3.8951098E-02  6.8409587E-04  1.6517769E-03 -9.6768100E-04
    3738  2.0352241E+03  1.3455664E+00  1.0023552E+00  3.4321114E-01 -1.9678093E-01 -1.5802890E-01 -3.8752027E-02  6.3870008E-04  1.6506726E-03 -1.0119725E-03
    3739  2.0352335E+03  1.3454239E+00  1.0022215E+00  3.4320240E-01 -1.9423210E-01 -1.5568096E-01 -3.8551135E-02  5.9468841E-04  1.6507561E-03 -1.0560677E-03
    3740  2.0352429E+03  1.3452590E+00  1.0020670E+00  3.4319201E-01 -1.9165412E-01 -1.5330596E-01 -3.8348164E-02  5.5116589E-04  1.6512145E-03 -1.1000486E-03
    3741  2.0352523E+03  1.3451068E+00  1.0019248E+00  3.4318196E-01 -1.8908321E-01 -1.5094406E-01 -3.8139142E-02  5.0502963E-04  1.6489713E-03 -1.1439416E-03
    3742  2.0352617E+03  1.3449421E+00  1.0017710E+00  3.4317117E-01 -1.8645668E-01 -1.4852946E-01 -3.7927222E-02  4.6236602E-04  1.6499608E-03 -1.1875947E-03
    3743  2.0352712E+03  1.3447843E+00  1.0016237E+00  3.4316061E-01 -1.8383214E-01 -1.4612021E-01 -3.7711935E-02  4.1677529E-04  1.6478984E-03 -1.2311231E-03
    3744  2.0352806E+03  1.3446204E+00  1.0014711E+00  3.4314928E-01 -1.8119758E-01 -1.4370480E-01 -3.7492780E-02  3.7696376E-04  1.6514479E-03 -1.2744841E-03
    3745  2.0352900E+03  1.3444595E+00  1.0013214E+00  3.4313807E-01 -1.7854029E-01 -1.4127106E-01 -3.7269228E-02  3.2890921E-04  1.6465882E-03 -1.3176789E-03
    3746  2.0352994E+03  1.3442885E+00  1.0011626E+00  3.4312597E-01 -1.7584456E-01 -1.3880190E-01 -3.7042662E-02  2.8765169E-04  1.6483690E-03 -1.3607173E-03
    3747  2.0353089E+03  1.3441255E+00  1.0010119E+00  3.4311353E-01 -1.7317992E-01 -1.3636635E-01 -3.6813572E-02  2.4495444E-04  1.6485420E-03 -1.4035875E-03
    3748  2.0353183E+03  1.3439533E+00  1.0008518E+00  3.4310152E-01 -1.7043212E-01 -1.3385268E-01 -3.6579445E-02  1.9995715E-04  1.6461930E-03 -1.4462358E-03
    3749  2.0353277E+03  1.3437928E+00  1.0007036E+00  3.4308920E-01 -1.6775215E-01 -1.3141111E-01 -3.6341038E-02  1.6004288E-04  1.6488172E-03 -1.4887743E-03
    3750  2.0353371E+03  1.3436107E+00  1.0005352E+00  3.4307549E-01 -1.6496797E-01 -1.2886930E-01 -3.6098666E-02  1.1484025E-04  1.6458434E-03 -1.5310031E-03
    3751  2.0353466E+03  1.3434450E+00  1.0003824E+00  3.4306261E-01 -1.6223426E-01 -1.2637775E-01 -3.5856511E-02  7.4462163E-05  1.6475428E-03 -1.5730807E-03
    3752  2.0353560E+03  1.3432658E+00  1.0002162E+00  3.4304958E-01 -1.5943960E-01 -1.2383194E-01 -3.5607664E-02  3.1515924E-05  1.6465585E-03 -1.6150426E-03
    3753  2.0353654E+03  1.3431042E+00  1.0000687E+00  3.4303551E-01 -1.5667958E-01 -1.2132217E-01 -3.5357409E-02 -8.5085329E-06  1.6482096E-03 -1.6567182E-03
    3754  2.0353748E+03  1.3429174E+00  9.9989620E-01  3.4302118E-01 -1.5384379E-01 -1.1873982E-01 -3.5103971E-02 -5.2010319E-05  1.6461819E-03 -1.6981922E-03
    3755  2.0353842E+03  1.3427459E+00  9.9973851E-01  3.4300740E-01 -1.5103942E-01 -1.1618979E-01 -3.4849626E-02 -9.1484109E-05  1.6481225E-03 -1.7396066E-03
    3756  2.0353937E+03  1.3425664E+00  9.9957388E-01  3.4299247E-01 -1.4821546E-01 -1.1363038E-01 -3.4585083E-02 -1.3449466E-04  1.6462492E-03 -1.7807439E-03
    3757  2.0354031E+03  1.3423942E+00  9.9941597E-01  3.4297827E-01 -1.4534899E-01 -1.1102874E-01 -3.4320248E-02 -1.7419980E-04  1.6472986E-03 -1.8214984E-03
    3758  2.0354125E+03  1.3422117E+00  9.9924900E-01  3.4296271E-01 -1.4250445E-01 -1.0844922E-01 -3.4055235E-02 -2.1626603E-04  1.6459477E-03 -1.8622137E-03
    3759  2.0354219E+03  1.3420317E+00  9.9908379E-01  3.4294793E-01 -1.3960718E-01 -1.0582533E-01 -3.3781851E-02 -2.5450042E-04  1.6481827E-03 -1.9026832E-03
    3760  2.0354314E+03  1.3418537E+00  9.9892100E-01  3.4293274E-01 -1.3673650E-01 -1.0322686E-01 -3.3509639E-02 -2.9642849E-04  1.6464308E-03 -1.9428593E-03
    3761  2.0354408E+03  1.3416800E+00  9.9876312E-01  3.4291690E-01 -1.3381952E-01 -1.0058355E-01 -3.3235972E-02 -3.3598561E-04  1.6469181E-03 -1.9829037E-03
    3762  2.0354502E+03  1.3414941E+00  9.9859360E-01  3.4290051E-01 -1.3092639E-01 -9.7977392E-02 -3.2948998E-02 -3.7460223E-04  1.6481733E-03 -2.0227755E-03
    3763  2.0354596E+03  1.3413175E+00  9.9843225E-01  3.4288521E-01 -1.2797539E-01 -9.5307466E-02 -3.2667923E-02 -4.1720944E-04  1.6449516E-03 -2.0621611E-03
    3764  2.0354691E+03  1.3411292E+00  9.9826132E-01  3.4286786E-01 -1.2504684E-01 -9.2664807E-02 -3.2382034E-02 -4.5272223E-04  1.6487291E-03 -2.1014513E-03
    3765  2.0354785E+03  1.3409523E+00  9.9809973E-01  3.4285253E-01 -1.2209287E-01 -9.0001153E-02 -3.2091720E-02 -4.9480738E-04  1.6456707E-03 -2.1404781E-03
    3766  2.0354879E+03  1.3407753E+00  9.9793956E-01  3.4283579E-01 -1.1911874E-01 -8.7316194E-02 -3.1802550E-02 -5.3082836E-04  1.6484813E-03 -2.1793097E-03
    3767  2.0354973E+03  1.3405865E+00  9.9776813E-01  3.4281833E-01 -1.1616866E-01 -8.4664697E-02 -3.1503960E-02 -5.7038747E-04  1.6475363E-03 -2.2179238E-03
    3768  2.0355067E+03  1.3404137E+00  9.9761166E-01  3.4280205E-01 -1.1315869E-01 -8.1955689E-02 -3.1202997E-02 -6.0722094E-04  1.6489458E-03 -2.2561668E-03
    3769  2.0355162E+03  1.3402254E+00  9.9744140E-01  3.4278398E-01 -1.1015509E-01 -7.9251257E-02 -3.0903837E-02 -6.4805476E-04  1.6461586E-03 -2.2942133E-03
    3770  2.0355256E+03  1.3400490E+00  9.9728178E-01  3.4276722E-01 -1.0717246E-01 -7.6571368E-02 -3.0601097E-02 -6.8377478E-04  1.6482794E-03 -2.3320542E-03
    3771  2.0355350E+03  1.3398703E+00  9.9712051E-01  3.4274983E-01 -1.0413143E-01 -7.3843087E-02 -3.0288341E-02 -7.2088796E-04  1.6486982E-03 -2.3695861E-03
    3772  2.0355444E+03  1.3396856E+00  9.9695381E-01  3.4273183E-01 -1.0111242E-01 -7.1136248E-02 -2.9976168E-02 -7.5761458E-04  1.6491283E-03 -2.4067428E-03
    3773  2.0355539E+03  1.3395060E+00  9.9679172E-01  3.4271431E-01 -9.8060725E-02 -6.8396470E-02 -2.9664255E-02 -7.9505291E-04  1.6486121E-03 -2.4436650E-03
    3774  2.0355633E+03  1.3393256E+00  9.9662926E-01  3.4269630E-01 -9.5023436E-02 -6.5673944E-02 -2.9349492E-02 -8.2958556E-04  1.6508579E-03 -2.4804435E-03
    3775  2.0355727E+03  1.3391507E+00  9.9647225E-01  3.4267841E-01 -9.1968514E-02 -6.2940418E-02 -2.9028095E-02 -8.6798894E-04  1.6488809E-03 -2.5168699E-03
    3776  2.0355821E+03  1.3389704E+00  9.9631053E-01  3.4265989E-01 -8.8882094E-02 -6.0175888E-02 -2.8706205E-02 -9.0045063E-04  1.6524875E-03 -2.5529381E-03
    3777  2.0355916E+03  1.3387940E+00  9.9615163E-01  3.4264239E-01 -8.5819181E-02 -5.7433902E-02 -2.8385279E-02 -9.3704868E-04  1.6517798E-03 -2.5888284E-03
    3778  2.0356010E+03  1.3386142E+00  9.9599077E-01  3.4262338E-01 -8.2739905E-02 -5.4684295E-02 -2.8055610E-02 -9.7460471E-04  1.6498484E-03 -2.6244531E-03
    3779  2.0356104E+03  1.3384413E+00  9.9583620E-01  3.4260513E-01 -7.9644984E-02 -5.1922762E-02 -2.7722222E-02 -1.0045991E-03  1.6550288E-03 -2.6596279E-03
    3780  2.0356198E+03  1.3382622E+00  9.9567569E-01  3.4258648E-01 -7.6522015E-02 -4.9132023E-02 -2.7389991E-02 -1.0436270E-03  1.6509073E-03 -2.6945343E-03
    3781  2.0356293E+03  1.3380900E+00  9.9552232E-01  3.4256772E-01 -7.3439644E-02 -4.6380482E-02 -2.7059162E-02 -1.0771922E-03  1.6520842E-03 -2.7292764E-03
    3782  2.0356387E+03  1.3379137E+00  9.9536467E-01  3.4254905E-01 -7.0316964E-02 -4.3600013E-02 -2.6716951E-02 -1.1110824E-03  1.6526666E-03 -2.7637490E-03
    3783  2.0356481E+03  1.3377455E+00  9.9521510E-01  3.4253037E-01 -6.7190862E-02 -4.0816119E-02 -2.6374743E-02 -1.1426663E-03  1.6550678E-03 -2.7977342E-03
    3784  2.0356575E+03  1.3375708E+00  9.9505939E-01  3.4251140E-01 -6.4058087E-02 -3.8022913E-02 -2.6035173E-02 -1.1766515E-03  1.6548161E-03 -2.8314676E-03
    3785  2.0356669E+03  1.3374032E+00  9.9491066E-01  3.4249257E-01 -6.0926822E-02 -3.5239731E-02 -2.5687091E-02 -1.2141384E-03  1.6508702E-03 -2.8650086E-03
    3786  2.0356764E+03  1.3372387E+00  9.9476488E-01  3.4247381E-01 -5.7792993E-02 -3.2453223E-02 -2.5339770E-02 -1.2365216E-03  1.6616161E-03 -2.8981377E-03
    3787  2.0356858E+03  1.3370577E+00  9.9460338E-01  3.4245430E-01 -5.4625384E-02 -2.9636597E-02 -2.4988788E-02 -1.2803419E-03  1.6506252E-03 -2.9309671E-03
    3788  2.0356952E+03  1.3369070E+00  9.9447101E-01  3.4243597E-01 -5.1499077E-02 -2.6860602E-02 -2.4638475E-02 -1.3032719E-03  1.6602156E-03 -2.9634875E-03
    3789  2.0357046E+03  1.3367335E+00  9.9431700E-01  3.4241652E-01 -4.8319947E-02 -2.4041282E-02 -2.4278664E-02 -1.3409487E-03  1.6547397E-03 -2.9956884E-03
    3790  2.0357141E+03  1.3365702E+00  9.9417281E-01  3.4239739E-01 -4.5157778E-02 -2.1235872E-02 -2.3921906E-02 -1.3667177E-03  1.6607988E-03 -3.0275165E-03
    3791  2.0357235E+03  1.3364138E+00  9.9403582E-01  3.4237797E-01 -4.2001726E-02 -1.8437448E-02 -2.3564278E-02 -1.4001459E-03  1.6589042E-03 -3.0590501E-03
    3792  2.0357329E+03  1.3362466E+00  9.9388704E-01  3.4235958E-01 -3.8809053E-02 -1.5609700E-02 -2.3199354E-02 -1.4316342E-03  1.6586251E-03 -3.0902593E-03
    3793  2.0357423E+03  1.3360964E+00  9.9375647E-01  3.4233996E-01 -3.5653654E-02 -1.2819825E-02 -2.2833828E-02 -1.4583688E-03  1.6627182E-03 -3.1210870E-03
    3794  2.0357518E+03  1.3359338E+00  9.9361253E-01  3.4232125E-01 -3.2454325E-02 -9.9863706E-03 -2.2467954E-02 -1.4910744E-03  1.6605047E-03 -3.1515791E-03
    3795  2.0357612E+03  1.3357826E+00  9.9348090E-01  3.4230170E-01 -2.9284004E-02 -7.1852442E-03 -2.2098760E-02 -1.5186336E-03  1.6631525E-03 -3.1817861E-03
    3796  2.0357706E+03  1.3356281E+00  9.9334490E-01  3.4228320E-01 -2.6089053E-02 -4.3626536E-03 -2.1726400E-02 -1.5471639E-03  1.6644522E-03 -3.2116161E-03
    3797  2.0357800E+03  1.3354773E+00  9.9321334E-01  3.4226398E-01 -2.2904215E-02 -1.5496866E-03 -2.1354529E-02 -1.5787128E-03  1.6623411E-03 -3.2410539E-03
    3798  2.0357894E+03  1.3353282E+00  9.9308345E-01  3.4224471E-01 -1.9707226E-02  1.2718170E-03 -2.0979043E-02 -1.6025647E-03  1.6676576E-03 -3.2702222E-03
    3799  2.0357989E+03  1.3351847E+00  9.9295836E-01  3.4222631E-01 -1.6516264E-02  4.0843897E-03 -2.0600654E-02 -1.6345218E-03  1.6644947E-03 -3.2990165E-03
    3800  2.0358083E+03  1.3350375E+00  9.9283019E-01  3.4220733E-01 -1.3315212E-02  6.9067797E-03 -2.0221992E-02 -1.6617513E-03  1.6656587E-03 -3.3274101E-03
    3801  2.0358177E+03  1.3348937E+00  9.9270524E-01  3.4218844E-01 -1.0117015E-02  9.7241210E-03 -1.9841136E-02 -1.6863670E-03  1.6691314E-03 -3.3554985E-03
    3802  2.0358271E+03  1.3347575E+00  9.9258777E-01  3.4216971E-01 -6.9229341E-03  1.2534888E-02 -1.9457823E-02 -1.7165363E-03  1.6666994E-03 -3.3832357E-03
    3803  2.0358366E+03  1.3346150E+00  9.9246406E-01  3.4215093E-01 -3.7167508E-03  1.5355720E-02 -1.9072471E-02 -1.7400725E-03  1.6705296E-03 -3.4106021E-03
    3804  2.0358460E+03  1.3344806E+00  9.9234825E-01  3.4213237E-01 -5.1544358E-04  1.8170004E-02 -1.8685448E-02 -1.7696526E-03  1.6679403E-03 -3.4375929E-03
    3805  2.0358554E+03  1.3343519E+00  9.9223787E-01  3.4211401E-01  2.6795539E-03  2.0975329E-02 -1.8295775E-02 -1.7916530E-03  1.6725658E-03 -3.4642189E-03
    3806  2.0358648E+03  1.3342152E+00  9.9211941E-01  3.4209577E-01  5.8893519E-03  2.3794505E-02 -1.7905153E-02 -1.8190721E-03  1.6713789E-03 -3.4904511E-03
    3807  2.0358743E+03  1.3340916E+00  9.9201417E-01  3.4207738E-01  9.0849988E-03  2.6598563E-02 -1.7513564E-02 -1.8422442E-03  1.6740601E-03 -3.5163043E-03
    3808  2.0358837E+03  1.3339608E+00  9.9190162E-01  3.4205922E-01  1.2293184E-02  2.9412216E-02 -1.7119032E-02 -1.8645648E-03  1.6772474E-03 -3.5418122E-03
    3809  2.0358931E+03  1.3338453E+00  9.9180415E-01  3.4204120E-01  1.5483792E-02  3.2207245E-02 -1.6723452E-02 -1.8900532E-03  1.6768452E-03 -3.5668985E-03
    3810  2.0359025E+03  1.3337147E+00  9.9169167E-01  3.4202302E-01  1.8697774E-02  3.5023531E-02 -1.6325757E-02 -1.9143190E-03  1.6772977E-03 -3.5916167E-03
    3811  2.0359119E+03  1.3336065E+00  9.9160101E-01  3.4200549E-01  2.1879628E-02  3.7806722E-02 -1.5927094E-02 -1.9357364E-03  1.6802436E-03 -3.6159801E-03
    3812  2.0359214E+03  1.3334821E+00  9.9149475E-01  3.4198739E-01  2.5091048E-02  4.0616805E-02 -1.5525757E-02 -1.9633551E-03  1.6766076E-03 -3.6399626E-03
    3813  2.0359308E+03  1.3333809E+00  9.9141040E-01  3.4197047E-01  2.8273481E-02  4.3397652E-02 -1.5124171E-02 -1.9822533E-03  1.6812718E-03 -3.6635251E-03
    3814  2.0359402E+03  1.3332621E+00  9.9130924E-01  3.4195286E-01  3.1473659E-02  4.6194145E-02 -1.4720485E-02 -2.0068439E-03  1.6798885E-03 -3.6867324E-03
    3815  2.0359496E+03  1.3331574E+00  9.9122199E-01  3.4193544E-01  3.4659282E-02  4.8974196E-02 -1.4314914E-02 -2.0266874E-03  1.6828407E-03 -3.7095281E-03
    3816  2.0359591E+03  1.3330561E+00  9.9113721E-01  3.4191885E-01  3.7847503E-02  5.1756079E-02 -1.3908576E-02 -2.0472372E-03  1.6846856E-03 -3.7319228E-03
    3817  2.0359685E+03  1.3329561E+00  9.9105460E-01  3.4190149E-01  4.1025913E-02  5.4527001E-02 -1.3501088E-02 -2.0686567E-03  1.6852653E-03 -3.7539220E-03
    3818  2.0359779E+03  1.3328503E+00  9.9096542E-01  3.4188490E-01  4.4214730E-02  5.7305850E-02 -1.3091120E-02 -2.0882681E-03  1.6872602E-03 -3.7755283E-03
    3819  2.0359873E+03  1.3327674E+00  9.9089835E-01  3.4186900E-01  4.7372398E-02  6.0054406E-02 -1.2682008E-02 -2.1079414E-03  1.6887879E-03 -3.7967293E-03
    3820  2.0359968E+03  1.3326646E+00  9.9081293E-01  3.4185162E-01  5.0565607E-02  6.2835462E-02 -1.2269855E-02 -2.1296696E-03  1.6878574E-03 -3.8175271E-03
    3821  2.0360062E+03  1.3325830E+00  9.9074655E-01  3.4183649E-01  5.3721441E-02  6.5578496E-02 -1.1857056E-02 -2.1452775E-03  1.6926561E-03 -3.8379336E-03
    3822  2.0360156E+03  1.3324969E+00  9.9067664E-01  3.4182026E-01  5.6881205E-02  6.8323969E-02 -1.1442764E-02 -2.1702332E-03  1.6876655E-03 -3.8578987E-03
    3823  2.0360250E+03  1.3324145E+00  9.9061004E-01  3.4180444E-01  6.0039384E-02  7.1066073E-02 -1.1026689E-02 -2.1806323E-03  1.6968705E-03 -3.8775027E-03
    3824  2.0360344E+03  1.3323315E+00  9.9054190E-01  3.4178963E-01  6.3195623E-02  7.3806819E-02 -1.0611195E-02 -2.2046208E-03  1.6920221E-03 -3.8966429E-03
    3825  2.0360439E+03  1.3322576E+00  9.9048342E-01  3.4177419E-01  6.6343172E-02  7.6537463E-02 -1.0194291E-02 -2.2182688E-03  1.6971260E-03 -3.9153948E-03
    3826  2.0360533E+03  1.3321887E+00  9.9042960E-01  3.4175913E-01  6.9467471E-02  7.9242744E-02 -9.7752734E-03 -2.2361981E-03  1.6975324E-03 -3.9337305E-03
    3827  2.0360627E+03  1.3321124E+00  9.9036898E-01  3.4174341E-01  7.2621194E-02  8.1977103E-02 -9.3559092E-03 -2.2528394E-03  1.6987797E-03 -3.9516191E-03
    3828  2.0360721E+03  1.3320495E+00  9.9031944E-01  3.4173007E-01  7.5732497E-02  8.4667800E-02 -8.9353029E-03 -2.2676015E-03  1.7015150E-03 -3.9691166E-03
    3829  2.0360816E+03  1.3319893E+00  9.9027395E-01  3.4171532E-01  7.8865883E-02  8.7380448E-02 -8.5145655E-03 -2.2848377E-03  1.7013334E-03 -3.9861712E-03
    3830  2.0360910E+03  1.3319260E+00  9.9022421E-01  3.4170180E-01  8.1964147E-02  9.0055958E-02 -8.0918107E-03 -2.3010907E-03  1.7017552E-03 -4.0028459E-03
    3831  2.0361004E+03  1.3318760E+00  9.9018895E-01  3.4168708E-01  8.5080331E-02  9.2750756E-02 -7.6704255E-03 -2.3137109E-03  1.7053308E-03 -4.0190416E-03
    3832  2.0361098E+03  1.3318112E+00  9.9013796E-01  3.4167327E-01  8.8172587E-02  9.5419148E-02 -7.2465611E-03 -2.3295274E-03  1.7053643E-03 -4.0348916E-03
    3833  2.0361193E+03  1.3317712E+00  9.9010941E-01  3.4166174E-01  9.1260383E-02  9.8081679E-02 -6.8212958E-03 -2.3402822E-03  1.7099705E-03 -4.0502527E-03
    3834  2.0361287E+03  1.3317237E+00  9.9007540E-01  3.4164830E-01  9.4340114E-02  1.0073608E-01 -6.3959647E-03 -2.3561652E-03  1.7089614E-03 -4.0651266E-03
    3835  2.0361381E+03  1.3316840E+00  9.9004896E-01  3.4163500E-01  9.7419435E-02  1.0339090E-01 -5.9714697E-03 -2.3683139E-03  1.7113076E-03 -4.0796215E-03
    3836  2.0361475E+03  1.3316406E+00  9.9001774E-01  3.4162285E-01  1.0047197E-01  1.0601647E-01 -5.5445041E-03 -2.3797467E-03  1.7140027E-03 -4.0937495E-03
    3837  2.0361570E+03  1.3316077E+00  9.8999626E-01  3.4161141E-01  1.0353428E-01  1.0865121E-01 -5.1169302E-03 -2.3950480E-03  1.7122971E-03 -4.1073451E-03
    3838  2.0361664E+03  1.3315775E+00  9.8997880E-01  3.4159873E-01  1.0657435E-01  1.1126526E-01 -4.6909069E-03 -2.4054881E-03  1.7150528E-03 -4.1205409E-03
    3839  2.0361758E+03  1.3315434E+00  9.8995661E-01  3.4158675E-01  1.0960243E-01  1.1386540E-01 -4.2629773E-03 -2.4161260E-03  1.7172441E-03 -4.1333701E-03
    3840  2.0361852E+03  1.3315207E+00  9.8994423E-01  3.4157643E-01  1.1264148E-01  1.1647527E-01 -3.8337858E-03 -2.4278647E-03  1.7178226E-03 -4.1456873E-03
    3841  2.0361946E+03  1.3315052E+00  9.8994019E-01  3.4156505E-01  1.1562131E-01  1.1902768E-01 -3.4063670E-03 -2.4378088E-03  1.7197689E-03 -4.1575777E-03
    3842  2.0362041E+03  1.3314762E+00  9.8992284E-01  3.4155340E-01  1.1866326E-01  1.2163917E-01 -2.9759067E-03 -2.4467172E-03  1.7223094E-03 -4.1690266E-03
    3843  2.0362135E+03  1.3314691E+00  9.8992469E-01  3.4154437E-01  1.2163255E-01  1.2418034E-01 -2.5477876E-03 -2.4554321E-03  1.7246118E-03 -4.1800438E-03
    3844  2.0362229E+03  1.3314617E+00  9.8992760E-01  3.4153410E-01  1.2460578E-01  1.2672337E-01 -2.1175928E-03 -2.4678991E-03  1.7226991E-03 -4.1905982E-03
    3845  2.0362323E+03  1.3314466E+00  9.8992297E-01  3.4152362E-01  1.2758795E-01  1.2927545E-01 -1.6875056E-03 -2.4704073E-03  1.7303028E-03 -4.2007101E-03
    3846  2.0362418E+03  1.3314488E+00  9.8993280E-01  3.4151596E-01  1.3053002E-01  1.3178766E-01 -1.2576402E-03 -2.4841348E-03  1.7262511E-03 -4.2103859E-03
    3847  2.0362512E+03  1.3314457E+00  9.8993947E-01  3.4150622E-01  1.3348036E-01  1.3430696E-01 -8.2660415E-04 -2.4859858E-03  1.7335972E-03 -4.2195830E-03
    3848  2.0362606E+03  1.3314528E+00  9.8995573E-01  3.4149708E-01  1.3640197E-01  1.3679882E-01 -3.9685410E-04 -2.4969911E-03  1.7313455E-03 -4.2283366E-03
    3849  2.0362700E+03  1.3314537E+00  9.8996489E-01  3.4148878E-01  1.3932885E-01  1.3929534E-01  3.3503117E-05 -2.5008444E-03  1.7358380E-03 -4.2366824E-03
    3850  2.0362795E+03  1.3314684E+00  9.8998730E-01  3.4148115E-01  1.4223590E-01  1.4177143E-01  4.6447343E-04 -2.5098634E-03  1.7346951E-03 -4.2445585E-03
    3851  2.0362889E+03  1.3314851E+00  9.9001118E-01  3.4147395E-01  1.4511004E-01  1.4421580E-01  8.9423817E-04 -2.5136052E-03  1.7383716E-03 -4.2519768E-03
    3852  2.0362983E+03  1.3314953E+00  9.9002914E-01  3.4146612E-01  1.4800405E-01  1.4667873E-01  1.3253239E-03 -2.5206726E-03  1.7382643E-03 -4.2589369E-03
    3853  2.0363077E+03  1.3315229E+00  9.9006277E-01  3.4146017E-01  1.5085752E-01  1.4910227E-01  1.7552493E-03 -2.5226173E-03  1.7428340E-03 -4.2654513E-03
    3854  2.0363171E+03  1.3315447E+00  9.9009274E-01  3.4145193E-01  1.5370378E-01  1.5151853E-01  2.1852513E-03 -2.5293596E-03  1.7421691E-03 -4.2715287E-03
    3855  2.0363266E+03  1.3315770E+00  9.9013021E-01  3.4144684E-01  1.5654071E-01  1.5392512E-01  2.6155873E-03 -2.5310174E-03  1.7461147E-03 -4.2771321E-03
    3856  2.0363360E+03  1.3315996E+00  9.9015898E-01  3.4144064E-01  1.5936253E-01  1.5631732E-01  3.0452168E-03 -2.5358859E-03  1.7464061E-03 -4.2822920E-03
    3857  2.0363454E+03  1.3316445E+00  9.9020883E-01  3.4143570E-01  1.6217019E-01  1.5869549E-01  3.4746979E-03 -2.5384192E-03  1.7485717E-03 -4.2869909E-03
    3858  2.0363548E+03  1.3316773E+00  9.9024869E-01  3.4142856E-01  1.6494197E-01  1.6103882E-01  3.9031484E-03 -2.5410290E-03  1.7502136E-03 -4.2912426E-03
    3859  2.0363643E+03  1.3317281E+00  9.9030241E-01  3.4142567E-01  1.6771292E-01  1.6337971E-01  4.3332017E-03 -2.5430067E-03  1.7520351E-03 -4.2950418E-03
    3860  2.0363737E+03  1.3317651E+00  9.9034474E-01  3.4142036E-01  1.7048735E-01  1.6572550E-01  4.7618471E-03 -2.5441701E-03  1.7541869E-03 -4.2983570E-03
    3861  2.0363831E+03  1.3318137E+00  9.9039779E-01  3.4141593E-01  1.7322117E-01  1.6803257E-01  5.1886021E-03 -2.5461528E-03  1.7550973E-03 -4.3012501E-03
    3862  2.0363925E+03  1.3318736E+00  9.9046016E-01  3.4141348E-01  1.7591778E-01  1.7030109E-01  5.6166881E-03 -2.5446726E-03  1.7589960E-03 -4.3036686E-03
    3863  2.0364020E+03  1.3319240E+00  9.9051413E-01  3.4140987E-01  1.7865420E-01  1.7260950E-01  6.0446988E-03 -2.5457068E-03  1.7598942E-03 -4.3056010E-03
    3864  2.0364114E+03  1.3319836E+00  9.9057732E-01  3.4140631E-01  1.8133661E-01  1.7486680E-01  6.4698104E-03 -2.5444900E-03  1.7626126E-03 -4.3071026E-03
    3865  2.0364208E+03  1.3320511E+00  9.9064695E-01  3.4140418E-01  1.8399383E-01  1.7709779E-01  6.8960358E-03 -2.5446597E-03  1.7634790E-03 -4.3081386E-03
    3866  2.0364302E+03  1.3321112E+00  9.9071023E-01  3.4140100E-01  1.8665902E-01  1.7933773E-01  7.3212889E-03 -2.5417278E-03  1.7669785E-03 -4.3087063E-03
    3867  2.0364396E+03  1.3321825E+00  9.9078342E-01  3.4139907E-01  1.8928923E-01  1.8154392E-01  7.7453100E-03 -2.5417128E-03  1.7671183E-03 -4.3088310E-03
    3868  2.0364491E+03  1.3322543E+00  9.9085610E-01  3.4139819E-01  1.9191362E-01  1.8374374E-01  8.1698770E-03 -2.5379559E-03  1.7705255E-03 -4.3084813E-03
    3869  2.0364585E+03  1.3323322E+00  9.9093535E-01  3.4139686E-01  1.9449876E-01  1.8590602E-01  8.5927401E-03 -2.5353641E-03  1.7722853E-03 -4.3076495E-03
    3870  2.0364679E+03  1.3324065E+00  9.9101060E-01  3.4139594E-01  1.9709356E-01  1.8807839E-01  9.0151711E-03 -2.5324890E-03  1.7738865E-03 -4.3063754E-03
    3871  2.0364773E+03  1.3324924E+00  9.9109638E-01  3.4139597E-01  1.9964516E-01  1.9020933E-01  9.4358264E-03 -2.5275466E-03  1.7771033E-03 -4.3046499E-03
    3872  2.0364868E+03  1.3325773E+00  9.9118181E-01  3.4139552E-01  2.0219102E-01  1.9233433E-01  9.8566947E-03 -2.5244523E-03  1.7780239E-03 -4.3024762E-03
    3873  2.0364962E+03  1.3326665E+00  9.9127070E-01  3.4139581E-01  2.0470290E-01  1.9442696E-01  1.0275933E-02 -2.5197446E-03  1.7800799E-03 -4.2998244E-03
    3874  2.0365056E+03  1.3327522E+00  9.9135538E-01  3.4139680E-01  2.0724258E-01  1.9654716E-01  1.0695425E-02 -2.5145221E-03  1.7821998E-03 -4.2967218E-03
    3875  2.0365150E+03  1.3328573E+00  9.9145977E-01  3.4139748E-01  2.0965690E-01  1.9854609E-01  1.1110808E-02 -2.5094080E-03  1.7837497E-03 -4.2931577E-03
    3876  2.0365245E+03  1.3329464E+00  9.9154708E-01  3.4139936E-01  2.1218072E-01  2.0065039E-01  1.1530333E-02 -2.5029463E-03  1.7861875E-03 -4.2891338E-03
    3877  2.0365339E+03  1.3330432E+00  9.9164316E-01  3.4140009E-01  2.1459484E-01  2.0265108E-01  1.1943754E-02 -2.4969066E-03  1.7877459E-03 -4.2846525E-03
    3878  2.0365433E+03  1.3331625E+00  9.9175911E-01  3.4140340E-01  2.1699859E-01  2.0464030E-01  1.2358297E-02 -2.4892091E-03  1.7904991E-03 -4.2797082E-03
    3879  2.0365527E+03  1.3332495E+00  9.9184384E-01  3.4140563E-01  2.1944423E-01  2.0667139E-01  1.2772845E-02 -2.4832696E-03  1.7910565E-03 -4.2743260E-03
    3880  2.0365622E+03  1.3333730E+00  9.9196336E-01  3.4140961E-01  2.2176809E-01  2.0858564E-01  1.3182445E-02 -2.4740926E-03  1.7943590E-03 -4.2684516E-03
    3881  2.0365716E+03  1.3334807E+00  9.9206902E-01  3.4141166E-01  2.2416560E-01  2.1057003E-01  1.3595568E-02 -2.4648847E-03  1.7972300E-03 -4.2621147E-03
    3882  2.0365810E+03  1.3335915E+00  9.9217562E-01  3.4141589E-01  2.2648973E-01  2.1248681E-01  1.4002926E-02 -2.4564212E-03  1.7989308E-03 -4.2553520E-03
    3883  2.0365904E+03  1.3337167E+00  9.9229615E-01  3.4142058E-01  2.2877576E-01  2.1436393E-01  1.4411829E-02 -2.4478769E-03  1.8002278E-03 -4.2481047E-03
    3884  2.0365998E+03  1.3338297E+00  9.9240530E-01  3.4142441E-01  2.3110163E-01  2.1628201E-01  1.4819616E-02 -2.4370602E-03  1.8033282E-03 -4.2403884E-03
    3885  2.0366093E+03  1.3339550E+00  9.9252559E-01  3.4142941E-01  2.3337459E-01  2.1815173E-01  1.5222858E-02 -2.4252872E-03  1.8069756E-03 -4.2322628E-03
    3886  2.0366187E+03  1.3340796E+00  9.9264511E-01  3.4143453E-01  2.3556135E-01  2.1993412E-01  1.5627222E-02 -2.4176995E-03  1.8059427E-03 -4.2236422E-03
    3887  2.0366281E+03  1.3342083E+00  9.9276859E-01  3.4143968E-01  2.3786491E-01  2.2183330E-01  1.6031614E-02 -2.4036390E-03  1.8109107E-03 -4.2145497E-03
    3888  2.0366375E+03  1.3343398E+00  9.9289330E-01  3.4144650E-01  2.3998055E-01  2.2355343E-01  1.6427119E-02 -2.3930887E-03  1.8119669E-03 -4.2050556E-03
    3889  2.0366470E+03  1.3344700E+00  9.9301829E-01  3.4145167E-01  2.4223335E-01  2.2540335E-01  1.6830002E-02 -2.3809603E-03  1.8141531E-03 -4.1951133E-03
    3890  2.0366564E+03  1.3346060E+00  9.9314691E-01  3.4145907E-01  2.4432984E-01  2.2710393E-01  1.7225910E-02 -2.3687182E-03  1.8159590E-03 -4.1846772E-03
    3891  2.0366658E+03  1.3347446E+00  9.9327935E-01  3.4146525E-01  2.4648687E-01  2.2886470E-01  1.7622166E-02 -2.3561870E-03  1.8176228E-03 -4.1738098E-03
    3892  2.0366752E+03  1.3348822E+00  9.9340911E-01  3.4147306E-01  2.4858370E-01  2.3056853E-01  1.8015172E-02 -2.3425680E-03  1.8199357E-03 -4.1625037E-03
    3893  2.0366847E+03  1.3350294E+00  9.9354943E-01  3.4148002E-01  2.5065331E-01  2.3224423E-01  1.8409081E-02 -2.3293560E-03  1.8214064E-03 -4.1507624E-03
    3894  2.0366941E+03  1.3351637E+00  9.9367566E-01  3.4148807E-01  2.5274178E-01  2.3394149E-01  1.8800284E-02 -2.3146907E-03  1.8238221E-03 -4.1385128E-03
    3895  2.0367035E+03  1.3353169E+00  9.9381917E-01  3.4149770E-01  2.5473038E-01  2.3554491E-01  1.9185469E-02 -2.2980034E-03  1.8278734E-03 -4.1258768E-03
    3896  2.0367129E+03  1.3354648E+00  9.9396003E-01  3.4150478E-01  2.5675711E-01  2.3718175E-01  1.9575359E-02 -2.2838638E-03  1.8289590E-03 -4.1128228E-03
    3897  2.0367223E+03  1.3356176E+00  9.9410319E-01  3.4151445E-01  2.5873267E-01  2.3877143E-01  1.9961237E-02 -2.2692280E-03  1.8299888E-03 -4.0992169E-03
    3898  2.0367318E+03  1.3357613E+00  9.9423792E-01  3.4152340E-01  2.6070560E-01  2.4036303E-01  2.0342574E-02 -2.2493208E-03  1.8358802E-03 -4.0852009E-03
    3899  2.0367412E+03  1.3359223E+00  9.9438843E-01  3.4153389E-01  2.6261590E-01  2.4189298E-01  2.0722921E-02 -2.2350575E-03  1.8357622E-03 -4.0708196E-03
    3900  2.0367506E+03  1.3360730E+00  9.9453018E-01  3.4154281E-01  2.6454093E-01  2.4343664E-01  2.1104298E-02 -2.2188175E-03  1.8370962E-03 -4.0559137E-03
    3901  2.0367600E+03  1.3362387E+00  9.9468514E-01  3.4155360E-01  2.6638481E-01  2.4490573E-01  2.1479080E-02 -2.1996724E-03  1.8409058E-03 -4.0405782E-03
    3902  2.0367695E+03  1.3363913E+00  9.9482633E-01  3.4156493E-01  2.6827792E-01  2.4642313E-01  2.1854794E-02 -2.1816435E-03  1.8431922E-03 -4.0248358E-03
    3903  2.0367789E+03  1.3365531E+00  9.9497852E-01  3.4157463E-01  2.7008975E-01  2.4786200E-01  2.2227744E-02 -2.1631008E-03  1.8455473E-03 -4.0086482E-03
    3904  2.0367883E+03  1.3367209E+00  9.9513359E-01  3.4158730E-01  2.7187568E-01  2.4927863E-01  2.2597046E-02 -2.1474764E-03  1.8445301E-03 -3.9920065E-03
    3905  2.0367977E+03  1.3368763E+00  9.9527809E-01  3.4159825E-01  2.7366584E-01  2.5069881E-01  2.2967029E-02 -2.1228833E-03  1.8520881E-03 -3.9749714E-03
    3906  2.0368072E+03  1.3370503E+00  9.9544129E-01  3.4160900E-01  2.7540040E-01  2.5206594E-01  2.3334455E-02 -2.1073891E-03  1.8500972E-03 -3.9574863E-03
    3907  2.0368166E+03  1.3372108E+00  9.9558884E-01  3.4162191E-01  2.7713877E-01  2.5344106E-01  2.3697714E-02 -2.0876919E-03  1.8518620E-03 -3.9395539E-03
    3908  2.0368260E+03  1.3373835E+00  9.9574968E-01  3.4163383E-01  2.7881536E-01  2.5475608E-01  2.4059280E-02 -2.0642068E-03  1.8570112E-03 -3.9212180E-03
    3909  2.0368354E+03  1.3375481E+00  9.9590168E-01  3.4164641E-01  2.8049170E-01  2.5607136E-01  2.4420343E-02 -2.0458939E-03  1.8565404E-03 -3.9024343E-03
    3910  2.0368448E+03  1.3377253E+00  9.9606628E-01  3.4165900E-01  2.8211567E-01  2.5733932E-01  2.4776347E-02 -2.0230177E-03  1.8601822E-03 -3.8831999E-03
    3911  2.0368543E+03  1.3378901E+00  9.9621776E-01  3.4167239E-01  2.8375325E-01  2.5862216E-01  2.5131095E-02 -2.0007097E-03  1.8628877E-03 -3.8635974E-03
    3912  2.0368637E+03  1.3380665E+00  9.9637993E-01  3.4168652E-01  2.8531846E-01  2.5983561E-01  2.5482850E-02 -1.9795147E-03  1.8640606E-03 -3.8435753E-03
    3913  2.0368731E+03  1.3382384E+00  9.9653879E-01  3.4169956E-01  2.8687261E-01  2.6103920E-01  2.5833405E-02 -1.9556187E-03  1.8674710E-03 -3.8230897E-03
    3914  2.0368825E+03  1.3384192E+00  9.9670490E-01  3.4171434E-01  2.8840326E-01  2.6222364E-01  2.6179616E-02 -1.9330421E-03  1.8691599E-03 -3.8022019E-03
    3915  2.0368920E+03  1.3385865E+00  9.9685859E-01  3.4172791E-01  2.8990934E-01  2.6338457E-01  2.6524772E-02 -1.9086658E-03  1.8722812E-03 -3.7809470E-03
    3916  2.0369014E+03  1.3387674E+00  9.9702459E-01  3.4174286E-01  2.9138215E-01  2.6451566E-01  2.6866485E-02 -1.8849776E-03  1.8742249E-03 -3.7592024E-03
    3917  2.0369108E+03  1.3389413E+00  9.9718408E-01  3.4175720E-01  2.9280067E-01  2.6559592E-01  2.7204744E-02 -1.8610296E-03  1.8760530E-03 -3.7370826E-03
    3918  2.0369202E+03  1.3391252E+00  9.9735287E-01  3.4177230E-01  2.9423897E-01  2.6669634E-01  2.7542629E-02 -1.8357356E-03  1.8788402E-03 -3.7145759E-03
    3919  2.0369297E+03  1.3392966E+00  9.9750908E-01  3.4178755E-01  2.9560243E-01  2.6772455E-01  2.7877874E-02 -1.8109608E-03  1.8806488E-03 -3.6916097E-03
    3920  2.0369391E+03  1.3394823E+00  9.9767936E-01  3.4180298E-01  2.9699119E-01  2.6878239E-01  2.8208810E-02 -1.7849874E-03  1.8832445E-03 -3.6682319E-03
    3921  2.0369485E+03  1.3396532E+00  9.9783454E-01  3.4181866E-01  2.9829557E-01  2.6976057E-01  2.8535000E-02 -1.7594037E-03  1.8851433E-03 -3.6445470E-03
    3922  2.0369579E+03  1.3398414E+00  9.9800693E-01  3.4183443E-01  2.9959223E-01  2.7072772E-01  2.8864506E-02 -1.7331860E-03  1.8872305E-03 -3.6204164E-03
    3923  2.0369674E+03  1.3400165E+00  9.9816585E-01  3.4185063E-01  3.0087222E-01  2.7168426E-01  2.9187958E-02 -1.7067372E-03  1.8890859E-03 -3.5958231E-03
    3924  2.0369768E+03  1.3401976E+00  9.9833090E-01  3.4186670E-01  3.0212138E-01  2.7261438E-01  2.9507006E-02 -1.6783788E-03  1.8925372E-03 -3.5709160E-03
    3925  2.0369862E+03  1.3403782E+00  9.9849529E-01  3.4188292E-01  3.0329709E-01  2.7347140E-01  2.9825691E-02 -1.6525112E-03  1.8930885E-03 -3.5455996E-03
    3926  2.0369956E+03  1.3405572E+00  9.9865731E-01  3.4189988E-01  3.0450465E-01  2.7436329E-01  3.0141361E-02 -1.6230856E-03  1.8967675E-03 -3.5198532E-03
    3927  2.0370050E+03  1.3407406E+00  9.9882426E-01  3.4191638E-01  3.0564579E-01  2.7519551E-01  3.0450282E-02 -1.5950545E-03  1.8986933E-03 -3.4937477E-03
    3928  2.0370145E+03  1.3409186E+00  9.9898514E-01  3.4193344E-01  3.0677430E-01  2.7601478E-01  3.0759522E-02 -1.5649820E-03  1.9023030E-03 -3.4672850E-03
    3929  2.0370239E+03  1.3411004E+00  9.9914999E-01  3.4195041E-01  3.0784615E-01  2.7678126E-01  3.1064893E-02 -1.5370791E-03  1.9033237E-03 -3.4404028E-03
    3930  2.0370333E+03  1.3412783E+00  9.9931043E-01  3.4196792E-01  3.0893695E-01  2.7756839E-01  3.1368560E-02 -1.5073090E-03  1.9058470E-03 -3.4131560E-03
    3931  2.0370427E+03  1.3414622E+00  9.9947657E-01  3.4198566E-01  3.0994704E-01  2.7828134E-01  3.1665699E-02 -1.4770990E-03  1.9084477E-03 -3.3855466E-03
    3932  2.0370522E+03  1.3416393E+00  9.9963630E-01  3.4200296E-01  3.1095859E-01  2.7899481E-01  3.1963781E-02 -1.4472596E-03  1.9103182E-03 -3.3575777E-03
    3933  2.0370616E+03  1.3418192E+00  9.9979865E-01  3.4202051E-01  3.1191180E-01  2.7965479E-01  3.2257015E-02 -1.4180687E-03  1.9111188E-03 -3.3291876E-03
    3934  2.0370710E+03  1.3419976E+00  9.9995898E-01  3.4203864E-01  3.1289775E-01  2.8035056E-01  3.2547186E-02 -1.3852024E-03  1.9152318E-03 -3.3004341E-03
    3935  2.0370804E+03  1.3421740E+00  1.0001176E+00  3.4205633E-01  3.1373719E-01  2.8090444E-01  3.2832749E-02 -1.3547579E-03  1.9166035E-03 -3.2713613E-03
    3936  2.0370899E+03  1.3423567E+00  1.0002820E+00  3.4207473E-01  3.1466619E-01  2.8154712E-01  3.3119076E-02 -1.3232774E-03  1.9186044E-03 -3.2418817E-03
    3937  2.0370993E+03  1.3425280E+00  1.0004355E+00  3.4209245E-01  3.1551832E-01  2.8211967E-01  3.3398649E-02 -1.2897374E-03  1.9223487E-03 -3.2120861E-03
    3938  2.0371087E+03  1.3427096E+00  1.0005984E+00  3.4211124E-01  3.1627657E-01  2.8259934E-01  3.3677224E-02 -1.2592804E-03  1.9226066E-03 -3.1818870E-03
    3939  2.0371181E+03  1.3428815E+00  1.0007517E+00  3.4212985E-01  3.1713670E-01  2.8318455E-01  3.3952150E-02 -1.2251715E-03  1.9261522E-03 -3.1513237E-03
    3940  2.0371275E+03  1.3430554E+00  1.0009073E+00  3.4214808E-01  3.1787350E-01  2.8365297E-01  3.4220527E-02 -1.1944729E-03  1.9260337E-03 -3.1205066E-03
    3941  2.0371370E+03  1.3432335E+00  1.0010663E+00  3.4216719E-01  3.1852955E-01  2.8403910E-01  3.4490445E-02 -1.1574573E-03  1.9318343E-03 -3.0892917E-03
    3942  2.0371464E+03  1.3434040E+00  1.0012184E+00  3.4218561E-01  3.1932612E-01  2.8457129E-01  3.4754827E-02 -1.1262427E-03  1.9314205E-03 -3.0576632E-03
    3943  2.0371558E+03  1.3435736E+00  1.0013694E+00  3.4220419E-01  3.1995331E-01  2.8493973E-01  3.5013582E-02 -1.0922948E-03  1.9335260E-03 -3.0258208E-03
    3944  2.0371652E+03  1.3437464E+00  1.0015230E+00  3.4222339E-01  3.2053682E-01  2.8526406E-01  3.5272763E-02 -1.0562697E-03  1.9372403E-03 -2.9935101E-03
    3945  2.0371747E+03  1.3439117E+00  1.0016701E+00  3.4224168E-01  3.2120589E-01  2.8567888E-01  3.5527006E-02 -1.0208063E-03  1.9400776E-03 -2.9608839E-03
    3946  2.0371841E+03  1.3440871E+00  1.0018259E+00  3.4226121E-01  3.2172295E-01  2.8595019E-01  3.5772763E-02 -9.8562187E-04  1.9423797E-03 -2.9280016E-03
    3947  2.0371935E+03  1.3442475E+00  1.0019676E+00  3.4227986E-01  3.2229774E-01  2.8627529E-01  3.6022455E-02 -9.5009760E-04  1.9446760E-03 -2.8947736E-03
    3948  2.0372029E+03  1.3444174E+00  1.0021184E+00  3.4229893E-01  3.2278038E-01  2.8651656E-01  3.6263816E-02 -9.1392684E-04  1.9472159E-03 -2.8611427E-03
    3949  2.0372124E+03  1.3445767E+00  1.0022588E+00  3.4231790E-01  3.2326778E-01  2.8676289E-01  3.6504895E-02 -8.8040623E-04  1.9468959E-03 -2.8273021E-03
    3950  2.0372218E+03  1.3447436E+00  1.0024067E+00  3.4233684E-01  3.2370033E-01  2.8695960E-01  3.6740728E-02 -8.4540415E-04  1.9476957E-03 -2.7930999E-03
    3951  2.0372312E+03  1.3448998E+00  1.0025438E+00  3.4235602E-01  3.2413042E-01  2.8715100E-01  3.6979415E-02 -8.0628083E-04  1.9523402E-03 -2.7586210E-03
    3952  2.0372406E+03  1.3450645E+00  1.0026891E+00  3.4237543E-01  3.2450286E-01  2.8729664E-01  3.7206223E-02 -7.6962375E-04  1.9540548E-03 -2.7236786E-03
    3953  2.0372500E+03  1.3452167E+00  1.0028226E+00  3.4239408E-01  3.2486704E-01  2.8743818E-01  3.7428856E-02 -7.3252735E-04  1.9560536E-03 -2.6885810E-03
    3954  2.0372595E+03  1.3453792E+00  1.0029655E+00  3.4241367E-01  3.2519233E-01  2.8753993E-01  3.7652399E-02 -6.9402318E-04  1.9591903E-03 -2.6532135E-03
    3955  2.0372689E+03  1.3455251E+00  1.0030932E+00  3.4243197E-01  3.2540408E-01  2.8753224E-01  3.7871843E-02 -6.5749486E-04  1.9599241E-03 -2.6174189E-03
    3956  2.0372783E+03  1.3456833E+00  1.0032319E+00  3.4245138E-01  3.2574815E-01  2.8766041E-01  3.8087738E-02 -6.1825747E-04  1.9630929E-03 -2.5813503E-03
    3957  2.0372877E+03  1.3458292E+00  1.0033588E+00  3.4247047E-01  3.2596505E-01  2.8766945E-01  3.8295602E-02 -5.8014201E-04  1.9649391E-03 -2.5450811E-03
    3958  2.0372972E+03  1.3459801E+00  1.0034904E+00  3.4248972E-01  3.2606348E-01  2.8755769E-01  3.8505786E-02 -5.4181680E-04  1.9666366E-03 -2.5084534E-03
    3959  2.0373066E+03  1.3461293E+00  1.0036210E+00  3.4250836E-01  3.2634131E-01  2.8763283E-01  3.8708481E-02 -5.0234257E-04  1.9691358E-03 -2.4714784E-03
    3960  2.0373160E+03  1.3462649E+00  1.0037384E+00  3.4252653E-01  3.2639922E-01  2.8749577E-01  3.8903452E-02 -4.6319547E-04  1.9711832E-03 -2.4343787E-03
    3961  2.0373254E+03  1.3464112E+00  1.0038654E+00  3.4254587E-01  3.2651561E-01  2.8741082E-01  3.9104798E-02 -4.2342177E-04  1.9734760E-03 -2.3968977E-03
    3962  2.0373349E+03  1.3465504E+00  1.0039860E+00  3.4256436E-01  3.2658929E-01  2.8729530E-01  3.9293992E-02 -3.8330389E-04  1.9757836E-03 -2.3590875E-03
    3963  2.0373443E+03  1.3466936E+00  1.0041101E+00  3.4258356E-01  3.2662951E-01  2.8714519E-01  3.9484320E-02 -3.4327699E-04  1.9778460E-03 -2.3211229E-03
    3964  2.0373537E+03  1.3468177E+00  1.0042167E+00  3.4260095E-01  3.2661066E-01  2.8694266E-01  3.9667998E-02 -3.0286380E-04  1.9799511E-03 -2.2828149E-03
    3965  2.0373631E+03  1.3469580E+00  1.0043374E+00  3.4262057E-01  3.2658418E-01  2.8673631E-01  3.9847865E-02 -2.6199004E-04  1.9823032E-03 -2.2442933E-03
    3966  2.0373725E+03  1.3470841E+00  1.0044456E+00  3.4263848E-01  3.2653653E-01  2.8651145E-01  4.0025077E-02 -2.2212324E-04  1.9833897E-03 -2.2055129E-03
    3967  2.0373820E+03  1.3472143E+00  1.0045579E+00  3.4265644E-01  3.2643376E-01  2.8623551E-01  4.0198257E-02 -1.8211548E-04  1.9843444E-03 -2.1664598E-03
    3968  2.0373914E+03  1.3473397E+00  1.0046648E+00  3.4267489E-01  3.2632241E-01  2.8595469E-01  4.0367723E-02 -1.4092688E-04  1.9862259E-03 -2.1271527E-03
    3969  2.0374008E+03  1.3474627E+00  1.0047695E+00  3.4269326E-01  3.2615607E-01  2.8562492E-01  4.0531157E-02 -9.8464119E-05  1.9891539E-03 -2.0876180E-03
    3970  2.0374102E+03  1.3475800E+00  1.0048700E+00  3.4270994E-01  3.2597730E-01  2.8528382E-01  4.0693480E-02 -5.7264890E-05  1.9905991E-03 -2.0478640E-03
    3971  2.0374197E+03  1.3476982E+00  1.0049692E+00  3.4272903E-01  3.2574559E-01  2.8489435E-01  4.0851232E-02 -1.4708721E-05  1.9931091E-03 -2.0078178E-03
    3972  2.0374291E+03  1.3478154E+00  1.0050692E+00  3.4274617E-01  3.2551448E-01  2.8450948E-01  4.1005006E-02  2.9549316E-05  1.9970738E-03 -1.9675245E-03
    3973  2.0374385E+03  1.3479281E+00  1.0051644E+00  3.4276370E-01  3.2522325E-01  2.8406953E-01  4.1153720E-02  7.0656259E-05  1.9976419E-03 -1.9269857E-03
    3974  2.0374479E+03  1.3480304E+00  1.0052495E+00  3.4278093E-01  3.2493061E-01  2.8363204E-01  4.1298574E-02  1.1203054E-04  1.9983184E-03 -1.8862879E-03
    3975  2.0374574E+03  1.3481424E+00  1.0053438E+00  3.4279857E-01  3.2455035E-01  2.8311207E-01  4.1438276E-02  1.5583423E-04  2.0012272E-03 -1.8453930E-03
    3976  2.0374668E+03  1.3482471E+00  1.0054321E+00  3.4281503E-01  3.2420931E-01  2.8263114E-01  4.1578177E-02  1.9783663E-04  2.0020640E-03 -1.8042274E-03
    3977  2.0374762E+03  1.3483446E+00  1.0055125E+00  3.4283203E-01  3.2379142E-01  2.8208117E-01  4.1710253E-02  2.4173759E-04  2.0045627E-03 -1.7628251E-03
    3978  2.0374856E+03  1.3484417E+00  1.0055930E+00  3.4284865E-01  3.2335455E-01  2.8151487E-01  4.1839679E-02  2.8655160E-04  2.0077832E-03 -1.7212316E-03
    3979  2.0374951E+03  1.3485376E+00  1.0056725E+00  3.4286513E-01  3.2290011E-01  2.8093470E-01  4.1965411E-02  3.3070063E-04  2.0101188E-03 -1.6794182E-03
    3980  2.0375045E+03  1.3486271E+00  1.0057455E+00  3.4288162E-01  3.2235885E-01  2.8027234E-01  4.2086513E-02  3.7317106E-04  2.0105759E-03 -1.6374048E-03
    3981  2.0375139E+03  1.3487213E+00  1.0058231E+00  3.4289814E-01  3.2188476E-01  2.7968017E-01  4.2204587E-02  4.1909453E-04  2.0142655E-03 -1.5951710E-03
    3982  2.0375233E+03  1.3487988E+00  1.0058862E+00  3.4291267E-01  3.2128457E-01  2.7897153E-01  4.2313037E-02  4.6103497E-04  2.0138495E-03 -1.5528145E-03
    3983  2.0375327E+03  1.3488872E+00  1.0059578E+00  3.4292932E-01  3.2071024E-01  2.7828397E-01  4.2426269E-02  5.0642689E-04  2.0167067E-03 -1.5102798E-03
    3984  2.0375422E+03  1.3489606E+00  1.0060161E+00  3.4294443E-01  3.2008235E-01  2.7755148E-01  4.2530870E-02  5.4933532E-04  2.0167779E-03 -1.4674425E-03
    3985  2.0375516E+03  1.3490443E+00  1.0060846E+00  3.4295974E-01  3.1945244E-01  2.7682132E-01  4.2631112E-02  5.9493300E-04  2.0194123E-03 -1.4244793E-03
    3986  2.0375610E+03  1.3491076E+00  1.0061334E+00  3.4297423E-01  3.1870399E-01  2.7597764E-01  4.2726346E-02  6.3832766E-04  2.0197315E-03 -1.3814038E-03
    3987  2.0375704E+03  1.3491887E+00  1.0061983E+00  3.4299036E-01  3.1809345E-01  2.7526890E-01  4.2824556E-02  6.8406607E-04  2.0221953E-03 -1.3381293E-03
    3988  2.0375799E+03  1.3492393E+00  1.0062355E+00  3.4300382E-01  3.1722530E-01  2.7431764E-01  4.2907661E-02  7.3068452E-04  2.0252910E-03 -1.2946065E-03
    3989  2.0375893E+03  1.3493207E+00  1.0063018E+00  3.4301896E-01  3.1658480E-01  2.7358887E-01  4.2995929E-02  7.7755538E-04  2.0285292E-03 -1.2509738E-03
    3990  2.0375987E+03  1.3493591E+00  1.0063270E+00  3.4303215E-01  3.1562914E-01  2.7255819E-01  4.3070957E-02  8.2237155E-04  2.0295628E-03 -1.2071912E-03
    3991  2.0376081E+03  1.3494386E+00  1.0063918E+00  3.4304675E-01  3.1496426E-01  2.7181134E-01  4.3152916E-02  8.6685853E-04  2.0300922E-03 -1.1632337E-03
    3992  2.0376176E+03  1.3494696E+00  1.0064103E+00  3.4305934E-01  3.1393681E-01  2.7071970E-01  4.3217114E-02  9.1153494E-04  2.0306818E-03 -1.1191469E-03
    3993  2.0376270E+03  1.3495336E+00  1.0064603E+00  3.4307331E-01  3.1314161E-01  2.6985216E-01  4.3289455E-02  9.5949068E-04  2.0344276E-03 -1.0749369E-03
    3994  2.0376364E+03  1.3495776E+00  1.0064919E+00  3.4308571E-01  3.1222283E-01  2.6887118E-01  4.3351645E-02  1.0051891E-03  2.0357413E-03 -1.0305522E-03
    3995  2.0376458E+03  1.3496079E+00  1.0065093E+00  3.4309859E-01  3.1115617E-01  2.6774656E-01  4.3409611E-02  1.0502978E-03  2.0362963E-03 -9.8599855E-04
    3996  2.0376552E+03  1.3496605E+00  1.0065491E+00  3.4311143E-01  3.1028587E-01  2.6681635E-01  4.3469525E-02  1.0974746E-03  2.0388021E-03 -9.4132745E-04
    3997  2.0376647E+03  1.3496923E+00  1.0065689E+00  3.4312339E-01  3.0922904E-01  2.6571283E-01  4.3516212E-02  1.1453832E-03  2.0419292E-03 -8.9654605E-04
    3998  2.0376741E+03  1.3497214E+00  1.0065863E+00  3.4313507E-01  3.0818429E-01  2.6462101E-01  4.3563279E-02  1.1900906E-03  2.0417401E-03 -8.5164947E-04
    3999  2.0376835E+03  1.3497580E+00  1.0066101E+00  3.4314795E-01  3.0710637E-01  2.6349779E-01  4.3608579E-02  1.2353403E-03  2.0419570E-03 -8.0661673E-04
    4000  2.0376929E+03  1.3497723E+00  1.0066149E+00  3.4315747E-01  3.0601987E-01  2.6237540E-01  4.3644471E-02  1.2862687E-03  2.0477025E-03 -7.6143377E-04
    4001  2.0377024E+03  1.3498035E+00  1.0066343E+00  3.4316921E-01  3.0487862E-01  2.6120256E-01  4.3676060E-02  1.3327149E-03  2.0489059E-03 -7.1619100E-04
    4002  2.0377118E+03  1.3498137E+00  1.0066341E+00  3.4317958E-01  3.0369803E-01  2.5998787E-01  4.3710161E-02  1.3745376E-03  2.0454095E-03 -6.7087195E-04
    4003  2.0377212E+03  1.3498334E+00  1.0066424E+00  3.4319105E-01  3.0254533E-01  2.5880871E-01  4.3736616E-02  1.4241471E-03  2.0494897E-03 -6.2534262E-04
    4004  2.0377306E+03  1.3498437E+00  1.0066438E+00  3.4319993E-01  3.0131202E-01  2.5755778E-01  4.3754234E-02  1.4727387E-03  2.0525262E-03 -5.7978746E-04
    4005  2.0377401E+03  1.3498530E+00  1.0066432E+00  3.4320976E-01  3.0004247E-01  2.5626974E-01  4.3772726E-02  1.5169202E-03  2.0511054E-03 -5.3418521E-04
    4006  2.0377495E+03  1.3498523E+00  1.0066338E+00  3.4321848E-01  2.9879269E-01  2.5500808E-01  4.3784612E-02  1.5656326E-03  2.0540723E-03 -4.8843966E-04
    4007  2.0377589E+03  1.3498552E+00  1.0066272E+00  3.4322801E-01  2.9745686E-01  2.5366128E-01  4.3795584E-02  1.6126799E-03  2.0553501E-03 -4.4267024E-04
    4008  2.0377683E+03  1.3498513E+00  1.0066141E+00  3.4323725E-01  2.9616633E-01  2.5236449E-01  4.3801839E-02  1.6616908E-03  2.0583476E-03 -3.9665675E-04
    4009  2.0377777E+03  1.3498503E+00  1.0066054E+00  3.4324483E-01  2.9477825E-01  2.5098166E-01  4.3796591E-02  1.7083180E-03  2.0589801E-03 -3.5066207E-04
    4010  2.0377872E+03  1.3498279E+00  1.0065750E+00  3.4325290E-01  2.9338166E-01  2.4958461E-01  4.3797044E-02  1.7557064E-03  2.0604177E-03 -3.0471125E-04
    4011  2.0377966E+03  1.3498284E+00  1.0065669E+00  3.4326148E-01  2.9197996E-01  2.4819143E-01  4.3788527E-02  1.8038978E-03  2.0623705E-03 -2.5847270E-04
    4012  2.0378060E+03  1.3498006E+00  1.0065327E+00  3.4326797E-01  2.9053821E-01  2.4676371E-01  4.3774501E-02  1.8503080E-03  2.0626357E-03 -2.1232766E-04
    4013  2.0378154E+03  1.3497874E+00  1.0065121E+00  3.4327530E-01  2.8904073E-01  2.4528248E-01  4.3758249E-02  1.8987689E-03  2.0648955E-03 -1.6612659E-04
    4014  2.0378249E+03  1.3497543E+00  1.0064723E+00  3.4328203E-01  2.8757850E-01  2.4383785E-01  4.3740646E-02  1.9461466E-03  2.0659378E-03 -1.1979127E-04
    4015  2.0378343E+03  1.3497376E+00  1.0064493E+00  3.4328829E-01  2.8601472E-01  2.4230259E-01  4.3712125E-02  1.9938516E-03  2.0672606E-03 -7.3408996E-05
    4016  2.0378437E+03  1.3496980E+00  1.0064039E+00  3.4329404E-01  2.8448842E-01  2.4080442E-01  4.3683998E-02  2.0408613E-03  2.0679385E-03 -2.7077166E-05
    4017  2.0378531E+03  1.3496646E+00  1.0063648E+00  3.4329985E-01  2.8287454E-01  2.3922255E-01  4.3651988E-02  2.0896810E-03  2.0703205E-03  1.9360482E-05
    4018  2.0378626E+03  1.3496293E+00  1.0063242E+00  3.4330505E-01  2.8129928E-01  2.3768542E-01  4.3613852E-02  2.1366795E-03  2.0707969E-03  6.5882538E-05
    4019  2.0378720E+03  1.3495849E+00  1.0062753E+00  3.4330961E-01  2.7964892E-01  2.3607626E-01  4.3572659E-02  2.1835673E-03  2.0712595E-03  1.1230778E-04
    4020  2.0378814E+03  1.3495385E+00  1.0062239E+00  3.4331466E-01  2.7796397E-01  2.3443553E-01  4.3528437E-02  2.2313661E-03  2.0724870E-03  1.5887908E-04
    4021  2.0378908E+03  1.3494961E+00  1.0061775E+00  3.4331862E-01  2.7633028E-01  2.3285296E-01  4.3477317E-02  2.2813560E-03  2.0758918E-03  2.0546420E-04
    4022  2.0379003E+03  1.3494393E+00  1.0061170E+00  3.4332226E-01  2.7456675E-01  2.3114505E-01  4.3421702E-02  2.3262667E-03  2.0743393E-03  2.5192740E-04
    4023  2.0379097E+03  1.3493841E+00  1.0060579E+00  3.4332620E-01  2.7284239E-01  2.2947484E-01  4.3367551E-02  2.3753850E-03  2.0768844E-03  2.9850056E-04
    4024  2.0379191E+03  1.3493278E+00  1.0059990E+00  3.4332873E-01  2.7109376E-01  2.2779342E-01  4.3300332E-02  2.4240928E-03  2.0789557E-03  3.4513712E-04
    4025  2.0379285E+03  1.3492630E+00  1.0059313E+00  3.4333176E-01  2.6925671E-01  2.2601857E-01  4.3238142E-02  2.4705459E-03  2.0788954E-03  3.9165048E-04
    4026  2.0379379E+03  1.3491997E+00  1.0058661E+00  3.4333359E-01  2.6747257E-01  2.2430862E-01  4.3163949E-02  2.5178564E-03  2.0795093E-03  4.3834707E-04
    4027  2.0379474E+03  1.3491316E+00  1.0057956E+00  3.4333601E-01  2.6563106E-01  2.2253990E-01  4.3091157E-02  2.5657496E-03  2.0809119E-03  4.8483775E-04
    4028  2.0379568E+03  1.3490553E+00  1.0057179E+00  3.4333737E-01  2.6373621E-01  2.2072544E-01  4.3010773E-02  2.6147703E-03  2.0833054E-03  5.3146483E-04
    4029  2.0379662E+03  1.3489850E+00  1.0056464E+00  3.4333860E-01  2.6187898E-01  2.1894886E-01  4.2930122E-02  2.6607958E-03  2.0827713E-03  5.7802452E-04
    4030  2.0379756E+03  1.3489050E+00  1.0055659E+00  3.4333910E-01  2.5994697E-01  2.1710694E-01  4.2840033E-02  2.7099803E-03  2.0854083E-03  6.2457199E-04
    4031  2.0379851E+03  1.3488236E+00  1.0054834E+00  3.4334018E-01  2.5796975E-01  2.1521951E-01  4.2750233E-02  2.7579705E-03  2.0868657E-03  6.7110477E-04
    4032  2.0379945E+03  1.3487395E+00  1.0053997E+00  3.4333980E-01  2.5606347E-01  2.1340688E-01  4.2656595E-02  2.8042520E-03  2.0866300E-03  7.1762199E-04
    4033  2.0380039E+03  1.3486483E+00  1.0053088E+00  3.4333943E-01  2.5400448E-01  2.1145178E-01  4.2552697E-02  2.8526317E-03  2.0885666E-03  7.6406508E-04
    4034  2.0380133E+03  1.3485577E+00  1.0052190E+00  3.4333870E-01  2.5204838E-01  2.0959639E-01  4.2451981E-02  2.8991314E-03  2.0886510E-03  8.1048038E-04
    4035  2.0380228E+03  1.3484720E+00  1.0051343E+00  3.4333773E-01  2.4997426E-01  2.0763068E-01  4.2343579E-02  2.9464792E-03  2.0895963E-03  8.5688294E-04
    4036  2.0380322E+03  1.3483639E+00  1.0050279E+00  3.4333601E-01  2.4791453E-01  2.0568516E-01  4.2229367E-02  2.9927961E-03  2.0895804E-03  9.0321566E-04
    4037  2.0380416E+03  1.3482734E+00  1.0049385E+00  3.4333498E-01  2.4584281E-01  2.0372547E-01  4.2117338E-02  3.0424307E-03  2.0929635E-03  9.4946722E-04
    4038  2.0380510E+03  1.3481589E+00  1.0048268E+00  3.4333209E-01  2.4369908E-01  2.0170244E-01  4.1996645E-02  3.0859534E-03  2.0901883E-03  9.9576508E-04
    4039  2.0380604E+03  1.3480650E+00  1.0047353E+00  3.4332965E-01  2.4161843E-01  1.9974481E-01  4.1873619E-02  3.1359924E-03  2.0940475E-03  1.0419449E-03
    4040  2.0380699E+03  1.3479540E+00  1.0046266E+00  3.4332741E-01  2.3942764E-01  1.9768002E-01  4.1747619E-02  3.1817329E-03  2.0936623E-03  1.0880706E-03
    4041  2.0380793E+03  1.3478348E+00  1.0045116E+00  3.4332326E-01  2.3723401E-01  1.9562027E-01  4.1613741E-02  3.2291142E-03  2.0949511E-03  1.1341631E-03
    4042  2.0380887E+03  1.3477273E+00  1.0044074E+00  3.4331988E-01  2.3506437E-01  1.9358594E-01  4.1478426E-02  3.2746121E-03  2.0944990E-03  1.1801132E-03
    4043  2.0380981E+03  1.3476120E+00  1.0042954E+00  3.4331663E-01  2.3283092E-01  1.9148981E-01  4.1341110E-02  3.3245740E-03  2.0985259E-03  1.2260482E-03
    4044  2.0381076E+03  1.3474839E+00  1.0041734E+00  3.4331055E-01  2.3055909E-01  1.8936713E-01  4.1191955E-02  3.3679015E-03  2.0960009E-03  1.2719006E-03
    4045  2.0381170E+03  1.3473703E+00  1.0040625E+00  3.4330779E-01  2.2833391E-01  1.8728137E-01  4.1052541E-02  3.4165013E-03  2.0989139E-03  1.3175874E-03
    4046  2.0381264E+03  1.3472421E+00  1.0039403E+00  3.4330185E-01  2.2600982E-01  1.8511181E-01  4.0898009E-02  3.4601602E-03  2.0968374E-03  1.3633228E-03
    4047  2.0381358E+03  1.3471160E+00  1.0038200E+00  3.4329599E-01  2.2372321E-01  1.8298341E-01  4.0739798E-02  3.5096175E-03  2.1007521E-03  1.4088654E-03
    4048  2.0381453E+03  1.3469800E+00  1.0036895E+00  3.4329054E-01  2.2136858E-01  1.8078538E-01  4.0583201E-02  3.5526883E-03  2.0983811E-03  1.4543072E-03
    4049  2.0381547E+03  1.3468560E+00  1.0035714E+00  3.4328455E-01  2.1903694E-01  1.7861556E-01  4.0421387E-02  3.6004928E-03  2.1007527E-03  1.4997401E-03
    4050  2.0381641E+03  1.3467144E+00  1.0034380E+00  3.4327639E-01  2.1664782E-01  1.7640127E-01  4.0246555E-02  3.6476538E-03  2.1026712E-03  1.5449825E-03
    4051  2.0381735E+03  1.3465821E+00  1.0033105E+00  3.4327153E-01  2.1424751E-01  1.7416569E-01  4.0081818E-02  3.6912022E-03  2.1011769E-03  1.5900253E-03
    4052  2.0381829E+03  1.3464377E+00  1.0031743E+00  3.4326336E-01  2.1184682E-01  1.7193706E-01  3.9909767E-02  3.7388461E-03  2.1036352E-03  1.6352110E-03
    4053  2.0381924E+03  1.3463033E+00  1.0030476E+00  3.4325574E-01  2.0941618E-01  1.6969081E-01  3.9725372E-02  3.7841458E-03  2.1039645E-03  1.6801813E-03
    4054  2.0382018E+03  1.3461512E+00  1.0029035E+00  3.4324768E-01  2.0693453E-01  1.6739187E-01  3.9542655E-02  3.8273171E-03  2.1024658E-03  1.7248513E-03
    4055  2.0382112E+03  1.3460123E+00  1.0027723E+00  3.4324004E-01  2.0448564E-01  1.6512298E-01  3.9362655E-02  3.8753308E-03  2.1057727E-03  1.7695581E-03
    4056  2.0382206E+03  1.3458606E+00  1.0026296E+00  3.4323092E-01  2.0198317E-01  1.6281459E-01  3.9168586E-02  3.9188630E-03  2.1046500E-03  1.8142130E-03
    4057  2.0382301E+03  1.3457098E+00  1.0024883E+00  3.4322151E-01  1.9946180E-01  1.6048983E-01  3.8971972E-02  3.9626726E-03  2.1041396E-03  1.8585330E-03
    4058  2.0382395E+03  1.3455577E+00  1.0023447E+00  3.4321296E-01  1.9692757E-01  1.5814709E-01  3.8780483E-02  4.0088710E-03  2.1061295E-03  1.9027415E-03
    4059  2.0382489E+03  1.3454071E+00  1.0022033E+00  3.4320385E-01  1.9439152E-01  1.5581082E-01  3.8580695E-02  4.0517951E-03  2.1047752E-03  1.9470200E-03
    4060  2.0382583E+03  1.3452494E+00  1.0020562E+00  3.4319313E-01  1.9181887E-01  1.5344617E-01  3.8372695E-02  4.0984581E-03  2.1074636E-03  1.9909945E-03
    4061  2.0382678E+03  1.3450902E+00  1.0019065E+00  3.4318364E-01  1.8921157E-01  1.5104468E-01  3.8166889E-02  4.1397439E-03  2.1049640E-03  2.0347799E-03
    4062  2.0382772E+03  1.3449311E+00  1.0017584E+00  3.4317269E-01  1.8662922E-01  1.4867340E-01  3.7955824E-02  4.1856533E-03  2.1071297E-03  2.0785235E-03
    4063  2.0382866E+03  1.3447755E+00  1.0016140E+00  3.4316144E-01  1.8400199E-01  1.4626633E-01  3.7735664E-02  4.2309078E-03  2.1088794E-03  2.1220284E-03
    4064  2.0382960E+03  1.3446041E+00  1.0014537E+00  3.4315036E-01  1.8133744E-01  1.4382066E-01  3.7516784E-02  4.2724263E-03  2.1071174E-03  2.1653089E-03
    4065  2.0383054E+03  1.3444474E+00  1.0013082E+00  3.4313924E-01  1.7870297E-01  1.4140597E-01  3.7296995E-02  4.3171136E-03  2.1085463E-03  2.2085673E-03
    4066  2.0383149E+03  1.3442781E+00  1.0011511E+00  3.4312701E-01  1.7602038E-01  1.3895206E-01  3.7068321E-02  4.3604013E-03  2.1087691E-03  2.2516322E-03
    4067  2.0383243E+03  1.3441136E+00  1.0009992E+00  3.4311439E-01  1.7332122E-01  1.3648606E-01  3.6835166E-02  4.4027816E-03  2.1083429E-03  2.2944388E-03
    4068  2.0383337E+03  1.3439418E+00  1.0008390E+00  3.4310278E-01  1.7060892E-01  1.3400391E-01  3.6605009E-02  4.4486326E-03  2.1115564E-03  2.3370762E-03
    4069  2.0383431E+03  1.3437747E+00  1.0006843E+00  3.4309038E-01  1.6789746E-01  1.3152729E-01  3.6370169E-02  4.4884691E-03  2.1088024E-03  2.3796667E-03
    4070  2.0383526E+03  1.3436014E+00  1.0005241E+00  3.4307733E-01  1.6514493E-01  1.2901397E-01  3.6130960E-02  4.5320027E-03  2.1100171E-03  2.4219856E-03
    4071  2.0383620E+03  1.3434348E+00  1.0003707E+00  3.4306410E-01  1.6238957E-01  1.2650595E-01  3.5883627E-02  4.5745303E-03  2.1103725E-03  2.4641578E-03
    4072  2.0383714E+03  1.3432577E+00  1.0002071E+00  3.4305055E-01  1.5962714E-01  1.2398866E-01  3.5638485E-02  4.6150441E-03  2.1090599E-03  2.5059842E-03
    4073  2.0383808E+03  1.3430830E+00  1.0000459E+00  3.4303707E-01  1.5681873E-01  1.2143051E-01  3.5388214E-02  4.6576731E-03  2.1099468E-03  2.5477263E-03
    4074  2.0383903E+03  1.3429106E+00  9.9988725E-01  3.4302339E-01  1.5402866E-01  1.1889417E-01  3.5134493E-02  4.6991470E-03  2.1098388E-03  2.5893082E-03
    4075  2.0383997E+03  1.3427334E+00  9.9972525E-01  3.4300819E-01  1.5120987E-01  1.1633504E-01  3.4874832E-02  4.7397359E-03  2.1091188E-03  2.6306171E-03
    4076  2.0384091E+03  1.3425562E+00  9.9956172E-01  3.4299449E-01  1.4837196E-01  1.1375667E-01  3.4615290E-02  4.7816975E-03  2.1100491E-03  2.6716484E-03
    4077  2.0384185E+03  1.3423779E+00  9.9939849E-01  3.4297943E-01  1.4551729E-01  1.1116566E-01  3.4351626E-02  4.8226261E-03  2.1100358E-03  2.7125903E-03
    4078  2.0384280E+03  1.3422041E+00  9.9923956E-01  3.4296456E-01  1.4267976E-01  1.0859587E-01  3.4083883E-02  4.8630010E-03  2.1097070E-03  2.7532940E-03
    4079  2.0384374E+03  1.3420205E+00  9.9907131E-01  3.4294916E-01  1.3978541E-01  1.0597408E-01  3.3811328E-02  4.9044784E-03  2.1107797E-03  2.7936987E-03
    4080  2.0384468E+03  1.3418438E+00  9.9891002E-01  3.4293381E-01  1.3689985E-01  1.0336117E-01  3.3538680E-02  4.9426445E-03  2.1087111E-03  2.8339334E-03
    4081  2.0384562E+03  1.3416639E+00  9.9874570E-01  3.4291822E-01  1.3400336E-01  1.0074190E-01  3.3261460E-02  4.9856292E-03  2.1116647E-03  2.8739645E-03
    4082  2.0384656E+03  1.3414827E+00  9.9858063E-01  3.4290211E-01  1.3107809E-01  9.8098550E-02  3.2979541E-02  5.0225793E-03  2.1088532E-03  2.9137262E-03
    4083  2.0384751E+03  1.3413025E+00  9.9841623E-01  3.4288627E-01  1.2816238E-01  9.5463442E-02  3.2698940E-02  5.0651646E-03  2.1119291E-03  2.9532354E-03
    4084  2.0384845E+03  1.3411244E+00  9.9825384E-01  3.4287055E-01  1.2521983E-01  9.2806314E-02  3.2413520E-02  5.1005408E-03  2.1079514E-03  2.9925894E-03
    4085  2.0384939E+03  1.3409374E+00  9.9808416E-01  3.4285320E-01  1.2226301E-01  9.0141949E-02  3.2121065E-02  5.1434366E-03  2.1117544E-03  3.0316822E-03
    4086  2.0385033E+03  1.3407639E+00  9.9792688E-01  3.4283701E-01  1.1931228E-01  8.7484261E-02  3.1828017E-02  5.1795549E-03  2.1091296E-03  3.0704253E-03
    4087  2.0385128E+03  1.3405746E+00  9.9775418E-01  3.4282042E-01  1.1630601E-01  8.4771045E-02  3.1534969E-02  5.2191150E-03  2.1101423E-03  3.1089727E-03
    4088  2.0385222E+03  1.3404039E+00  9.9760088E-01  3.4280300E-01  1.1336414E-01  8.2130384E-02  3.1233752E-02  5.2554803E-03  2.1080818E-03  3.1473985E-03
    4089  2.0385316E+03  1.3402128E+00  9.9742652E-01  3.4278629E-01  1.1032045E-01  7.9386334E-02  3.0934116E-02  5.2953773E-03  2.1100241E-03  3.1853533E-03
    4090  2.0385410E+03  1.3400397E+00  9.9727102E-01  3.4276873E-01  1.0735765E-01  7.6729299E-02  3.0628348E-02  5.3293459E-03  2.1061360E-03  3.2232099E-03
    4091  2.0385505E+03  1.3398530E+00  9.9710132E-01  3.4275172E-01  1.0430311E-01  7.3978745E-02  3.0324362E-02  5.3710097E-03  2.1103586E-03  3.2606511E-03
    4092  2.0385599E+03  1.3396776E+00  9.9694382E-01  3.4273373E-01  1.0129705E-01  7.1285275E-02  3.0011771E-02  5.4043181E-03  2.1063115E-03  3.2980067E-03
    4093  2.0385693E+03  1.3394939E+00  9.9677816E-01  3.4271569E-01  9.8247899E-02  6.8553309E-02  2.9694589E-02  5.4422755E-03  2.1073045E-03  3.3349710E-03
    4094  2.0385787E+03  1.3393179E+00  9.9661970E-01  3.4269825E-01  9.5196092E-02  6.5815374E-02  2.9380718E-02  5.4791693E-03  2.1075697E-03  3.3715996E-03
    4095  2.0385881E+03  1.3391364E+00  9.9645676E-01  3.4267968E-01  9.2149253E-02  6.3086252E-02  2.9063002E-02  5.5140502E-03  2.1059632E-03  3.4080870E-03
    4096  2.0385976E+03  1.3389591E+00  9.9629702E-01  3.4266204E-01  8.9065141E-02  6.0325361E-02  2.8739780E-02  5.5517841E-03  2.1075420E-03  3.4442421E-03
    4097  2.0386070E+03  1.3387806E+00  9.9613717E-01  3.4264345E-01  8.6005281E-02  5.7590412E-02  2.8414869E-02  5.5846414E-03  2.1045304E-03  3.4801111E-03
    4098  2.0386164E+03  1.3386051E+00  9.9597980E-01  3.4262534E-01  8.2915421E-02  5.4828428E-02  2.8086993E-02  5.6226933E-03  2.1070131E-03  3.5156803E-03
    4099  2.0386258E+03  1.3384251E+00  9.9581844E-01  3.4260664E-01  7.9812147E-02  5.2055976E-02  2.7756171E-02  5.6569271E-03  2.1059827E-03  3.5509444E-03
    4100  2.0386353E+03  1.3382550E+00  9.9566672E-01  3.4258824E-01  7.6735210E-02  4.9308760E-02  2.7426450E-02  5.6907132E-03  2.1047538E-03  3.5859594E-03
    4101  2.0386447E+03  1.3380777E+00  9.9550832E-01  3.4256938E-01  7.3609163E-02  4.6521477E-02  2.7087686E-02  5.7251412E-03  2.1044380E-03  3.6207032E-03
    4102  2.0386541E+03  1.3379045E+00  9.9535369E-01  3.4255081E-01  7.0490828E-02  4.3740272E-02  2.6750555E-02  5.7612979E-03  2.1062445E-03  3.6550534E-03
    4103  2.0386635E+03  1.3377320E+00  9.9520017E-01  3.4253179E-01  6.7390171E-02  4.0978661E-02  2.6411510E-02  5.7912386E-03  2.1020345E-03  3.6892040E-03
    4104  2.0386730E+03  1.3375611E+00  9.9504811E-01  3.4251299E-01  6.4242076E-02  3.8177940E-02  2.6064135E-02  5.8260633E-03  2.1030993E-03  3.7229640E-03
    4105  2.0386824E+03  1.3373917E+00  9.9489802E-01  3.4249372E-01  6.1107428E-02  3.5392709E-02  2.5714719E-02  5.8583048E-03  2.1019271E-03  3.7563778E-03
    4106  2.0386918E+03  1.3372206E+00  9.9474528E-01  3.4247532E-01  5.7966389E-02  3.2593053E-02  2.5373336E-02  5.8875243E-03  2.0980828E-03  3.7894416E-03
    4107  2.0387012E+03  1.3370555E+00  9.9459942E-01  3.4245609E-01  5.4826931E-02  2.9805220E-02  2.5021711E-02  5.9234632E-03  2.1010707E-03  3.8223924E-03
    4108  2.0387106E+03  1.3368885E+00  9.9445116E-01  3.4243730E-01  5.1667469E-02  2.6997011E-02  2.4670458E-02  5.9543502E-03  2.0994926E-03  3.8548576E-03
    4109  2.0387201E+03  1.3367255E+00  9.9430739E-01  3.4241812E-01  4.8511342E-02  2.4198737E-02  2.4312605E-02  5.9884289E-03  2.1013124E-03  3.8871165E-03
    4110  2.0387295E+03  1.3365566E+00  9.9415788E-01  3.4239872E-01  4.5348974E-02  2.1393033E-02  2.3955941E-02  6.0167311E-03  2.0977824E-03  3.9189487E-03
    4111  2.0387389E+03  1.3364017E+00  9.9402125E-01  3.4238047E-01  4.2173285E-02  1.8575684E-02  2.3597601E-02  6.0489770E-03  2.0984888E-03  3.9504882E-03
    4112  2.0387483E+03  1.3362371E+00  9.9387645E-01  3.4236068E-01  3.9010248E-02  1.5776560E-02  2.3233687E-02  6.0791324E-03  2.0973741E-03  3.9817583E-03
    4113  2.0387578E+03  1.3360844E+00  9.9374261E-01  3.4234179E-01  3.5831556E-02  1.2963068E-02  2.2868488E-02  6.1094297E-03  2.0968249E-03  4.0126048E-03
    4114  2.0387672E+03  1.3359205E+00  9.9359786E-01  3.4232269E-01  3.2647435E-02  1.0144225E-02  2.2503209E-02  6.1392827E-03  2.0961540E-03  4.0431286E-03
    4115  2.0387766E+03  1.3357712E+00  9.9346754E-01  3.4230365E-01  2.9465455E-02  7.3312923E-03  2.2134162E-02  6.1687328E-03  2.0953644E-03  4.0733683E-03
    4116  2.0387860E+03  1.3356177E+00  9.9333291E-01  3.4228480E-01  2.6281848E-02  4.5202374E-03  2.1761610E-02  6.1972039E-03  2.0939720E-03  4.1032319E-03
    4117  2.0387955E+03  1.3354636E+00  9.9319825E-01  3.4226534E-01  2.3084785E-02  1.6962022E-03  2.1388583E-02  6.2263053E-03  2.0936016E-03  4.1327037E-03
    4118  2.0388049E+03  1.3353197E+00  9.9307259E-01  3.4224713E-01  1.9900971E-02 -1.1152908E-03  2.1016262E-02  6.2547883E-03  2.0929042E-03  4.1618841E-03
    4119  2.0388143E+03  1.3351691E+00  9.9294153E-01  3.4222755E-01  1.6697520E-02 -3.9371762E-03  2.0634697E-02  6.2818296E-03  2.0910886E-03  4.1907411E-03
    4120  2.0388237E+03  1.3350266E+00  9.9281787E-01  3.4220868E-01  1.3509676E-02 -6.7474985E-03  2.0257174E-02  6.3099370E-03  2.0908082E-03  4.2191289E-03
    4121  2.0388332E+03  1.3348841E+00  9.9269373E-01  3.4219033E-01  1.0306576E-02 -9.5705311E-03  1.9877107E-02  6.3376934E-03  2.0904720E-03  4.2472214E-03
    4122  2.0388426E+03  1.3347411E+00  9.9257021E-01  3.4217090E-01  7.1055410E-03 -1.2388212E-02  1.9493753E-02  6.3628335E-03  2.0878727E-03  4.2749608E-03
    4123  2.0388520E+03  1.3346073E+00  9.9245438E-01  3.4215289E-01  3.9071226E-03 -1.5201715E-02  1.9108838E-02  6.3895399E-03  2.0871928E-03  4.3023471E-03
    4124  2.0388614E+03  1.3344692E+00  9.9233510E-01  3.4213407E-01  7.0935134E-04 -1.8011642E-02  1.8720994E-02  6.4164082E-03  2.0870481E-03  4.3293600E-03
    4125  2.0388708E+03  1.3343351E+00  9.9221978E-01  3.4211537E-01 -2.5013268E-03 -2.0832565E-02  1.8331239E-02  6.4422339E-03  2.0862643E-03  4.3559696E-03
    4126  2.0388803E+03  1.3342072E+00  9.9210983E-01  3.4209740E-01 -5.6930576E-03 -2.3635483E-02  1.7942426E-02  6.4673226E-03  2.0850911E-03  4.3822315E-03
    4127  2.0388897E+03  1.3340763E+00  9.9199760E-01  3.4207873E-01 -8.9019744E-03 -2.6450415E-02  1.7548441E-02  6.4913904E-03  2.0832518E-03  4.4081387E-03
    4128  2.0388991E+03  1.3339524E+00  9.9189183E-01  3.4206054E-01 -1.2104720E-02 -2.9257009E-02  1.7152289E-02  6.5165473E-03  2.0829103E-03  4.4336370E-03
    4129  2.0389085E+03  1.3338282E+00  9.9178537E-01  3.4204279E-01 -1.5304020E-02 -3.2063334E-02  1.6759314E-02  6.5413763E-03  2.0826333E-03  4.4587430E-03
    4130  2.0389180E+03  1.3337070E+00  9.9168230E-01  3.4202466E-01 -1.8500293E-02 -3.4862783E-02  1.6362490E-02  6.5642012E-03  2.0806413E-03  4.4835600E-03
    4131  2.0389274E+03  1.3335925E+00  9.9158544E-01  3.4200704E-01 -2.1695678E-02 -3.7656369E-02  1.5960691E-02  6.5874207E-03  2.0794997E-03  4.5079210E-03
    4132  2.0389368E+03  1.3334724E+00  9.9148316E-01  3.4198921E-01 -2.4906154E-02 -4.0469331E-02  1.5563177E-02  6.6100286E-03  2.0781759E-03  4.5318527E-03
    4133  2.0389462E+03  1.3333658E+00  9.9139392E-01  3.4197191E-01 -2.8080764E-02 -4.3244632E-02  1.5163868E-02  6.6335931E-03  2.0780670E-03  4.5555261E-03
    4134  2.0389557E+03  1.3332482E+00  9.9129454E-01  3.4195364E-01 -3.1290704E-02 -4.6045830E-02  1.4755126E-02  6.6542931E-03  2.0755229E-03  4.5787701E-03
    4135  2.0389651E+03  1.3331460E+00  9.9120861E-01  3.4193736E-01 -3.4472234E-02 -4.8825461E-02  1.4353227E-02  6.6751270E-03  2.0736339E-03  4.6014932E-03
    4136  2.0389745E+03  1.3330457E+00  9.9112585E-01  3.4191981E-01 -3.7656218E-02 -5.1604577E-02  1.3948359E-02  6.6990679E-03  2.0751282E-03  4.6239398E-03
    4137  2.0389839E+03  1.3329401E+00  9.9103697E-01  3.4190313E-01 -4.0839578E-02 -5.4376472E-02  1.3536894E-02  6.7164157E-03  2.0703973E-03  4.6460183E-03
    4138  2.0389933E+03  1.3328452E+00  9.9095831E-01  3.4188685E-01 -4.4017111E-02 -5.7144521E-02  1.3127410E-02  6.7392701E-03  2.0717141E-03  4.6675560E-03
    4139  2.0390028E+03  1.3327459E+00  9.9087608E-01  3.4186985E-01 -4.7209933E-02 -5.9927006E-02  1.2717073E-02  6.7585466E-03  2.0698120E-03  4.6887346E-03
    4140  2.0390122E+03  1.3326614E+00  9.9080756E-01  3.4185384E-01 -5.0362872E-02 -6.2670903E-02  1.2308032E-02  6.7770455E-03  2.0674343E-03  4.7096112E-03
    4141  2.0390216E+03  1.3325657E+00  9.9072841E-01  3.4183725E-01 -5.3531919E-02 -6.5426126E-02  1.1894208E-02  6.7996609E-03  2.0695940E-03  4.7300670E-03
    4142  2.0390310E+03  1.3324822E+00  9.9065953E-01  3.4182262E-01 -5.6703097E-02 -6.8180198E-02  1.1477101E-02  6.8136997E-03  2.0636695E-03  4.7500302E-03
    4143  2.0390405E+03  1.3324015E+00  9.9059537E-01  3.4180614E-01 -5.9864771E-02 -7.0929650E-02  1.1064879E-02  6.8359103E-03  2.0663551E-03  4.7695551E-03
    4144  2.0390499E+03  1.3323200E+00  9.9052936E-01  3.4179063E-01 -6.2999693E-02 -7.3648574E-02  1.0648882E-02  6.8502127E-03  2.0613819E-03  4.7888308E-03
    4145  2.0390593E+03  1.3322473E+00  9.9047159E-01  3.4177575E-01 -6.6156704E-02 -7.6384463E-02  1.0227759E-02  6.8725342E-03  2.0649546E-03  4.8075796E-03
    4146  2.0390687E+03  1.3321723E+00  9.9041216E-01  3.4176012E-01 -6.9292050E-02 -7.9104103E-02  9.8120525E-03  6.8843332E-03  2.0584395E-03  4.8258937E-03
    4147  2.0390782E+03  1.3321007E+00  9.9035536E-01  3.4174536E-01 -7.2432711E-02 -8.1827700E-02  9.3949894E-03  6.9047095E-03  2.0608591E-03  4.8438504E-03
    4148  2.0390876E+03  1.3320388E+00  9.9030764E-01  3.4173119E-01 -7.5548591E-02 -8.4521369E-02  8.9727784E-03  6.9188285E-03  2.0574280E-03  4.8614005E-03
    4149  2.0390970E+03  1.3319724E+00  9.9025573E-01  3.4171665E-01 -7.8677844E-02 -8.7229040E-02  8.5511958E-03  6.9339115E-03  2.0554538E-03  4.8784577E-03
    4150  2.0391064E+03  1.3319161E+00  9.9021317E-01  3.4170295E-01 -8.1789606E-02 -8.9918860E-02  8.1292537E-03  6.9496223E-03  2.0545008E-03  4.8951215E-03
    4151  2.0391158E+03  1.3318559E+00  9.9016703E-01  3.4168889E-01 -8.4902209E-02 -9.2609040E-02  7.7068306E-03  6.9641198E-03  2.0527472E-03  4.9113726E-03
    4152  2.0391253E+03  1.3318105E+00  9.9013482E-01  3.4167568E-01 -8.7973264E-02 -9.5257042E-02  7.2837779E-03  6.9774770E-03  2.0502856E-03  4.9271914E-03
    4153  2.0391347E+03  1.3317513E+00  9.9008915E-01  3.4166213E-01 -9.1102639E-02 -9.7961302E-02  6.8586636E-03  6.9924078E-03  2.0498490E-03  4.9425588E-03
    4154  2.0391441E+03  1.3317136E+00  9.9006464E-01  3.4164892E-01 -9.4144678E-02 -1.0058156E-01  6.4368796E-03  7.0054332E-03  2.0478848E-03  4.9575484E-03
    4155  2.0391535E+03  1.3316644E+00  9.9002914E-01  3.4163528E-01 -9.7243347E-02 -1.0325268E-01  6.0093357E-03  7.0192563E-03  2.0471592E-03  4.9720971E-03
    4156  2.0391630E+03  1.3316292E+00  9.9000524E-01  3.4162396E-01 -1.0028990E-01 -1.0587265E-01  5.5827496E-03  7.0314525E-03  2.0452717E-03  4.9861808E-03
    4157  2.0391724E+03  1.3315958E+00  9.8998441E-01  3.4161135E-01 -1.0335143E-01 -1.0850873E-01  5.1572990E-03  7.0442223E-03  2.0443909E-03  4.9998315E-03
    4158  2.0391818E+03  1.3315601E+00  9.8995982E-01  3.4160028E-01 -1.0638830E-01 -1.1111700E-01  4.7287038E-03  7.0560967E-03  2.0429895E-03  5.0131072E-03
    4159  2.0391912E+03  1.3315359E+00  9.8994747E-01  3.4158845E-01 -1.0942893E-01 -1.1372783E-01  4.2988998E-03  7.0668112E-03  2.0409427E-03  5.0258685E-03
    4160  2.0392007E+03  1.3315053E+00  9.8992760E-01  3.4157772E-01 -1.1246251E-01 -1.1633506E-01  3.8725516E-03  7.0770961E-03  2.0389013E-03  5.0381948E-03
    4161  2.0392101E+03  1.3314855E+00  9.8991904E-01  3.4156651E-01 -1.1546297E-01 -1.1890666E-01  3.4436929E-03  7.0876477E-03  2.0374778E-03  5.0501699E-03
    4162  2.0392195E+03  1.3314723E+00  9.8991644E-01  3.4155591E-01 -1.1845571E-01 -1.2146884E-01  3.0131275E-03  7.0978905E-03  2.0362724E-03  5.0616181E-03
    4163  2.0392289E+03  1.3314534E+00  9.8990832E-01  3.4154504E-01 -1.2147260E-01 -1.2405651E-01  2.5839139E-03  7.1067122E-03  2.0340995E-03  5.0726127E-03
    4164  2.0392383E+03  1.3314425E+00  9.8990706E-01  3.4153545E-01 -1.2443928E-01 -1.2659414E-01  2.1548650E-03  7.1149452E-03  2.0317153E-03  5.0832299E-03
    4165  2.0392478E+03  1.3314403E+00  9.8991405E-01  3.4152621E-01 -1.2739234E-01 -1.2911604E-01  1.7236949E-03  7.1243060E-03  2.0309598E-03  5.0933463E-03
    4166  2.0392572E+03  1.3314297E+00  9.8991323E-01  3.4151643E-01 -1.3037674E-01 -1.3167014E-01  1.2933997E-03  7.1311250E-03  2.0281087E-03  5.1030163E-03
    4167  2.0392666E+03  1.3314373E+00  9.8993022E-01  3.4150712E-01 -1.3329567E-01 -1.3416133E-01  8.6566020E-04  7.1394690E-03  2.0271993E-03  5.1122697E-03
    4168  2.0392760E+03  1.3314344E+00  9.8993602E-01  3.4149838E-01 -1.3624031E-01 -1.3667451E-01  4.3419853E-04  7.1446449E-03  2.0235369E-03  5.1211080E-03
    4169  2.0392855E+03  1.3314432E+00  9.8995305E-01  3.4149017E-01 -1.3914947E-01 -1.3915371E-01  4.2376484E-06  7.1542220E-03  2.0247788E-03  5.1294433E-03
    4170  2.0392949E+03  1.3314540E+00  9.8997198E-01  3.4148198E-01 -1.4206542E-01 -1.4163877E-01 -4.2665036E-04  7.1583538E-03  2.0210350E-03  5.1373188E-03
    4171  2.0393043E+03  1.3314702E+00  9.8999575E-01  3.4147442E-01 -1.4493789E-01 -1.4408194E-01 -8.5594473E-04  7.1648107E-03  2.0200360E-03  5.1447747E-03
    4172  2.0393137E+03  1.3314818E+00  9.9001434E-01  3.4146748E-01 -1.4783993E-01 -1.4655140E-01 -1.2885334E-03  7.1697533E-03  2.0179762E-03  5.1517771E-03
    4173  2.0393232E+03  1.3315115E+00  9.9005025E-01  3.4146124E-01 -1.5068201E-01 -1.4896436E-01 -1.7176461E-03  7.1745676E-03  2.0162913E-03  5.1582762E-03
    4174  2.0393326E+03  1.3315300E+00  9.9007698E-01  3.4145302E-01 -1.5354606E-01 -1.5139841E-01 -2.1476529E-03  7.1789519E-03  2.0145731E-03  5.1643788E-03
    4175  2.0393420E+03  1.3315594E+00  9.9011185E-01  3.4144755E-01 -1.5636764E-01 -1.5379056E-01 -2.5770758E-03  7.1823858E-03  2.0123470E-03  5.1700388E-03
    4176  2.0393514E+03  1.3315929E+00  9.9015111E-01  3.4144180E-01 -1.5919071E-01 -1.5618281E-01 -3.0079055E-03  7.1858884E-03  2.0106637E-03  5.1752247E-03
    4177  2.0393609E+03  1.3316292E+00  9.9019347E-01  3.4143571E-01 -1.6200399E-01 -1.5856706E-01 -3.4369282E-03  7.1906453E-03  2.0107079E-03  5.1799375E-03
    4178  2.0393703E+03  1.3316635E+00  9.9023326E-01  3.4143024E-01 -1.6478199E-01 -1.6091626E-01 -3.8657223E-03  7.1899064E-03  2.0056743E-03  5.1842321E-03
    4179  2.0393797E+03  1.3317081E+00  9.9028250E-01  3.4142565E-01 -1.6755536E-01 -1.6326031E-01 -4.2950563E-03  7.1944464E-03  2.0064022E-03  5.1880441E-03
    4180  2.0393891E+03  1.3317554E+00  9.9033469E-01  3.4142074E-01 -1.7030533E-01 -1.6558237E-01 -4.7229582E-03  7.1948307E-03  2.0034368E-03  5.1913939E-03
    4181  2.0393985E+03  1.3318018E+00  9.9038537E-01  3.4141645E-01 -1.7305911E-01 -1.6790812E-01 -5.1509861E-03  7.1953649E-03  2.0010667E-03  5.1942982E-03
    4182  2.0394080E+03  1.3318538E+00  9.9044083E-01  3.4141295E-01 -1.7578686E-01 -1.7020776E-01 -5.5791051E-03  7.1961704E-03  1.9994254E-03  5.1967450E-03
    4183  2.0394174E+03  1.3319146E+00  9.9050495E-01  3.4140963E-01 -1.7846417E-01 -1.7245869E-01 -6.0054884E-03  7.1961066E-03  1.9974018E-03  5.1987048E-03
    4184  2.0394268E+03  1.3319688E+00  9.9056180E-01  3.4140701E-01 -1.8118425E-01 -1.7475065E-01 -6.4336025E-03  7.1959385E-03  1.9957153E-03  5.2002231E-03
    4185  2.0394362E+03  1.3320319E+00  9.9062773E-01  3.4140422E-01 -1.8384232E-01 -1.7698454E-01 -6.8577808E-03  7.1933943E-03  1.9921084E-03  5.2012859E-03
    4186  2.0394457E+03  1.3321027E+00  9.9070105E-01  3.4140164E-01 -1.8649212E-01 -1.7920901E-01 -7.2831020E-03  7.1931508E-03  1.9912603E-03  5.2018905E-03
    4187  2.0394551E+03  1.3321651E+00  9.9076504E-01  3.4140003E-01 -1.8914478E-01 -1.8143592E-01 -7.7088614E-03  7.1904655E-03  1.9884459E-03  5.2020197E-03
    4188  2.0394645E+03  1.3322439E+00  9.9084550E-01  3.4139837E-01 -1.9174196E-01 -1.8361043E-01 -8.1315263E-03  7.1881073E-03  1.9864233E-03  5.2016840E-03
    4189  2.0394739E+03  1.3323128E+00  9.9091581E-01  3.4139702E-01 -1.9436235E-01 -1.8580713E-01 -8.5552254E-03  7.1861435E-03  1.9852449E-03  5.2008986E-03
    4190  2.0394834E+03  1.3324005E+00  9.9100397E-01  3.4139654E-01 -1.9692574E-01 -1.8794843E-01 -8.9773074E-03  7.1828508E-03  1.9831888E-03  5.1996620E-03
    4191  2.0394928E+03  1.3324733E+00  9.9107734E-01  3.4139592E-01 -1.9949525E-01 -1.9009664E-01 -9.3986063E-03  7.1801335E-03  1.9821807E-03  5.1979529E-03
    4192  2.0395022E+03  1.3325657E+00  9.9116983E-01  3.4139591E-01 -2.0203549E-01 -1.9221625E-01 -9.8192460E-03  7.1769538E-03  1.9811440E-03  5.1958097E-03
    4193  2.0395116E+03  1.3326485E+00  9.9125240E-01  3.4139610E-01 -2.0456950E-01 -1.9433034E-01 -1.0239158E-02  7.1695539E-03  1.9763529E-03  5.1932010E-03
    4194  2.0395210E+03  1.3327460E+00  9.9134913E-01  3.4139689E-01 -2.0705260E-01 -1.9639584E-01 -1.0656755E-02  7.1657674E-03  1.9756446E-03  5.1901229E-03
    4195  2.0395305E+03  1.3328348E+00  9.9143651E-01  3.4139833E-01 -2.0955530E-01 -1.9848022E-01 -1.1075080E-02  7.1591140E-03  1.9725333E-03  5.1865807E-03
    4196  2.0395399E+03  1.3329355E+00  9.9153581E-01  3.4139966E-01 -2.1200585E-01 -2.0051430E-01 -1.1491552E-02  7.1536774E-03  1.9710818E-03  5.1825956E-03
    4197  2.0395493E+03  1.3330354E+00  9.9163375E-01  3.4140167E-01 -2.1446013E-01 -2.0255277E-01 -1.1907358E-02  7.1473526E-03  1.9692310E-03  5.1781216E-03
    4198  2.0395587E+03  1.3331398E+00  9.9173623E-01  3.4140358E-01 -2.1685458E-01 -2.0453409E-01 -1.2320492E-02  7.1392867E-03  1.9660801E-03  5.1732066E-03
    4199  2.0395682E+03  1.3332469E+00  9.9184056E-01  3.4140630E-01 -2.1928646E-01 -2.0655096E-01 -1.2735499E-02  7.1327209E-03  1.9648885E-03  5.1678325E-03
    4200  2.0395776E+03  1.3333535E+00  9.9194505E-01  3.4140848E-01 -2.2164260E-01 -2.0849566E-01 -1.3146940E-02  7.1247062E-03  1.9627245E-03  5.1619817E-03
    4201  2.0395870E+03  1.3334661E+00  9.9205362E-01  3.4141246E-01 -2.2401924E-01 -2.1046165E-01 -1.3557583E-02  7.1155845E-03  1.9599109E-03  5.1556736E-03
    4202  2.0395964E+03  1.3335767E+00  9.9216129E-01  3.4141542E-01 -2.2635085E-01 -2.1238360E-01 -1.3967247E-02  7.1062631E-03  1.9573333E-03  5.1489298E-03
    4203  2.0396059E+03  1.3337065E+00  9.9228669E-01  3.4141984E-01 -2.2863856E-01 -2.1426342E-01 -1.4375145E-02  7.0976574E-03  1.9559612E-03  5.1416962E-03
    4204  2.0396153E+03  1.3338119E+00  9.9238751E-01  3.4142436E-01 -2.3096684E-01 -2.1618502E-01 -1.4781824E-02  7.0885919E-03  1.9545613E-03  5.1340306E-03
    4205  2.0396247E+03  1.3339487E+00  9.9251883E-01  3.4142983E-01 -2.3320626E-01 -2.1802075E-01 -1.5185511E-02  7.0773733E-03  1.9514481E-03  5.1259251E-03
    4206  2.0396341E+03  1.3340598E+00  9.9262557E-01  3.4143418E-01 -2.3548021E-01 -2.1988930E-01 -1.5590909E-02  7.0669292E-03  1.9495804E-03  5.1173488E-03
    4207  2.0396435E+03  1.3342051E+00  9.9276521E-01  3.4143985E-01 -2.3766748E-01 -2.2167487E-01 -1.5992614E-02  7.0560388E-03  1.9477323E-03  5.1083065E-03
    4208  2.0396530E+03  1.3343140E+00  9.9286872E-01  3.4144527E-01 -2.3990928E-01 -2.2351447E-01 -1.6394810E-02  7.0438873E-03  1.9450625E-03  5.0988247E-03
    4209  2.0396624E+03  1.3344648E+00  9.9301255E-01  3.4145220E-01 -2.4205751E-01 -2.2526506E-01 -1.6792447E-02  7.0332569E-03  1.9443769E-03  5.0888800E-03
    4210  2.0396718E+03  1.3345876E+00  9.9312876E-01  3.4145882E-01 -2.4423121E-01 -2.2704062E-01 -1.7190596E-02  7.0198997E-03  1.9413974E-03  5.0785024E-03
    4211  2.0396812E+03  1.3347418E+00  9.9327702E-01  3.4146477E-01 -2.4632462E-01 -2.2873814E-01 -1.7586480E-02  7.0069790E-03  1.9393174E-03  5.0676616E-03
    4212  2.0396907E+03  1.3348563E+00  9.9338390E-01  3.4147239E-01 -2.4848052E-01 -2.3049935E-01 -1.7981169E-02  6.9926763E-03  1.9363013E-03  5.0563750E-03
    4213  2.0397001E+03  1.3350206E+00  9.9353957E-01  3.4148106E-01 -2.5053887E-01 -2.3216721E-01 -1.8371659E-02  6.9788501E-03  1.9342155E-03  5.0446346E-03
    4214  2.0397095E+03  1.3351550E+00  9.9366687E-01  3.4148815E-01 -2.5257419E-01 -2.3381071E-01 -1.8763484E-02  6.9639985E-03  1.9315387E-03  5.0324598E-03
    4215  2.0397189E+03  1.3353085E+00  9.9381212E-01  3.4149636E-01 -2.5463450E-01 -2.3548111E-01 -1.9153399E-02  6.9490034E-03  1.9292164E-03  5.0197869E-03
    4216  2.0397284E+03  1.3354415E+00  9.9393656E-01  3.4150494E-01 -2.5664508E-01 -2.3710607E-01 -1.9539017E-02  6.9340684E-03  1.9273643E-03  5.0067042E-03
    4217  2.0397378E+03  1.3356101E+00  9.9409587E-01  3.4151421E-01 -2.5860451E-01 -2.3868059E-01 -1.9923920E-02  6.9177365E-03  1.9245451E-03  4.9931915E-03
    4218  2.0397472E+03  1.3357480E+00  9.9422465E-01  3.4152332E-01 -2.6057025E-01 -2.4026217E-01 -2.0308086E-02  6.9031525E-03  1.9239503E-03  4.9792022E-03
    4219  2.0397566E+03  1.3359145E+00  9.9438111E-01  3.4153335E-01 -2.6251771E-01 -2.4182890E-01 -2.0688803E-02  6.8857047E-03  1.9209110E-03  4.9647937E-03
    4220  2.0397661E+03  1.3360601E+00  9.9451713E-01  3.4154293E-01 -2.6440085E-01 -2.4333397E-01 -2.1066880E-02  6.8683689E-03  1.9184088E-03  4.9499601E-03
    4221  2.0397755E+03  1.3362199E+00  9.9466646E-01  3.4155345E-01 -2.6631830E-01 -2.4487251E-01 -2.1445793E-02  6.8512290E-03  1.9165628E-03  4.9346662E-03
    4222  2.0397849E+03  1.3363868E+00  9.9482313E-01  3.4156365E-01 -2.6810146E-01 -2.4628237E-01 -2.1819087E-02  6.8332765E-03  1.9143468E-03  4.9189298E-03
    4223  2.0397943E+03  1.3365416E+00  9.9496697E-01  3.4157465E-01 -2.7001100E-01 -2.4781662E-01 -2.2194377E-02  6.8144870E-03  1.9117369E-03  4.9027501E-03
    4224  2.0398037E+03  1.3367053E+00  9.9511912E-01  3.4158619E-01 -2.7175435E-01 -2.4919191E-01 -2.2562438E-02  6.7951081E-03  1.9089435E-03  4.8861646E-03
    4225  2.0398132E+03  1.3368686E+00  9.9527173E-01  3.4159684E-01 -2.7356333E-01 -2.5062969E-01 -2.2933647E-02  6.7765874E-03  1.9074685E-03  4.8691189E-03
    4226  2.0398226E+03  1.3370363E+00  9.9542706E-01  3.4160922E-01 -2.7529159E-01 -2.5199258E-01 -2.3299008E-02  6.7569166E-03  1.9052753E-03  4.8516414E-03
    4227  2.0398320E+03  1.3372026E+00  9.9558129E-01  3.4162133E-01 -2.7703738E-01 -2.5337341E-01 -2.3663966E-02  6.7357038E-03  1.9019530E-03  4.8337508E-03
    4228  2.0398414E+03  1.3373703E+00  9.9573674E-01  3.4163355E-01 -2.7869482E-01 -2.5466991E-01 -2.4024914E-02  6.7166475E-03  1.9012235E-03  4.8154240E-03
    4229  2.0398509E+03  1.3375379E+00  9.9589222E-01  3.4164568E-01 -2.8041365E-01 -2.5602713E-01 -2.4386518E-02  6.6950507E-03  1.8983767E-03  4.7966740E-03
    4230  2.0398603E+03  1.3377151E+00  9.9605601E-01  3.4165905E-01 -2.8197932E-01 -2.5723721E-01 -2.4742108E-02  6.6736439E-03  1.8961440E-03  4.7774999E-03
    4231  2.0398697E+03  1.3378799E+00  9.9620804E-01  3.4167187E-01 -2.8368122E-01 -2.5858226E-01 -2.5098954E-02  6.6517105E-03  1.8938293E-03  4.7578812E-03
    4232  2.0398791E+03  1.3380549E+00  9.9636893E-01  3.4168595E-01 -2.8519947E-01 -2.5975163E-01 -2.5447843E-02  6.6296171E-03  1.8917373E-03  4.7378798E-03
    4233  2.0398886E+03  1.3382307E+00  9.9653151E-01  3.4169923E-01 -2.8679049E-01 -2.6099152E-01 -2.5798975E-02  6.6062260E-03  1.8887694E-03  4.7174566E-03
    4234  2.0398980E+03  1.3384050E+00  9.9669191E-01  3.4171312E-01 -2.8832531E-01 -2.6217889E-01 -2.6146427E-02  6.5829820E-03  1.8863775E-03  4.6966046E-03
    4235  2.0399074E+03  1.3385806E+00  9.9685333E-01  3.4172727E-01 -2.8975569E-01 -2.6326498E-01 -2.6490708E-02  6.5599990E-03  1.8846918E-03  4.6753072E-03
    4236  2.0399168E+03  1.3387582E+00  9.9701572E-01  3.4174252E-01 -2.9132103E-01 -2.6448541E-01 -2.6835617E-02  6.5353009E-03  1.8816979E-03  4.6536030E-03
    4237  2.0399262E+03  1.3389289E+00  9.9717297E-01  3.4175597E-01 -2.9271529E-01 -2.6554278E-01 -2.7172510E-02  6.5107381E-03  1.8792051E-03  4.6315331E-03
    4238  2.0399357E+03  1.3391195E+00  9.9734771E-01  3.4177178E-01 -2.9413884E-01 -2.6662628E-01 -2.7512564E-02  6.4872066E-03  1.8781986E-03  4.6090080E-03
    4239  2.0399451E+03  1.3392847E+00  9.9749862E-01  3.4178606E-01 -2.9553642E-01 -2.6769129E-01 -2.7845131E-02  6.4612664E-03  1.8751737E-03  4.5860927E-03
    4240  2.0399545E+03  1.3394727E+00  9.9766969E-01  3.4180297E-01 -2.9689306E-01 -2.6871521E-01 -2.8177846E-02  6.4343018E-03  1.8715205E-03  4.5627813E-03
    4241  2.0399639E+03  1.3396468E+00  9.9782881E-01  3.4181800E-01 -2.9820306E-01 -2.6970067E-01 -2.8502383E-02  6.4108302E-03  1.8717897E-03  4.5390405E-03
    4242  2.0399734E+03  1.3398340E+00  9.9800132E-01  3.4183270E-01 -2.9950918E-01 -2.7067358E-01 -2.8835597E-02  6.3837809E-03  1.8688100E-03  4.5149708E-03
    4243  2.0399828E+03  1.3400047E+00  9.9815423E-01  3.4185050E-01 -3.0080303E-01 -2.7165028E-01 -2.9152745E-02  6.3561173E-03  1.8657408E-03  4.4903765E-03
    4244  2.0399922E+03  1.3401875E+00  9.9832185E-01  3.4186563E-01 -3.0202459E-01 -2.7254938E-01 -2.9475205E-02  6.3284535E-03  1.8629010E-03  4.4655525E-03
    4245  2.0400016E+03  1.3403775E+00  9.9849547E-01  3.4188203E-01 -3.0321797E-01 -2.7342379E-01 -2.9794174E-02  6.3024295E-03  1.8622226E-03  4.4402070E-03
    4246  2.0400111E+03  1.3405447E+00  9.9864608E-01  3.4189864E-01 -3.0443413E-01 -2.7432713E-01 -3.0106998E-02  6.2739877E-03  1.8594799E-03  4.4145078E-03
    4247  2.0400205E+03  1.3407359E+00  9.9881931E-01  3.4191660E-01 -3.0556075E-01 -2.7514630E-01 -3.0414451E-02  6.2450473E-03  1.8565776E-03  4.3884697E-03
    4248  2.0400299E+03  1.3409057E+00  9.9897433E-01  3.4193141E-01 -3.0670889E-01 -2.7597518E-01 -3.0733713E-02  6.2171818E-03  1.8551216E-03  4.3620602E-03
    4249  2.0400393E+03  1.3410986E+00  9.9914806E-01  3.4195055E-01 -3.0779574E-01 -2.7676520E-01 -3.1030542E-02  6.1885694E-03  1.8534618E-03  4.3351076E-03
    4250  2.0400487E+03  1.3412700E+00  9.9930340E-01  3.4196655E-01 -3.0882327E-01 -2.7748796E-01 -3.1335303E-02  6.1576054E-03  1.8496301E-03  4.3079753E-03
    4251  2.0400582E+03  1.3414552E+00  9.9947089E-01  3.4198435E-01 -3.0991858E-01 -2.7827605E-01 -3.1642527E-02  6.1277928E-03  1.8474437E-03  4.2803491E-03
    4252  2.0400676E+03  1.3416313E+00  9.9962947E-01  3.4200183E-01 -3.1084876E-01 -2.7891806E-01 -3.1930695E-02  6.0982557E-03  1.8459464E-03  4.2523094E-03
    4253  2.0400770E+03  1.3418142E+00  9.9979375E-01  3.4202049E-01 -3.1188324E-01 -2.7965892E-01 -3.2224311E-02  6.0663372E-03  1.8423125E-03  4.2240247E-03
    4254  2.0400864E+03  1.3419908E+00  9.9995331E-01  3.4203749E-01 -3.1279947E-01 -2.8028391E-01 -3.2515565E-02  6.0355152E-03  1.8401729E-03  4.1953423E-03
    4255  2.0400959E+03  1.3421711E+00  1.0001154E+00  3.4205572E-01 -3.1367718E-01 -2.8087244E-01 -3.2804742E-02  6.0055859E-03  1.8393889E-03  4.1661969E-03
    4256  2.0401053E+03  1.3423499E+00  1.0002760E+00  3.4207388E-01 -3.1463098E-01 -2.8154146E-01 -3.3089528E-02  5.9733288E-03  1.8366077E-03  4.1367211E-03
    4257  2.0401147E+03  1.3425231E+00  1.0004314E+00  3.4209174E-01 -3.1541485E-01 -2.8204720E-01 -3.3367646E-02  5.9397826E-03  1.8328321E-03  4.1069505E-03
    4258  2.0401241E+03  1.3427034E+00  1.0005928E+00  3.4211055E-01 -3.1626906E-01 -2.8261938E-01 -3.3649680E-02  5.9104306E-03  1.8336552E-03  4.0767754E-03
    4259  2.0401336E+03  1.3428774E+00  1.0007484E+00  3.4212905E-01 -3.1705260E-01 -2.8313438E-01 -3.3918223E-02  5.8757073E-03  1.8294502E-03  4.0462571E-03
    4260  2.0401430E+03  1.3430550E+00  1.0009077E+00  3.4214735E-01 -3.1781667E-01 -2.8362344E-01 -3.4193230E-02  5.8425597E-03  1.8270886E-03  4.0154711E-03
    4261  2.0401524E+03  1.3432224E+00  1.0010568E+00  3.4216557E-01 -3.1850758E-01 -2.8404616E-01 -3.4461421E-02  5.8114162E-03  1.8272131E-03  3.9842030E-03
    4262  2.0401618E+03  1.3434042E+00  1.0012193E+00  3.4218498E-01 -3.1924754E-01 -2.8452636E-01 -3.4721182E-02  5.7746492E-03  1.8220219E-03  3.9526273E-03
    4263  2.0401712E+03  1.3435681E+00  1.0013650E+00  3.4220309E-01 -3.1988618E-01 -2.8490216E-01 -3.4984019E-02  5.7418974E-03  1.8210619E-03  3.9208355E-03
    4264  2.0401807E+03  1.3437453E+00  1.0015229E+00  3.4222240E-01 -3.2053081E-01 -2.8528904E-01 -3.5241776E-02  5.7080385E-03  1.8194641E-03  3.8885744E-03
    4265  2.0401901E+03  1.3439116E+00  1.0016710E+00  3.4224060E-01 -3.2113363E-01 -2.8563450E-01 -3.5499126E-02  5.6730815E-03  1.8170695E-03  3.8560120E-03
    4266  2.0401995E+03  1.3440800E+00  1.0018199E+00  3.4226010E-01 -3.2169745E-01 -2.8595163E-01 -3.5745823E-02  5.6378783E-03  1.8148051E-03  3.8230732E-03
    4267  2.0402089E+03  1.3442476E+00  1.0019686E+00  3.4227902E-01 -3.2223462E-01 -2.8624190E-01 -3.5992725E-02  5.6023920E-03  1.8124952E-03  3.7898968E-03
    4268  2.0402184E+03  1.3444106E+00  1.0021129E+00  3.4229773E-01 -3.2275484E-01 -2.8651480E-01 -3.6240042E-02  5.5660231E-03  1.8096531E-03  3.7563700E-03
    4269  2.0402278E+03  1.3445815E+00  1.0022643E+00  3.4231721E-01 -3.2322540E-01 -2.8674678E-01 -3.6478620E-02  5.5301600E-03  1.8077093E-03  3.7224507E-03
    4270  2.0402372E+03  1.3447366E+00  1.0024010E+00  3.4233561E-01 -3.2366768E-01 -2.8695584E-01 -3.6711842E-02  5.4929395E-03  1.8046676E-03  3.6882719E-03
    4271  2.0402466E+03  1.3449031E+00  1.0025479E+00  3.4235518E-01 -3.2408859E-01 -2.8714018E-01 -3.6948409E-02  5.4553958E-03  1.8016054E-03  3.6537904E-03
    4272  2.0402561E+03  1.3450587E+00  1.0026846E+00  3.4237406E-01 -3.2447039E-01 -2.8729410E-01 -3.7176287E-02  5.4191729E-03  1.8002476E-03  3.6189253E-03
    4273  2.0402655E+03  1.3452207E+00  1.0028278E+00  3.4239296E-01 -3.2481480E-01 -2.8741337E-01 -3.7401438E-02  5.3821404E-03  1.7983263E-03  3.5838142E-03
    4274  2.0402749E+03  1.3453720E+00  1.0029596E+00  3.4241240E-01 -3.2514593E-01 -2.8752068E-01 -3.7625250E-02  5.3457463E-03  1.7973417E-03  3.5484045E-03
    4275  2.0402843E+03  1.3455328E+00  1.0031013E+00  3.4243144E-01 -3.2542099E-01 -2.8757693E-01 -3.7844057E-02  5.3089534E-03  1.7963051E-03  3.5126484E-03
    4276  2.0402938E+03  1.3456784E+00  1.0032283E+00  3.4245010E-01 -3.2570624E-01 -2.8764814E-01 -3.8058104E-02  5.2690519E-03  1.7924217E-03  3.4766302E-03
    4277  2.0403032E+03  1.3458329E+00  1.0033636E+00  3.4246924E-01 -3.2589630E-01 -2.8762739E-01 -3.8268904E-02  5.2313311E-03  1.7909609E-03  3.4403702E-03
    4278  2.0403126E+03  1.3459807E+00  1.0034928E+00  3.4248799E-01 -3.2611444E-01 -2.8763601E-01 -3.8478429E-02  5.1923615E-03  1.7886091E-03  3.4037524E-03
    4279  2.0403220E+03  1.3461245E+00  1.0036175E+00  3.4250703E-01 -3.2626628E-01 -2.8758611E-01 -3.8680167E-02  5.1532462E-03  1.7864048E-03  3.3668414E-03
    4280  2.0403314E+03  1.3462702E+00  1.0037443E+00  3.4252588E-01 -3.2639873E-01 -2.8751605E-01 -3.8882677E-02  5.1147126E-03  1.7850234E-03  3.3296892E-03
    4281  2.0403409E+03  1.3464147E+00  1.0038699E+00  3.4254479E-01 -3.2649878E-01 -2.8742180E-01 -3.9076978E-02  5.0743053E-03  1.7821085E-03  3.2921968E-03
    4282  2.0403503E+03  1.3465523E+00  1.0039891E+00  3.4256317E-01 -3.2656952E-01 -2.8729966E-01 -3.9269860E-02  5.0336203E-03  1.7791059E-03  3.2545144E-03
    4283  2.0403597E+03  1.3466904E+00  1.0041083E+00  3.4258209E-01 -3.2659557E-01 -2.8713455E-01 -3.9461023E-02  4.9959959E-03  1.7795008E-03  3.2164950E-03
    4284  2.0403691E+03  1.3468257E+00  1.0042250E+00  3.4260067E-01 -3.2660387E-01 -2.8695941E-01 -3.9644460E-02  4.9533818E-03  1.7752010E-03  3.1781808E-03
    4285  2.0403786E+03  1.3469597E+00  1.0043408E+00  3.4261892E-01 -3.2658907E-01 -2.8676406E-01 -3.9825004E-02  4.9125289E-03  1.7728569E-03  3.1396719E-03
    4286  2.0403880E+03  1.3470865E+00  1.0044491E+00  3.4263738E-01 -3.2650278E-01 -2.8650048E-01 -4.0002300E-02  4.8731331E-03  1.7722763E-03  3.1008568E-03
    4287  2.0403974E+03  1.3472207E+00  1.0045649E+00  3.4265581E-01 -3.2644801E-01 -2.8627448E-01 -4.0173529E-02  4.8311365E-03  1.7693346E-03  3.0618019E-03
    4288  2.0404068E+03  1.3473403E+00  1.0046673E+00  3.4267307E-01 -3.2629813E-01 -2.8595622E-01 -4.0341907E-02  4.7895556E-03  1.7669684E-03  3.0225872E-03
    4289  2.0404163E+03  1.3474684E+00  1.0047758E+00  3.4269259E-01 -3.2615624E-01 -2.8564504E-01 -4.0511200E-02  4.7490736E-03  1.7660187E-03  2.9830548E-03
    4290  2.0404257E+03  1.3475834E+00  1.0048740E+00  3.4270934E-01 -3.2597207E-01 -2.8530230E-01 -4.0669765E-02  4.7057038E-03  1.7624969E-03  2.9432069E-03
    4291  2.0404351E+03  1.3477076E+00  1.0049801E+00  3.4272749E-01 -3.2575876E-01 -2.8493143E-01 -4.0827322E-02  4.6659253E-03  1.7627007E-03  2.9032245E-03
    4292  2.0404445E+03  1.3478152E+00  1.0050702E+00  3.4274504E-01 -3.2549195E-01 -2.8451055E-01 -4.0981399E-02  4.6231660E-03  1.7601741E-03  2.8629919E-03
    4293  2.0404539E+03  1.3479353E+00  1.0051727E+00  3.4276261E-01 -3.2524698E-01 -2.8411483E-01 -4.1132155E-02  4.5804143E-03  1.7579358E-03  2.8224785E-03
    4294  2.0404634E+03  1.3480375E+00  1.0052576E+00  3.4277983E-01 -3.2491340E-01 -2.8363892E-01 -4.1274481E-02  4.5380745E-03  1.7563054E-03  2.7817691E-03
    4295  2.0404728E+03  1.3481502E+00  1.0053532E+00  3.4279707E-01 -3.2457672E-01 -2.8316006E-01 -4.1416665E-02  4.4947327E-03  1.7538328E-03  2.7408998E-03
    4296  2.0404822E+03  1.3482487E+00  1.0054346E+00  3.4281411E-01 -3.2419675E-01 -2.8264117E-01 -4.1555585E-02  4.4531191E-03  1.7533772E-03  2.6997419E-03
    4297  2.0404916E+03  1.3483555E+00  1.0055243E+00  3.4283121E-01 -3.2382665E-01 -2.8213712E-01 -4.1689529E-02  4.4080475E-03  1.7497125E-03  2.6583350E-03
    4298  2.0405011E+03  1.3484461E+00  1.0055986E+00  3.4284745E-01 -3.2332006E-01 -2.8150307E-01 -4.1816990E-02  4.3657512E-03  1.7489773E-03  2.6167739E-03
    4299  2.0405105E+03  1.3485476E+00  1.0056831E+00  3.4286445E-01 -3.2293200E-01 -2.8098629E-01 -4.1945707E-02  4.3220050E-03  1.7470106E-03  2.5749944E-03
    4300  2.0405199E+03  1.3486354E+00  1.0057555E+00  3.4287990E-01 -3.2237988E-01 -2.8031742E-01 -4.2062459E-02  4.2756293E-03  1.7426199E-03  2.5330094E-03
    4301  2.0405293E+03  1.3487270E+00  1.0058302E+00  3.4289682E-01 -3.2189658E-01 -2.7971224E-01 -4.2184332E-02  4.2330624E-03  1.7422402E-03  2.4908222E-03
    4302  2.0405388E+03  1.3488106E+00  1.0058983E+00  3.4291229E-01 -3.2131329E-01 -2.7901827E-01 -4.2295018E-02  4.1876297E-03  1.7392273E-03  2.4484024E-03
    4303  2.0405482E+03  1.3488924E+00  1.0059643E+00  3.4292812E-01 -3.2069932E-01 -2.7829449E-01 -4.2404833E-02  4.1452803E-03  1.7394502E-03  2.4058300E-03
    4304  2.0405576E+03  1.3489758E+00  1.0060321E+00  3.4294365E-01 -3.2012817E-01 -2.7761547E-01 -4.2512703E-02  4.0977068E-03  1.7346484E-03  2.3630583E-03
    4305  2.0405670E+03  1.3490496E+00  1.0060907E+00  3.4295894E-01 -3.1945016E-01 -2.7683876E-01 -4.2611403E-02  4.0564681E-03  1.7363652E-03  2.3201029E-03
    4306  2.0405764E+03  1.3491198E+00  1.0061461E+00  3.4297371E-01 -3.1876824E-01 -2.7606028E-01 -4.2707962E-02  4.0099176E-03  1.7329343E-03  2.2769833E-03
    4307  2.0405859E+03  1.3491942E+00  1.0062056E+00  3.4298855E-01 -3.1806357E-01 -2.7526318E-01 -4.2800391E-02  3.9654367E-03  1.7317118E-03  2.2337249E-03
    4308  2.0405953E+03  1.3492547E+00  1.0062515E+00  3.4300315E-01 -3.1729571E-01 -2.7440535E-01 -4.2890360E-02  3.9217692E-03  1.7314906E-03  2.1902786E-03
    4309  2.0406047E+03  1.3493274E+00  1.0063097E+00  3.4301774E-01 -3.1657124E-01 -2.7359618E-01 -4.2975064E-02  3.8754130E-03  1.7287840E-03  2.1466289E-03
    4310  2.0406141E+03  1.3493759E+00  1.0063448E+00  3.4303104E-01 -3.1571171E-01 -2.7265907E-01 -4.3052638E-02  3.8293881E-03  1.7265027E-03  2.1028854E-03
    4311  2.0406236E+03  1.3494438E+00  1.0063986E+00  3.4304514E-01 -3.1493446E-01 -2.7180317E-01 -4.3131296E-02  3.7830100E-03  1.7240695E-03  2.0589405E-03
    4312  2.0406330E+03  1.3494868E+00  1.0064279E+00  3.4305890E-01 -3.1400386E-01 -2.7080212E-01 -4.3201741E-02  3.7363693E-03  1.7215280E-03  2.0148414E-03
    4313  2.0406424E+03  1.3495466E+00  1.0064744E+00  3.4307226E-01 -3.1318848E-01 -2.6991742E-01 -4.3271054E-02  3.6941169E-03  1.7235058E-03  1.9706111E-03
    4314  2.0406518E+03  1.3495827E+00  1.0064974E+00  3.4308532E-01 -3.1220578E-01 -2.6887234E-01 -4.3333442E-02  3.6447369E-03  1.7184834E-03  1.9262534E-03
    4315  2.0406613E+03  1.3496309E+00  1.0065337E+00  3.4309728E-01 -3.1126453E-01 -2.6787137E-01 -4.3393159E-02  3.6013933E-03  1.7196785E-03  1.8817148E-03
    4316  2.0406707E+03  1.3496695E+00  1.0065594E+00  3.4311012E-01 -3.1029349E-01 -2.6684694E-01 -4.3446549E-02  3.5529212E-03  1.7158286E-03  1.8370926E-03
    4317  2.0406801E+03  1.3497067E+00  1.0065839E+00  3.4312279E-01 -3.0926685E-01 -2.6576658E-01 -4.3500267E-02  3.5062865E-03  1.7139165E-03  1.7923700E-03
    4318  2.0406895E+03  1.3497367E+00  1.0066029E+00  3.4313387E-01 -3.0822889E-01 -2.6468129E-01 -4.3547596E-02  3.4610895E-03  1.7137132E-03  1.7473763E-03
    4319  2.0406990E+03  1.3497693E+00  1.0066232E+00  3.4314603E-01 -3.0716553E-01 -2.6357573E-01 -4.3589805E-02  3.4144388E-03  1.7121016E-03  1.7023372E-03
    4320  2.0407084E+03  1.3497913E+00  1.0066340E+00  3.4315730E-01 -3.0604482E-01 -2.6241453E-01 -4.3630291E-02  3.3624735E-03  1.7052582E-03  1.6572154E-03
    4321  2.0407178E+03  1.3498161E+00  1.0066479E+00  3.4316828E-01 -3.0494363E-01 -2.6128024E-01 -4.3663383E-02  3.3201004E-03  1.7081850E-03  1.6119154E-03
    4322  2.0407272E+03  1.3498345E+00  1.0066555E+00  3.4317898E-01 -3.0377405E-01 -2.6008027E-01 -4.3693781E-02  3.2741776E-03  1.7075663E-03  1.5666113E-03
    4323  2.0407366E+03  1.3498422E+00  1.0066531E+00  3.4318903E-01 -3.0254371E-01 -2.5882191E-01 -4.3721804E-02  3.2240480E-03  1.7029549E-03  1.5210931E-03
    4324  2.0407461E+03  1.3498648E+00  1.0066650E+00  3.4319980E-01 -3.0138746E-01 -2.5764451E-01 -4.3742953E-02  3.1796626E-03  1.7041814E-03  1.4754812E-03
    4325  2.0407555E+03  1.3498635E+00  1.0066555E+00  3.4320803E-01 -3.0009784E-01 -2.5634695E-01 -4.3750895E-02  3.1345959E-03  1.7046647E-03  1.4299313E-03
    4326  2.0407649E+03  1.3498749E+00  1.0066564E+00  3.4321849E-01 -2.9883820E-01 -2.5506855E-01 -4.3769650E-02  3.0851671E-03  1.7008707E-03  1.3842964E-03
    4327  2.0407743E+03  1.3498661E+00  1.0066388E+00  3.4322731E-01 -2.9751962E-01 -2.5374236E-01 -4.3777260E-02  3.0400317E-03  1.7016341E-03  1.3383976E-03
    4328  2.0407838E+03  1.3498758E+00  1.0066398E+00  3.4323596E-01 -2.9622512E-01 -2.5243869E-01 -4.3786427E-02  2.9896733E-03  1.6971181E-03  1.2925552E-03
    4329  2.0407932E+03  1.3498604E+00  1.0066161E+00  3.4324426E-01 -2.9483112E-01 -2.5104729E-01 -4.3783830E-02  2.9448682E-03  1.6983744E-03  1.2464938E-03
    4330  2.0408026E+03  1.3498545E+00  1.0066021E+00  3.4325240E-01 -2.9345815E-01 -2.4967814E-01 -4.3780011E-02  2.8891628E-03  1.6887116E-03  1.2004511E-03
    4331  2.0408120E+03  1.3498377E+00  1.0065773E+00  3.4326037E-01 -2.9201752E-01 -2.4824285E-01 -4.3774671E-02  2.8502578E-03  1.6959416E-03  1.1543162E-03
    4332  2.0408215E+03  1.3498280E+00  1.0065600E+00  3.4326795E-01 -2.9062906E-01 -2.4686531E-01 -4.3763751E-02  2.8002473E-03  1.6921395E-03  1.1081078E-03
    4333  2.0408309E+03  1.3498010E+00  1.0065269E+00  3.4327406E-01 -2.8911273E-01 -2.4536966E-01 -4.3743065E-02  2.7512452E-03  1.6893492E-03  1.0618960E-03
    4334  2.0408403E+03  1.3497777E+00  1.0064962E+00  3.4328147E-01 -2.8761579E-01 -2.4389200E-01 -4.3723785E-02  2.7065636E-03  1.6909189E-03  1.0156447E-03
    4335  2.0408497E+03  1.3497554E+00  1.0064677E+00  3.4328777E-01 -2.8611707E-01 -2.4241726E-01 -4.3699807E-02  2.6583570E-03  1.6890620E-03  9.6929502E-04
    4336  2.0408591E+03  1.3497135E+00  1.0064202E+00  3.4329332E-01 -2.8450478E-01 -2.4083541E-01 -4.3669378E-02  2.6066904E-03  1.6837842E-03  9.2290619E-04
    4337  2.0408686E+03  1.3496930E+00  1.0063938E+00  3.4329918E-01 -2.8300213E-01 -2.3936416E-01 -4.3637971E-02  2.5640001E-03  1.6875357E-03  8.7646442E-04
    4338  2.0408780E+03  1.3496430E+00  1.0063392E+00  3.4330379E-01 -2.8133226E-01 -2.3773315E-01 -4.3599114E-02  2.5130842E-03  1.6830455E-03  8.3003866E-04
    4339  2.0408874E+03  1.3496087E+00  1.0062996E+00  3.4330906E-01 -2.7974066E-01 -2.3618147E-01 -4.3559187E-02  2.4664651E-03  1.6829652E-03  7.8349990E-04
    4340  2.0408968E+03  1.3495634E+00  1.0062496E+00  3.4331382E-01 -2.7805118E-01 -2.3453861E-01 -4.3512574E-02  2.4194966E-03  1.6825134E-03  7.3698322E-04
    4341  2.0409063E+03  1.3495105E+00  1.0061925E+00  3.4331802E-01 -2.7637099E-01 -2.3290742E-01 -4.3463567E-02  2.3703729E-03  1.6799061E-03  6.9046679E-04
    4342  2.0409157E+03  1.3494663E+00  1.0061441E+00  3.4332219E-01 -2.7467471E-01 -2.3126379E-01 -4.3410925E-02  2.3229205E-03  1.6790237E-03  6.4389680E-04
    4343  2.0409251E+03  1.3494028E+00  1.0060784E+00  3.4332446E-01 -2.7291355E-01 -2.2956250E-01 -4.3351049E-02  2.2778158E-03  1.6804956E-03  5.9732022E-04
    4344  2.0409345E+03  1.3493497E+00  1.0060213E+00  3.4332838E-01 -2.7115766E-01 -2.2786507E-01 -4.3292590E-02  2.2298191E-03  1.6791019E-03  5.5071716E-04
    4345  2.0409440E+03  1.3492876E+00  1.0059565E+00  3.4333116E-01 -2.6936591E-01 -2.2614206E-01 -4.3223855E-02  2.1773358E-03  1.6732505E-03  5.0408535E-04
    4346  2.0409534E+03  1.3492219E+00  1.0058886E+00  3.4333332E-01 -2.6754854E-01 -2.2439569E-01 -4.3152856E-02  2.1338084E-03  1.6762597E-03  4.5754861E-04
    4347  2.0409628E+03  1.3491527E+00  1.0058178E+00  3.4333492E-01 -2.6570960E-01 -2.2262993E-01 -4.3079669E-02  2.0835729E-03  1.6726133E-03  4.1095963E-04
    4348  2.0409722E+03  1.3490836E+00  1.0057464E+00  3.4333726E-01 -2.6383528E-01 -2.2083243E-01 -4.3002854E-02  2.0361642E-03  1.6718324E-03  3.6433179E-04
    4349  2.0409816E+03  1.3490060E+00  1.0056679E+00  3.4333816E-01 -2.6195083E-01 -2.1903370E-01 -4.2917132E-02  1.9891839E-03  1.6714512E-03  3.1773264E-04
    4350  2.0409911E+03  1.3489300E+00  1.0055916E+00  3.4333832E-01 -2.6003595E-01 -2.1720744E-01 -4.2828504E-02  1.9416571E-03  1.6703974E-03  2.7125964E-04
    4351  2.0410005E+03  1.3488448E+00  1.0055053E+00  3.4333945E-01 -2.5808060E-01 -2.1534226E-01 -4.2738335E-02  1.8957664E-03  1.6710099E-03  2.2475650E-04
    4352  2.0410099E+03  1.3487636E+00  1.0054243E+00  3.4333934E-01 -2.5612922E-01 -2.1348534E-01 -4.2643881E-02  1.8467821E-03  1.6685133E-03  1.7826883E-04
    4353  2.0410193E+03  1.3486769E+00  1.0053380E+00  3.4333894E-01 -2.5412801E-01 -2.1158198E-01 -4.2546030E-02  1.7997408E-03  1.6679238E-03  1.3181694E-04
    4354  2.0410288E+03  1.3485857E+00  1.0052468E+00  3.4333892E-01 -2.5212349E-01 -2.0968027E-01 -4.2443216E-02  1.7529858E-03  1.6676471E-03  8.5338622E-05
    4355  2.0410382E+03  1.3484911E+00  1.0051543E+00  3.4333682E-01 -2.5007979E-01 -2.0774677E-01 -4.2333019E-02  1.7036819E-03  1.6647319E-03  3.8950038E-05
    4356  2.0410476E+03  1.3483942E+00  1.0050580E+00  3.4333613E-01 -2.4801245E-01 -2.0578944E-01 -4.2223016E-02  1.6563074E-03  1.6636659E-03 -7.3584870E-06
    4357  2.0410570E+03  1.3482932E+00  1.0049590E+00  3.4333423E-01 -2.4592289E-01 -2.0381260E-01 -4.2110291E-02  1.6096929E-03  1.6633913E-03 -5.3698380E-05
    4358  2.0410665E+03  1.3481966E+00  1.0048643E+00  3.4333226E-01 -2.4384415E-01 -2.0185441E-01 -4.1989742E-02  1.5624292E-03  1.6624394E-03 -1.0001023E-04
    4359  2.0410759E+03  1.3480812E+00  1.0047517E+00  3.4332958E-01 -2.4166361E-01 -1.9979756E-01 -4.1866052E-02  1.5156774E-03  1.6618581E-03 -1.4618067E-04
    4360  2.0410853E+03  1.3479787E+00  1.0046523E+00  3.4332637E-01 -2.3955306E-01 -1.9781338E-01 -4.1739680E-02  1.4699085E-03  1.6622386E-03 -1.9233004E-04
    4361  2.0410947E+03  1.3478691E+00  1.0045455E+00  3.4332359E-01 -2.3735087E-01 -1.9574538E-01 -4.1605498E-02  1.4209786E-03  1.6593431E-03 -2.3836452E-04
    4362  2.0411042E+03  1.3477499E+00  1.0044300E+00  3.4331995E-01 -2.3515143E-01 -1.9367888E-01 -4.1472546E-02  1.3766763E-03  1.6610105E-03 -2.8433426E-04
    4363  2.0411136E+03  1.3476393E+00  1.0043235E+00  3.4331587E-01 -2.3294189E-01 -1.9161080E-01 -4.1331095E-02  1.3307908E-03  1.6610771E-03 -3.3028628E-04
    4364  2.0411230E+03  1.3475127E+00  1.0042017E+00  3.4331102E-01 -2.3067935E-01 -1.8949087E-01 -4.1188477E-02  1.2801129E-03  1.6561908E-03 -3.7607783E-04
    4365  2.0411324E+03  1.3473989E+00  1.0040920E+00  3.4330691E-01 -2.2842850E-01 -1.8738737E-01 -4.1041130E-02  1.2364591E-03  1.6583328E-03 -4.2187369E-04
    4366  2.0411418E+03  1.3472674E+00  1.0039664E+00  3.4330103E-01 -2.2613394E-01 -1.8524339E-01 -4.0890550E-02  1.1884811E-03  1.6559859E-03 -4.6750485E-04
    4367  2.0411513E+03  1.3471442E+00  1.0038478E+00  3.4329641E-01 -2.2380965E-01 -1.8307444E-01 -4.0735210E-02  1.1444315E-03  1.6575465E-03 -5.1311504E-04
    4368  2.0411607E+03  1.3470124E+00  1.0037224E+00  3.4328999E-01 -2.2150705E-01 -1.8093099E-01 -4.0576067E-02  1.0946206E-03  1.6531999E-03 -5.5857931E-04
    4369  2.0411701E+03  1.3468793E+00  1.0035952E+00  3.4328403E-01 -2.1912384E-01 -1.7871183E-01 -4.0412011E-02  1.0515617E-03  1.6555107E-03 -6.0394898E-04
    4370  2.0411795E+03  1.3467478E+00  1.0034699E+00  3.4327787E-01 -2.1678454E-01 -1.7653661E-01 -4.0247930E-02  1.0040228E-03  1.6532553E-03 -6.4923249E-04
    4371  2.0411890E+03  1.3466064E+00  1.0033363E+00  3.4327004E-01 -2.1435882E-01 -1.7428537E-01 -4.0073450E-02  9.5943566E-04  1.6538352E-03 -6.9439953E-04
    4372  2.0411984E+03  1.3464698E+00  1.0032062E+00  3.4326361E-01 -2.1195779E-01 -1.7205677E-01 -3.9901020E-02  9.1438074E-04  1.6537925E-03 -7.3941172E-04
    4373  2.0412078E+03  1.3463291E+00  1.0030734E+00  3.4325571E-01 -2.0952605E-01 -1.6980185E-01 -3.9724201E-02  8.6768558E-04  1.6520726E-03 -7.8438704E-04
    4374  2.0412172E+03  1.3461853E+00  1.0029374E+00  3.4324792E-01 -2.0707232E-01 -1.6753211E-01 -3.9540205E-02  8.2306682E-04  1.6523104E-03 -8.2924356E-04
    4375  2.0412267E+03  1.3460390E+00  1.0027994E+00  3.4323956E-01 -2.0460464E-01 -1.6525039E-01 -3.9354252E-02  7.7694070E-04  1.6508131E-03 -8.7387242E-04
    4376  2.0412361E+03  1.3458888E+00  1.0026575E+00  3.4323134E-01 -2.0207542E-01 -1.6290823E-01 -3.9167198E-02  7.3125574E-04  1.6497110E-03 -9.1845527E-04
    4377  2.0412455E+03  1.3457411E+00  1.0025194E+00  3.4322170E-01 -1.9961276E-01 -1.6064111E-01 -3.8971649E-02  6.8728499E-04  1.6502563E-03 -9.6297134E-04
    4378  2.0412549E+03  1.3455917E+00  1.0023783E+00  3.4321343E-01 -1.9704761E-01 -1.5827313E-01 -3.8774484E-02  6.4255295E-04  1.6497120E-03 -1.0071590E-03
    4379  2.0412643E+03  1.3454310E+00  1.0022279E+00  3.4320312E-01 -1.9451320E-01 -1.5593608E-01 -3.8577125E-02  5.9848517E-04  1.6498031E-03 -1.0513180E-03
    4380  2.0412738E+03  1.3452828E+00  1.0020893E+00  3.4319348E-01 -1.9193754E-01 -1.5356808E-01 -3.8369464E-02  5.5338043E-04  1.6487483E-03 -1.0953679E-03
    4381  2.0412832E+03  1.3451183E+00  1.0019351E+00  3.4318316E-01 -1.8934566E-01 -1.5118557E-01 -3.8160086E-02  5.0996555E-04  1.6491309E-03 -1.1391653E-03
    4382  2.0412926E+03  1.3449672E+00  1.0017943E+00  3.4317291E-01 -1.8675581E-01 -1.4880569E-01 -3.7950117E-02  4.6574791E-04  1.6485961E-03 -1.1828482E-03
    4383  2.0413020E+03  1.3447975E+00  1.0016361E+00  3.4316136E-01 -1.8410960E-01 -1.4637566E-01 -3.7733937E-02  4.2358695E-04  1.6499766E-03 -1.2263897E-03
    4384  2.0413115E+03  1.3446407E+00  1.0014901E+00  3.4315055E-01 -1.8148955E-01 -1.4397391E-01 -3.7515643E-02  3.7940683E-04  1.6491751E-03 -1.2697683E-03
    4385  2.0413209E+03  1.3444761E+00  1.0013368E+00  3.4313926E-01 -1.7882062E-01 -1.4152572E-01 -3.7294903E-02  3.3145907E-04  1.6444491E-03 -1.3129900E-03
    4386  2.0413303E+03  1.3443089E+00  1.0011815E+00  3.4312742E-01 -1.7614843E-01 -1.3908053E-01 -3.7067905E-02  2.9264047E-04  1.6487288E-03 -1.3560883E-03
    4387  2.0413397E+03  1.3441463E+00  1.0010310E+00  3.4311529E-01 -1.7346767E-01 -1.3663124E-01 -3.6836428E-02  2.4336115E-04  1.6422970E-03 -1.3989358E-03
    4388  2.0413492E+03  1.3439722E+00  1.0008696E+00  3.4310260E-01 -1.7074009E-01 -1.3413744E-01 -3.6602651E-02  2.0507458E-04  1.6466461E-03 -1.4415716E-03
    4389  2.0413586E+03  1.3438077E+00  1.0007173E+00  3.4309044E-01 -1.6802742E-01 -1.3166134E-01 -3.6366079E-02  1.5935692E-04  1.6434586E-03 -1.4841016E-03
    4390  2.0413680E+03  1.3436293E+00  1.0005521E+00  3.4307718E-01 -1.6527064E-01 -1.2914246E-01 -3.6128176E-02  1.2237438E-04  1.6488099E-03 -1.5264355E-03
    4391  2.0413774E+03  1.3434666E+00  1.0004025E+00  3.4306407E-01 -1.6253363E-01 -1.2665193E-01 -3.5881693E-02  7.6869453E-05  1.6455005E-03 -1.5686311E-03
    4392  2.0413868E+03  1.3432882E+00  1.0002369E+00  3.4305131E-01 -1.5974100E-01 -1.2410269E-01 -3.5638306E-02  3.8505894E-05  1.6489800E-03 -1.6104741E-03
    4393  2.0413963E+03  1.3431190E+00  1.0000819E+00  3.4303707E-01 -1.5698203E-01 -1.2159461E-01 -3.5387412E-02 -9.8493428E-06  1.6424306E-03 -1.6522800E-03
    4394  2.0414057E+03  1.3429406E+00  9.9991741E-01  3.4302320E-01 -1.5416135E-01 -1.1903114E-01 -3.5130219E-02 -4.6462664E-05  1.6473377E-03 -1.6938004E-03
    4395  2.0414151E+03  1.3427602E+00  9.9975165E-01  3.4300857E-01 -1.5134238E-01 -1.1646775E-01 -3.4874628E-02 -8.9950201E-05  1.6451003E-03 -1.7350505E-03
    4396  2.0414245E+03  1.3425943E+00  9.9959909E-01  3.4299521E-01 -1.4850761E-01 -1.1389115E-01 -3.4616462E-02 -1.3140581E-04  1.6448263E-03 -1.7762321E-03
    4397  2.0414340E+03  1.3424051E+00  9.9942541E-01  3.4297968E-01 -1.4567186E-01 -1.1132004E-01 -3.4351813E-02 -1.7065348E-04  1.6465148E-03 -1.8171683E-03
    4398  2.0414434E+03  1.3422384E+00  9.9927294E-01  3.4296550E-01 -1.4281015E-01 -1.0872655E-01 -3.4083603E-02 -2.1171621E-04  1.6460895E-03 -1.8578057E-03
    4399  2.0414528E+03  1.3420488E+00  9.9909964E-01  3.4294917E-01 -1.3992089E-01 -1.0610549E-01 -3.3815400E-02 -2.5348627E-04  1.6448164E-03 -1.8983026E-03
    4400  2.0414622E+03  1.3418798E+00  9.9894544E-01  3.4293439E-01 -1.3705246E-01 -1.0351367E-01 -3.3538795E-02 -2.9382071E-04  1.6447825E-03 -1.9386032E-03
    4401  2.0414717E+03  1.3416942E+00  9.9877592E-01  3.4291824E-01 -1.3414293E-01 -1.0088351E-01 -3.3259425E-02 -3.3121760E-04  1.6473069E-03 -1.9785245E-03
    4402  2.0414811E+03  1.3415159E+00  9.9861336E-01  3.4290252E-01 -1.3122285E-01 -9.8241662E-02 -3.2981189E-02 -3.7471707E-04  1.6435529E-03 -2.0182700E-03
    4403  2.0414905E+03  1.3413325E+00  9.9844588E-01  3.4288666E-01 -1.2830433E-01 -9.5604968E-02 -3.2699358E-02 -4.1161280E-04  1.6462606E-03 -2.0578734E-03
    4404  2.0414999E+03  1.3411555E+00  9.9828445E-01  3.4287108E-01 -1.2536490E-01 -9.2950628E-02 -3.2414271E-02 -4.5021764E-04  1.6469940E-03 -2.0972117E-03
    4405  2.0415093E+03  1.3409712E+00  9.9811799E-01  3.4285319E-01 -1.2240996E-01 -9.0288901E-02 -3.2121059E-02 -4.9171114E-04  1.6446299E-03 -2.1363411E-03
    4406  2.0415188E+03  1.3407944E+00  9.9795677E-01  3.4283760E-01 -1.1945051E-01 -8.7622364E-02 -3.1828145E-02 -5.2937285E-04  1.6457157E-03 -2.1750886E-03
    4407  2.0415282E+03  1.3406093E+00  9.9778877E-01  3.4282053E-01 -1.1646870E-01 -8.4934634E-02 -3.1534068E-02 -5.6738548E-04  1.6462487E-03 -2.2136341E-03
    4408  2.0415376E+03  1.3404307E+00  9.9762716E-01  3.4280355E-01 -1.1349204E-01 -8.2255986E-02 -3.1236053E-02 -6.0507596E-04  1.6469121E-03 -2.2519880E-03
    4409  2.0415470E+03  1.3402485E+00  9.9746169E-01  3.4278676E-01 -1.1048840E-01 -7.9553799E-02 -3.0934606E-02 -6.4314258E-04  1.6469175E-03 -2.2900601E-03
    4410  2.0415565E+03  1.3400675E+00  9.9729898E-01  3.4276849E-01 -1.0748690E-01 -7.6858039E-02 -3.0628862E-02 -6.8059831E-04  1.6472584E-03 -2.3278567E-03
    4411  2.0415659E+03  1.3398895E+00  9.9713733E-01  3.4275218E-01 -1.0445967E-01 -7.4137613E-02 -3.0322056E-02 -7.1867512E-04  1.6467052E-03 -2.3653803E-03
    4412  2.0415753E+03  1.3397055E+00  9.9697158E-01  3.4273392E-01 -1.0144721E-01 -7.1434881E-02 -3.0012332E-02 -7.5434473E-04  1.6483090E-03 -2.4026537E-03
    4413  2.0415847E+03  1.3395286E+00  9.9681200E-01  3.4271660E-01 -9.8378111E-02 -6.8679563E-02 -2.9698548E-02 -7.9125429E-04  1.6484216E-03 -2.4396759E-03
    4414  2.0415942E+03  1.3393431E+00  9.9664506E-01  3.4269806E-01 -9.5360483E-02 -6.5977095E-02 -2.9383388E-02 -8.2776404E-04  1.6486541E-03 -2.4764181E-03
    4415  2.0416036E+03  1.3391750E+00  9.9649393E-01  3.4268106E-01 -9.2302866E-02 -6.3237073E-02 -2.9065793E-02 -8.6382091E-04  1.6490428E-03 -2.5128637E-03
    4416  2.0416130E+03  1.3389854E+00  9.9632363E-01  3.4266178E-01 -8.9205828E-02 -6.0463970E-02 -2.8741857E-02 -9.0023106E-04  1.6488180E-03 -2.5490491E-03
    4417  2.0416224E+03  1.3388112E+00  9.9616748E-01  3.4264369E-01 -8.6159302E-02 -5.7741685E-02 -2.8417618E-02 -9.3459626E-04  1.6503394E-03 -2.5849356E-03
    4418  2.0416319E+03  1.3386397E+00  9.9601366E-01  3.4262604E-01 -8.3072574E-02 -5.4980663E-02 -2.8091911E-02 -9.7215830E-04  1.6483628E-03 -2.6205211E-03
    4419  2.0416413E+03  1.3384556E+00  9.9584830E-01  3.4260725E-01 -7.9969921E-02 -5.2208777E-02 -2.7761144E-02 -1.0049012E-03  1.6509599E-03 -2.6558612E-03
    4420  2.0416507E+03  1.3382880E+00  9.9569883E-01  3.4258914E-01 -7.6877809E-02 -4.9450226E-02 -2.7427582E-02 -1.0393714E-03  1.6514781E-03 -2.6908495E-03
    4421  2.0416601E+03  1.3381046E+00  9.9553563E-01  3.4256901E-01 -7.3776047E-02 -4.6682361E-02 -2.7093686E-02 -1.0748724E-03  1.6506803E-03 -2.7255527E-03
    4422  2.0416695E+03  1.3379378E+00  9.9538616E-01  3.4255169E-01 -7.0644664E-02 -4.3891691E-02 -2.6752973E-02 -1.1096663E-03  1.6503443E-03 -2.7600105E-03
    4423  2.0416790E+03  1.3377588E+00  9.9522619E-01  3.4253262E-01 -6.7524762E-02 -4.1109978E-02 -2.6414784E-02 -1.1406982E-03  1.6533874E-03 -2.7940856E-03
    4424  2.0416884E+03  1.3375964E+00  9.9508211E-01  3.4251424E-01 -6.4413489E-02 -3.8339897E-02 -2.6073591E-02 -1.1747706E-03  1.6531253E-03 -2.8278959E-03
    4425  2.0416978E+03  1.3374216E+00  9.9492721E-01  3.4249441E-01 -6.1274057E-02 -3.5549478E-02 -2.5724580E-02 -1.2086660E-03  1.6527709E-03 -2.8614369E-03
    4426  2.0417072E+03  1.3372510E+00  9.9477532E-01  3.4247567E-01 -5.8108733E-02 -3.2732953E-02 -2.5375780E-02 -1.2393083E-03  1.6552421E-03 -2.8945503E-03
    4427  2.0417167E+03  1.3370847E+00  9.9462841E-01  3.4245632E-01 -5.4990161E-02 -2.9964356E-02 -2.5025805E-02 -1.2723504E-03  1.6550269E-03 -2.9273773E-03
    4428  2.0417261E+03  1.3369179E+00  9.9447985E-01  3.4243802E-01 -5.1809691E-02 -2.7135848E-02 -2.4673843E-02 -1.3034767E-03  1.6564423E-03 -2.9599190E-03
    4429  2.0417355E+03  1.3367557E+00  9.9433671E-01  3.4241898E-01 -4.8682996E-02 -2.4362848E-02 -2.4320148E-02 -1.3349956E-03  1.6571774E-03 -2.9921730E-03
    4430  2.0417449E+03  1.3365894E+00  9.9418973E-01  3.4239963E-01 -4.5493878E-02 -2.1532875E-02 -2.3961004E-02 -1.3673688E-03  1.6566940E-03 -3.0240628E-03
    4431  2.0417544E+03  1.3364285E+00  9.9404806E-01  3.4238040E-01 -4.2344050E-02 -1.8743685E-02 -2.3600365E-02 -1.3969128E-03  1.6586833E-03 -3.0555961E-03
    4432  2.0417638E+03  1.3362687E+00  9.9390709E-01  3.4236165E-01 -3.9160491E-02 -1.5921491E-02 -2.3239000E-02 -1.4282760E-03  1.6585333E-03 -3.0868093E-03
    4433  2.0417732E+03  1.3361091E+00  9.9376709E-01  3.4234203E-01 -3.5987069E-02 -1.3113179E-02 -2.2873890E-02 -1.4593070E-03  1.6584161E-03 -3.1177231E-03
    4434  2.0417826E+03  1.3359544E+00  9.9363095E-01  3.4232343E-01 -3.2805108E-02 -1.0297819E-02 -2.2507289E-02 -1.4884375E-03  1.6598523E-03 -3.1482898E-03
    4435  2.0417920E+03  1.3357975E+00  9.9349326E-01  3.4230419E-01 -2.9626050E-02 -7.4866697E-03 -2.2139381E-02 -1.5178958E-03  1.6606148E-03 -3.1785106E-03
    4436  2.0418015E+03  1.3356468E+00  9.9336154E-01  3.4228527E-01 -2.6435745E-02 -4.6681528E-03 -2.1767592E-02 -1.5470996E-03  1.6612789E-03 -3.2083785E-03
    4437  2.0418109E+03  1.3354927E+00  9.9322659E-01  3.4226615E-01 -2.3242810E-02 -1.8479205E-03 -2.1394890E-02 -1.5748946E-03  1.6630108E-03 -3.2379054E-03
    4438  2.0418203E+03  1.3353507E+00  9.9310302E-01  3.4224763E-01 -2.0060004E-02  9.6135204E-04 -2.1021356E-02 -1.6040119E-03  1.6630810E-03 -3.2670929E-03
    4439  2.0418297E+03  1.3351955E+00  9.9296767E-01  3.4222783E-01 -1.6862233E-02  3.7805710E-03 -2.0642804E-02 -1.6317473E-03  1.6641898E-03 -3.2959372E-03
    4440  2.0418392E+03  1.3350539E+00  9.9284439E-01  3.4220953E-01 -1.3664661E-02  6.5962708E-03 -2.0260932E-02 -1.6587256E-03  1.6656483E-03 -3.3243739E-03
    4441  2.0418486E+03  1.3349088E+00  9.9271846E-01  3.4219039E-01 -1.0458584E-02  9.4229464E-03 -1.9881530E-02 -1.6867256E-03  1.6657364E-03 -3.3524620E-03
    4442  2.0418580E+03  1.3347775E+00  9.9260545E-01  3.4217210E-01 -7.2713117E-03  1.2229014E-02 -1.9500326E-02 -1.7139514E-03  1.6663133E-03 -3.3802647E-03
    4443  2.0418674E+03  1.3346251E+00  9.9247254E-01  3.4215257E-01 -4.0608826E-03  1.5050099E-02 -1.9110981E-02 -1.7390854E-03  1.6685862E-03 -3.4076716E-03
    4444  2.0418769E+03  1.3345019E+00  9.9236669E-01  3.4213524E-01 -8.6623461E-04  1.7860969E-02 -1.8727204E-02 -1.7658882E-03  1.6687415E-03 -3.4346297E-03
    4445  2.0418863E+03  1.3343602E+00  9.9224449E-01  3.4211573E-01  2.3428001E-03  2.0679814E-02 -1.8337014E-02 -1.7919511E-03  1.6693731E-03 -3.4613242E-03
    4446  2.0418957E+03  1.3342363E+00  9.9213827E-01  3.4209799E-01  5.5313586E-03  2.3478971E-02 -1.7947613E-02 -1.8149035E-03  1.6726931E-03 -3.4875966E-03
    4447  2.0419051E+03  1.3340977E+00  9.9201926E-01  3.4207848E-01  8.7533065E-03  2.6307638E-02 -1.7554331E-02 -1.8421993E-03  1.6712894E-03 -3.5134887E-03
    4448  2.0419145E+03  1.3339833E+00  9.9192144E-01  3.4206187E-01  1.1936552E-02  2.9097979E-02 -1.7161427E-02 -1.8643647E-03  1.6746516E-03 -3.5390163E-03
    4449  2.0419240E+03  1.3338502E+00  9.9180725E-01  3.4204297E-01  1.5153057E-02  3.1919605E-02 -1.6766549E-02 -1.8912937E-03  1.6729026E-03 -3.5641963E-03
    4450  2.0419334E+03  1.3337367E+00  9.9171162E-01  3.4202508E-01  1.8330403E-02  3.4700492E-02 -1.6370089E-02 -1.9130306E-03  1.6759807E-03 -3.5890113E-03
    4451  2.0419428E+03  1.3336107E+00  9.9160353E-01  3.4200714E-01  2.1553057E-02  3.7521913E-02 -1.5968857E-02 -1.9393079E-03  1.6740998E-03 -3.6134077E-03
    4452  2.0419522E+03  1.3335055E+00  9.9151533E-01  3.4199016E-01  2.4729041E-02  4.0298325E-02 -1.5569285E-02 -1.9598153E-03  1.6775527E-03 -3.6373681E-03
    4453  2.0419617E+03  1.3333834E+00  9.9141141E-01  3.4197204E-01  2.7942868E-02  4.3110495E-02 -1.5167626E-02 -1.9822071E-03  1.6788006E-03 -3.6610077E-03
    4454  2.0419711E+03  1.3332788E+00  9.9132411E-01  3.4195472E-01  3.1118259E-02  4.5882259E-02 -1.4764000E-02 -2.0041130E-03  1.6801366E-03 -3.6842495E-03
    4455  2.0419805E+03  1.3331704E+00  9.9123239E-01  3.4193796E-01  3.4315994E-02  4.8675177E-02 -1.4359183E-02 -2.0257240E-03  1.6813437E-03 -3.7070677E-03
    4456  2.0419899E+03  1.3330673E+00  9.9114669E-01  3.4192064E-01  3.7500407E-02  5.1452753E-02 -1.3952347E-02 -2.0454129E-03  1.6840753E-03 -3.7294882E-03
    4457  2.0419994E+03  1.3329629E+00  9.9105926E-01  3.4190363E-01  4.0689674E-02  5.4233994E-02 -1.3544320E-02 -2.0689444E-03  1.6825742E-03 -3.7515186E-03
    4458  2.0420088E+03  1.3328651E+00  9.9097792E-01  3.4188722E-01  4.3870018E-02  5.7005964E-02 -1.3135946E-02 -2.0877812E-03  1.6853931E-03 -3.7731743E-03
    4459  2.0420182E+03  1.3327803E+00  9.9090958E-01  3.4187071E-01  4.7028351E-02  5.9754566E-02 -1.2726215E-02 -2.1087344E-03  1.6856911E-03 -3.7944254E-03
    4460  2.0420276E+03  1.3326768E+00  9.9082273E-01  3.4185405E-01  5.0224550E-02  6.2537698E-02 -1.2313148E-02 -2.1283654E-03  1.6869054E-03 -3.8152708E-03
    4461  2.0420371E+03  1.3325908E+00  9.9075274E-01  3.4183803E-01  5.3369663E-02  6.5272978E-02 -1.1903315E-02 -2.1472382E-03  1.6884833E-03 -3.8357215E-03
    4462  2.0420465E+03  1.3325041E+00  9.9068259E-01  3.4182153E-01  5.6547912E-02  6.8035801E-02 -1.1487890E-02 -2.1671940E-03  1.6885835E-03 -3.8557775E-03
    4463  2.0420559E+03  1.3324227E+00  9.9061566E-01  3.4180702E-01  5.9693193E-02  7.0764228E-02 -1.1071035E-02 -2.1833788E-03  1.6919774E-03 -3.8753562E-03
    4464  2.0420653E+03  1.3323443E+00  9.9055308E-01  3.4179122E-01  6.2860122E-02  7.3516385E-02 -1.0656263E-02 -2.2023202E-03  1.6922032E-03 -3.8945234E-03
    4465  2.0420747E+03  1.3322651E+00  9.9048949E-01  3.4177564E-01  6.5998593E-02  7.6236145E-02 -1.0237552E-02 -2.2181532E-03  1.6951945E-03 -3.9133477E-03
    4466  2.0420842E+03  1.3321952E+00  9.9043412E-01  3.4176105E-01  6.9137005E-02  7.8956555E-02 -9.8195496E-03 -2.2370019E-03  1.6946908E-03 -3.9316927E-03
    4467  2.0420936E+03  1.3321226E+00  9.9037614E-01  3.4174648E-01  7.2274771E-02  8.1676531E-02 -9.4017599E-03 -2.2530515E-03  1.6965971E-03 -3.9496486E-03
    4468  2.0421030E+03  1.3320583E+00  9.9032728E-01  3.4173101E-01  7.5400624E-02  8.4381419E-02 -8.9807946E-03 -2.2687112E-03  1.6985108E-03 -3.9672219E-03
    4469  2.0421124E+03  1.3319942E+00  9.9027676E-01  3.4171741E-01  7.8522713E-02  8.7082535E-02 -8.5598227E-03 -2.2854421E-03  1.6988888E-03 -3.9843309E-03
    4470  2.0421219E+03  1.3319341E+00  9.9023099E-01  3.4170314E-01  8.1633583E-02  8.9772005E-02 -8.1384214E-03 -2.3007564E-03  1.7002666E-03 -4.0010230E-03
    4471  2.0421313E+03  1.3318761E+00  9.9018739E-01  3.4168871E-01  8.4742217E-02  9.2457510E-02 -7.7152939E-03 -2.3140916E-03  1.7032142E-03 -4.0173058E-03
    4472  2.0421407E+03  1.3318272E+00  9.9015109E-01  3.4167609E-01  8.7836269E-02  9.5128234E-02 -7.2919657E-03 -2.3301082E-03  1.7030403E-03 -4.0331485E-03
    4473  2.0421501E+03  1.3317740E+00  9.9011168E-01  3.4166227E-01  9.0930014E-02  9.7797735E-02 -6.8677208E-03 -2.3426784E-03  1.7058759E-03 -4.0485543E-03
    4474  2.0421596E+03  1.3317297E+00  9.9008042E-01  3.4164923E-01  9.4008836E-02  1.0045158E-01 -6.4427423E-03 -2.3554860E-03  1.7080573E-03 -4.0635433E-03
    4475  2.0421690E+03  1.3316839E+00  9.9004727E-01  3.4163667E-01  9.7088001E-02  1.0310486E-01 -6.0168546E-03 -2.3696002E-03  1.7084931E-03 -4.0780933E-03
    4476  2.0421784E+03  1.3316531E+00  9.9002875E-01  3.4162438E-01  1.0013003E-01  1.0572128E-01 -5.5912542E-03 -2.3804578E-03  1.7117640E-03 -4.0922218E-03
    4477  2.0421878E+03  1.3316060E+00  9.8999441E-01  3.4161159E-01  1.0321452E-01  1.0837796E-01 -5.1634396E-03 -2.3949051E-03  1.7109929E-03 -4.1058979E-03
    4478  2.0421972E+03  1.3315782E+00  9.8997779E-01  3.4160041E-01  1.0624852E-01  1.1098547E-01 -4.7369540E-03 -2.4035919E-03  1.7155584E-03 -4.1191503E-03
    4479  2.0422067E+03  1.3315489E+00  9.8996038E-01  3.4158849E-01  1.0927371E-01  1.1358274E-01 -4.3090302E-03 -2.4187718E-03  1.7131850E-03 -4.1319568E-03
    4480  2.0422161E+03  1.3315262E+00  9.8994926E-01  3.4157695E-01  1.1229860E-01  1.1617923E-01 -3.8806305E-03 -2.4267847E-03  1.7175424E-03 -4.1443271E-03
    4481  2.0422255E+03  1.3315038E+00  9.8993642E-01  3.4156738E-01  1.1532365E-01  1.1877438E-01 -3.4507269E-03 -2.4382203E-03  1.7180387E-03 -4.1562590E-03
    4482  2.0422349E+03  1.3314884E+00  9.8993299E-01  3.4155545E-01  1.1831784E-01  1.2134196E-01 -3.0241198E-03 -2.4475687E-03  1.7201623E-03 -4.1677309E-03
    4483  2.0422444E+03  1.3314678E+00  9.8992239E-01  3.4154544E-01  1.2131130E-01  1.2390428E-01 -2.5929799E-03 -2.4576305E-03  1.7212060E-03 -4.1788365E-03
    4484  2.0422538E+03  1.3314562E+00  9.8992119E-01  3.4153504E-01  1.2430010E-01  1.2646496E-01 -2.1648652E-03 -2.4655988E-03  1.7238118E-03 -4.1894107E-03
    4485  2.0422632E+03  1.3314547E+00  9.8992955E-01  3.4152514E-01  1.2724975E-01  1.2898474E-01 -1.7349857E-03 -2.4735102E-03  1.7260965E-03 -4.1996067E-03
    4486  2.0422726E+03  1.3314453E+00  9.8992924E-01  3.4151609E-01  1.3022073E-01  1.3152377E-01 -1.3030406E-03 -2.4838441E-03  1.7254793E-03 -4.2093234E-03
    4487  2.0422821E+03  1.3314483E+00  9.8994079E-01  3.4150753E-01  1.3315621E-01  1.3403039E-01 -8.7417559E-04 -2.4884965E-03  1.7300846E-03 -4.2185811E-03
    4488  2.0422915E+03  1.3314476E+00  9.8994931E-01  3.4149829E-01  1.3609728E-01  1.3654055E-01 -4.4327147E-04 -2.4972994E-03  1.7301198E-03 -4.2274193E-03
    4489  2.0423009E+03  1.3314594E+00  9.8996922E-01  3.4149019E-01  1.3900911E-01  1.3902236E-01 -1.3240923E-05 -2.5057130E-03  1.7300787E-03 -4.2357917E-03
    4490  2.0423103E+03  1.3314661E+00  9.8998387E-01  3.4148218E-01  1.4191557E-01  1.4149811E-01  4.1745566E-04 -2.5080485E-03  1.7356867E-03 -4.2437351E-03
    4491  2.0423197E+03  1.3314829E+00  9.9000837E-01  3.4147449E-01  1.4480887E-01  1.4396072E-01  8.4814596E-04 -2.5165419E-03  1.7346471E-03 -4.2511890E-03
    4492  2.0423292E+03  1.3314968E+00  9.9002949E-01  3.4146729E-01  1.4768737E-01  1.4640879E-01  1.2785770E-03 -2.5211542E-03  1.7370469E-03 -4.2582011E-03
    4493  2.0423386E+03  1.3315193E+00  9.9005910E-01  3.4146020E-01  1.5054938E-01  1.4884069E-01  1.7086913E-03 -2.5241324E-03  1.7406443E-03 -4.2647767E-03
    4494  2.0423480E+03  1.3315386E+00  9.9008534E-01  3.4145329E-01  1.5341694E-01  1.5127768E-01  2.1392617E-03 -2.5308217E-03  1.7400666E-03 -4.2708883E-03
    4495  2.0423574E+03  1.3315804E+00  9.9013325E-01  3.4144717E-01  1.5619612E-01  1.5362835E-01  2.5677704E-03 -2.5320701E-03  1.7444773E-03 -4.2765474E-03
    4496  2.0423669E+03  1.3315945E+00  9.9015400E-01  3.4144053E-01  1.5908600E-01  1.5608589E-01  3.0001135E-03 -2.5362254E-03  1.7455215E-03 -4.2817469E-03
    4497  2.0423763E+03  1.3316380E+00  9.9020269E-01  3.4143534E-01  1.6185444E-01  1.5842728E-01  3.4271548E-03 -2.5396268E-03  1.7468581E-03 -4.2864849E-03
    4498  2.0423857E+03  1.3316802E+00  9.9024926E-01  3.4143090E-01  1.6464433E-01  1.6078645E-01  3.8578724E-03 -2.5413511E-03  1.7494165E-03 -4.2907676E-03
    4499  2.0423951E+03  1.3317152E+00  9.9029001E-01  3.4142515E-01  1.6741945E-01  1.6313308E-01  4.2863728E-03 -2.5437627E-03  1.7508304E-03 -4.2945931E-03
    4500  2.0424046E+03  1.3317674E+00  9.9034580E-01  3.4142163E-01  1.7017445E-01  1.6546079E-01  4.7136637E-03 -2.5450969E-03  1.7528797E-03 -4.2979766E-03
    4501  2.0424140E+03  1.3318084E+00  9.9039213E-01  3.4141627E-01  1.7292885E-01  1.6778514E-01  5.1437083E-03 -2.5474452E-03  1.7534744E-03 -4.3009196E-03
    4502  2.0424234E+03  1.3318666E+00  9.9045312E-01  3.4141350E-01  1.7563661E-01  1.7006675E-01  5.5698558E-03 -2.5467502E-03  1.7566193E-03 -4.3033695E-03
    4503  2.0424328E+03  1.3319158E+00  9.9050628E-01  3.4140949E-01  1.7835952E-01  1.7236239E-01  5.9971324E-03 -2.5484327E-03  1.7569464E-03 -4.3053791E-03
    4504  2.0424422E+03  1.3319812E+00  9.9057485E-01  3.4140638E-01  1.8104308E-01  1.7461764E-01  6.4254400E-03 -2.5450233E-03  1.7619251E-03 -4.3069483E-03
    4505  2.0424517E+03  1.3320412E+00  9.9063658E-01  3.4140460E-01  1.8370393E-01  1.7685520E-01  6.8487280E-03 -2.5479805E-03  1.7600496E-03 -4.3080301E-03
    4506  2.0424611E+03  1.3321057E+00  9.9070408E-01  3.4140160E-01  1.8638143E-01  1.7910561E-01  7.2758225E-03 -2.5439820E-03  1.7646976E-03 -4.3086796E-03
    4507  2.0424705E+03  1.3321754E+00  9.9077562E-01  3.4139981E-01  1.8899619E-01  1.8129593E-01  7.7002601E-03 -2.5431782E-03  1.7656570E-03 -4.3088352E-03
    4508  2.0424799E+03  1.3322455E+00  9.9084760E-01  3.4139794E-01  1.9163813E-01  1.8351406E-01  8.1240716E-03 -2.5400773E-03  1.7684396E-03 -4.3085169E-03
    4509  2.0424894E+03  1.3323248E+00  9.9092743E-01  3.4139735E-01  1.9422294E-01  1.8567746E-01  8.5454719E-03 -2.5355279E-03  1.7722351E-03 -4.3077630E-03
    4510  2.0424988E+03  1.3323998E+00  9.9100406E-01  3.4139577E-01  1.9680636E-01  1.8783773E-01  8.9686293E-03 -2.5332549E-03  1.7733051E-03 -4.3065600E-03
    4511  2.0425082E+03  1.3324840E+00  9.9108799E-01  3.4139601E-01  1.9937249E-01  1.8998142E-01  9.3910788E-03 -2.5297374E-03  1.7751109E-03 -4.3048482E-03
    4512  2.0425176E+03  1.3325660E+00  9.9117009E-01  3.4139595E-01  2.0191528E-01  1.9210409E-01  9.8111924E-03 -2.5250467E-03  1.7776510E-03 -4.3026977E-03
    4513  2.0425271E+03  1.3326599E+00  9.9126436E-01  3.4139557E-01  2.0443033E-01  1.9419833E-01  1.0232001E-02 -2.5220309E-03  1.7780801E-03 -4.3001110E-03
    4514  2.0425365E+03  1.3327451E+00  9.9134845E-01  3.4139662E-01  2.0695333E-01  1.9630383E-01  1.0649500E-02 -2.5181014E-03  1.7789375E-03 -4.2970389E-03
    4515  2.0425459E+03  1.3328399E+00  9.9144236E-01  3.4139750E-01  2.0942667E-01  1.9836013E-01  1.1066532E-02 -2.5113493E-03  1.7822041E-03 -4.2935533E-03
    4516  2.0425553E+03  1.3329380E+00  9.9153870E-01  3.4139931E-01  2.1189881E-01  2.0041476E-01  1.1484050E-02 -2.5049136E-03  1.7846833E-03 -4.2895969E-03
    4517  2.0425648E+03  1.3330415E+00  9.9164046E-01  3.4140101E-01  2.1431934E-01  2.0241992E-01  1.1899427E-02 -2.4979904E-03  1.7871555E-03 -4.2851460E-03
    4518  2.0425742E+03  1.3331399E+00  9.9173646E-01  3.4140341E-01  2.1676948E-01  2.0445502E-01  1.2314460E-02 -2.4914818E-03  1.7887523E-03 -4.2802340E-03
    4519  2.0425836E+03  1.3332485E+00  9.9184295E-01  3.4140558E-01  2.1915406E-01  2.0642804E-01  1.2726027E-02 -2.4831866E-03  1.7917083E-03 -4.2748950E-03
    4520  2.0425930E+03  1.3333573E+00  9.9194854E-01  3.4140874E-01  2.2154218E-01  2.0840266E-01  1.3139522E-02 -2.4760903E-03  1.7929987E-03 -4.2690889E-03
    4521  2.0426024E+03  1.3334681E+00  9.9205639E-01  3.4141166E-01  2.2389817E-01  2.1034895E-01  1.3549216E-02 -2.4678190E-03  1.7949890E-03 -4.2628080E-03
    4522  2.0426119E+03  1.3335832E+00  9.9216827E-01  3.4141491E-01  2.2621597E-01  2.1225778E-01  1.3958190E-02 -2.4589699E-03  1.7971179E-03 -4.2560877E-03
    4523  2.0426213E+03  1.3336962E+00  9.9227667E-01  3.4141956E-01  2.2856795E-01  2.1419927E-01  1.4368676E-02 -2.4501484E-03  1.7987677E-03 -4.2489161E-03
    4524  2.0426307E+03  1.3338221E+00  9.9239798E-01  3.4142408E-01  2.3083100E-01  2.1605758E-01  1.4773414E-02 -2.4400452E-03  1.8012236E-03 -4.2412688E-03
    4525  2.0426401E+03  1.3339425E+00  9.9251443E-01  3.4142803E-01  2.3311376E-01  2.1793420E-01  1.5179556E-02 -2.4289586E-03  1.8042091E-03 -4.2331677E-03
    4526  2.0426496E+03  1.3340649E+00  9.9263050E-01  3.4143435E-01  2.3536198E-01  2.1977923E-01  1.5582754E-02 -2.4189661E-03  1.8056578E-03 -4.2246239E-03
    4527  2.0426590E+03  1.3341976E+00  9.9275822E-01  3.4143934E-01  2.3758789E-01  2.2160182E-01  1.5986065E-02 -2.4064810E-03  1.8091404E-03 -4.2156214E-03
    4528  2.0426684E+03  1.3343245E+00  9.9287870E-01  3.4144583E-01  2.3977571E-01  2.2338925E-01  1.6386461E-02 -2.3949073E-03  1.8112217E-03 -4.2061291E-03
    4529  2.0426778E+03  1.3344550E+00  9.9300346E-01  3.4145150E-01  2.4197657E-01  2.2519044E-01  1.6786130E-02 -2.3825401E-03  1.8136624E-03 -4.1962025E-03
    4530  2.0426873E+03  1.3345956E+00  9.9313675E-01  3.4145883E-01  2.4410916E-01  2.2692577E-01  1.7183398E-02 -2.3719128E-03  1.8139275E-03 -4.1858403E-03
    4531  2.0426967E+03  1.3347250E+00  9.9326058E-01  3.4146445E-01  2.4625390E-01  2.2867405E-01  1.7579858E-02 -2.3583786E-03  1.8166405E-03 -4.1750191E-03
    4532  2.0427061E+03  1.3348719E+00  9.9339993E-01  3.4147192E-01  2.4835455E-01  2.3038086E-01  1.7973695E-02 -2.3459032E-03  1.8178383E-03 -4.1637415E-03
    4533  2.0427155E+03  1.3350056E+00  9.9352578E-01  3.4147982E-01  2.5045150E-01  2.3208534E-01  1.8366160E-02 -2.3293391E-03  1.8226942E-03 -4.1520332E-03
    4534  2.0427249E+03  1.3351587E+00  9.9367106E-01  3.4148767E-01  2.5248436E-01  2.3372813E-01  1.8756223E-02 -2.3166027E-03  1.8232740E-03 -4.1398767E-03
    4535  2.0427344E+03  1.3352986E+00  9.9380269E-01  3.4149589E-01  2.5453507E-01  2.3538865E-01  1.9146420E-02 -2.3008295E-03  1.8264271E-03 -4.1272566E-03
    4536  2.0427438E+03  1.3354458E+00  9.9394139E-01  3.4150443E-01  2.5656567E-01  2.3703236E-01  1.9533311E-02 -2.2861055E-03  1.8280910E-03 -4.1141965E-03
    4537  2.0427532E+03  1.3356022E+00  9.9408887E-01  3.4151329E-01  2.5847945E-01  2.3856222E-01  1.9917230E-02 -2.2711321E-03  1.8295627E-03 -4.1006948E-03
    4538  2.0427626E+03  1.3357484E+00  9.9422577E-01  3.4152267E-01  2.6051388E-01  2.4021068E-01  2.0303198E-02 -2.2548615E-03  1.8318780E-03 -4.0867394E-03
    4539  2.0427721E+03  1.3359053E+00  9.9437215E-01  3.4153311E-01  2.6239511E-01  2.4171410E-01  2.0681017E-02 -2.2372935E-03  1.8350863E-03 -4.0723797E-03
    4540  2.0427815E+03  1.3360620E+00  9.9451937E-01  3.4154267E-01  2.6433532E-01  2.4327198E-01  2.1063341E-02 -2.2220331E-03  1.8355306E-03 -4.0575636E-03
    4541  2.0427909E+03  1.3362118E+00  9.9466013E-01  3.4155172E-01  2.6621905E-01  2.4477999E-01  2.1439064E-02 -2.2035438E-03  1.8387327E-03 -4.0422765E-03
    4542  2.0428003E+03  1.3363834E+00  9.9481950E-01  3.4156386E-01  2.6802861E-01  2.4621506E-01  2.1813551E-02 -2.1847245E-03  1.8418494E-03 -4.0265739E-03
    4543  2.0428098E+03  1.3365345E+00  9.9496066E-01  3.4157385E-01  2.6991349E-01  2.4772296E-01  2.2190536E-02 -2.1670750E-03  1.8433689E-03 -4.0104439E-03
    4544  2.0428192E+03  1.3366961E+00  9.9511170E-01  3.4158443E-01  2.7170912E-01  2.4915070E-01  2.2558423E-02 -2.1493913E-03  1.8444583E-03 -3.9938496E-03
    4545  2.0428286E+03  1.3368661E+00  9.9526918E-01  3.4159689E-01  2.7344560E-01  2.5051901E-01  2.2926591E-02 -2.1275503E-03  1.8492826E-03 -3.9768329E-03
    4546  2.0428380E+03  1.3370295E+00  9.9542120E-01  3.4160833E-01  2.7522921E-01  2.5193283E-01  2.3296381E-02 -2.1077932E-03  1.8515975E-03 -3.9593907E-03
    4547  2.0428474E+03  1.3371934E+00  9.9557298E-01  3.4162046E-01  2.7693997E-01  2.5328145E-01  2.3658521E-02 -2.0905742E-03  1.8509238E-03 -3.9414981E-03
    4548  2.0428569E+03  1.3373650E+00  9.9573212E-01  3.4163290E-01  2.7866129E-01  2.5464059E-01  2.4020709E-02 -2.0673756E-03  1.8558090E-03 -3.9231846E-03
    4549  2.0428663E+03  1.3375319E+00  9.9588679E-01  3.4164507E-01  2.8028339E-01  2.5590355E-01  2.4379842E-02 -2.0462195E-03  1.8582389E-03 -3.9044584E-03
    4550  2.0428757E+03  1.3377069E+00  9.9604844E-01  3.4165843E-01  2.8197351E-01  2.5723305E-01  2.4740454E-02 -2.0261043E-03  1.8591663E-03 -3.8852707E-03
    4551  2.0428851E+03  1.3378692E+00  9.9619785E-01  3.4167140E-01  2.8354676E-01  2.5845545E-01  2.5091310E-02 -2.0032540E-03  1.8624315E-03 -3.8656855E-03
    4552  2.0428946E+03  1.3380520E+00  9.9636710E-01  3.4168490E-01  2.8516720E-01  2.5972253E-01  2.5444669E-02 -1.9814209E-03  1.8643107E-03 -3.8457316E-03
    4553  2.0429040E+03  1.3382190E+00  9.9652071E-01  3.4169826E-01  2.8671159E-01  2.6091672E-01  2.5794873E-02 -1.9591913E-03  1.8661416E-03 -3.8253328E-03
    4554  2.0429134E+03  1.3383999E+00  9.9668728E-01  3.4171260E-01  2.8821546E-01  2.6207318E-01  2.6142279E-02 -1.9370711E-03  1.8673954E-03 -3.8044666E-03
    4555  2.0429228E+03  1.3385684E+00  9.9684168E-01  3.4172674E-01  2.8977083E-01  2.6328291E-01  2.6487913E-02 -1.9126546E-03  1.8705538E-03 -3.7832084E-03
    4556  2.0429323E+03  1.3387481E+00  9.9700689E-01  3.4174122E-01  2.9122426E-01  2.6439506E-01  2.6829208E-02 -1.8866879E-03  1.8748930E-03 -3.7615809E-03
    4557  2.0429417E+03  1.3389274E+00  9.9717183E-01  3.4175552E-01  2.9261749E-01  2.6544751E-01  2.7169975E-02 -1.8672457E-03  1.8722438E-03 -3.7394895E-03
    4558  2.0429511E+03  1.3390998E+00  9.9732960E-01  3.4177025E-01  2.9412518E-01  2.6661584E-01  2.7509339E-02 -1.8381419E-03  1.8788433E-03 -3.7169852E-03
    4559  2.0429605E+03  1.3392807E+00  9.9749469E-01  3.4178599E-01  2.9546901E-01  2.6762946E-01  2.7839548E-02 -1.8150600E-03  1.8790684E-03 -3.6941285E-03
    4560  2.0429700E+03  1.3394606E+00  9.9765970E-01  3.4180085E-01  2.9679191E-01  2.6861757E-01  2.8174343E-02 -1.7892300E-03  1.8816057E-03 -3.6708356E-03
    4561  2.0429794E+03  1.3396392E+00  9.9782237E-01  3.4181685E-01  2.9818224E-01  2.6967846E-01  2.8503781E-02 -1.7635976E-03  1.8835114E-03 -3.6471090E-03
    4562  2.0429888E+03  1.3398179E+00  9.9798493E-01  3.4183298E-01  2.9945509E-01  2.7062890E-01  2.8826199E-02 -1.7364614E-03  1.8865971E-03 -3.6230585E-03
    4563  2.0429982E+03  1.3399998E+00  9.9815115E-01  3.4184868E-01  3.0073160E-01  2.7157757E-01  2.9154030E-02 -1.7094481E-03  1.8891386E-03 -3.5985866E-03
    4564  2.0430076E+03  1.3401777E+00  9.9831279E-01  3.4186494E-01  3.0197533E-01  2.7250354E-01  2.9471797E-02 -1.6828934E-03  1.8907367E-03 -3.5736301E-03
    4565  2.0430171E+03  1.3403584E+00  9.9847680E-01  3.4188158E-01  3.0319524E-01  2.7340529E-01  2.9789943E-02 -1.6549070E-03  1.8934907E-03 -3.5483976E-03
    4566  2.0430265E+03  1.3405404E+00  9.9864232E-01  3.4189804E-01  3.0434949E-01  2.7424534E-01  3.0104150E-02 -1.6264167E-03  1.8962935E-03 -3.5227102E-03
    4567  2.0430359E+03  1.3407183E+00  9.9880344E-01  3.4191489E-01  3.0555361E-01  2.7513522E-01  3.0418390E-02 -1.5995512E-03  1.8971039E-03 -3.4966551E-03
    4568  2.0430453E+03  1.3409022E+00  9.9897072E-01  3.4193147E-01  3.0662016E-01  2.7589420E-01  3.0725957E-02 -1.5690037E-03  1.9012169E-03 -3.4702207E-03
    4569  2.0430548E+03  1.3410799E+00  9.9913076E-01  3.4194914E-01  3.0777310E-01  2.7674145E-01  3.1031644E-02 -1.5413279E-03  1.9020076E-03 -3.4433354E-03
    4570  2.0430642E+03  1.3412613E+00  9.9929561E-01  3.4196573E-01  3.0877739E-01  2.7744089E-01  3.1336504E-02 -1.5108558E-03  1.9053294E-03 -3.4161852E-03
    4571  2.0430736E+03  1.3414410E+00  9.9945751E-01  3.4198346E-01  3.0987158E-01  2.7823386E-01  3.1637720E-02 -1.4822131E-03  1.9063190E-03 -3.3885321E-03
    4572  2.0430830E+03  1.3416205E+00  9.9961933E-01  3.4200120E-01  3.1084642E-01  2.7891632E-01  3.1930097E-02 -1.4510717E-03  1.9095085E-03 -3.3605801E-03
    4573  2.0430925E+03  1.3417993E+00  9.9978023E-01  3.4201907E-01  3.1181254E-01  2.7958900E-01  3.2223539E-02 -1.4209432E-03  1.9113762E-03 -3.3323194E-03
    4574  2.0431019E+03  1.3419790E+00  9.9994229E-01  3.4203675E-01  3.1276068E-01  2.8024361E-01  3.2517073E-02 -1.3895504E-03  1.9140943E-03 -3.3036447E-03
    4575  2.0431113E+03  1.3421583E+00  1.0001037E+00  3.4205451E-01  3.1367871E-01  2.8087380E-01  3.2804904E-02 -1.3592939E-03  1.9151977E-03 -3.2744916E-03
    4576  2.0431207E+03  1.3423358E+00  1.0002629E+00  3.4207291E-01  3.1456813E-01  2.8148142E-01  3.3086711E-02 -1.3267364E-03  1.9183265E-03 -3.2450629E-03
    4577  2.0431301E+03  1.3425097E+00  1.0004185E+00  3.4209118E-01  3.1540472E-01  2.8203722E-01  3.3367499E-02 -1.2955996E-03  1.9197556E-03 -3.2153552E-03
    4578  2.0431396E+03  1.3426886E+00  1.0005794E+00  3.4210920E-01  3.1622080E-01  2.8257288E-01  3.3647914E-02 -1.2630457E-03  1.9221506E-03 -3.1851963E-03
    4579  2.0431490E+03  1.3428651E+00  1.0007374E+00  3.4212763E-01  3.1703767E-01  2.8311556E-01  3.3922112E-02 -1.2304960E-03  1.9241595E-03 -3.1546554E-03
    4580  2.0431584E+03  1.3430402E+00  1.0008938E+00  3.4214638E-01  3.1778599E-01  2.8359471E-01  3.4191276E-02 -1.1974126E-03  1.9264523E-03 -3.1238649E-03
    4581  2.0431678E+03  1.3432083E+00  1.0010436E+00  3.4216467E-01  3.1849199E-01  2.8403082E-01  3.4461174E-02 -1.1636236E-03  1.9290510E-03 -3.0926746E-03
    4582  2.0431773E+03  1.3433867E+00  1.0012031E+00  3.4218368E-01  3.1921345E-01  2.8449024E-01  3.4723205E-02 -1.1307859E-03  1.9303265E-03 -3.0611124E-03
    4583  2.0431867E+03  1.3435598E+00  1.0013573E+00  3.4220251E-01  3.1988214E-01  2.8489546E-01  3.4986678E-02 -1.0953807E-03  1.9339349E-03 -3.0293156E-03
    4584  2.0431961E+03  1.3437278E+00  1.0015068E+00  3.4222096E-01  3.2050469E-01  2.8526100E-01  3.5243688E-02 -1.0623281E-03  1.9347163E-03 -2.9970445E-03
    4585  2.0432055E+03  1.3438974E+00  1.0016573E+00  3.4224012E-01  3.2110114E-01  2.8560537E-01  3.5495771E-02 -1.0254886E-03  1.9390052E-03 -2.9644938E-03
    4586  2.0432150E+03  1.3440633E+00  1.0018042E+00  3.4225908E-01  3.2169865E-01  2.8594858E-01  3.5750064E-02 -9.9172188E-04  1.9399305E-03 -2.9316524E-03
    4587  2.0432244E+03  1.3442327E+00  1.0019544E+00  3.4227821E-01  3.2220839E-01  2.8620879E-01  3.5999600E-02 -9.5548062E-04  1.9429014E-03 -2.8983820E-03
    4588  2.0432338E+03  1.3444002E+00  1.0021031E+00  3.4229714E-01  3.2276622E-01  2.8652657E-01  3.6239654E-02 -9.1974956E-04  1.9450441E-03 -2.8647937E-03
    4589  2.0432432E+03  1.3445586E+00  1.0022429E+00  3.4231568E-01  3.2318800E-01  2.8670891E-01  3.6479091E-02 -8.8326437E-04  1.9477163E-03 -2.8309806E-03
    4590  2.0432526E+03  1.3447266E+00  1.0023913E+00  3.4233536E-01  3.2367954E-01  2.8695913E-01  3.6720404E-02 -8.4753282E-04  1.9492477E-03 -2.7967806E-03
    4591  2.0432621E+03  1.3448813E+00  1.0025276E+00  3.4235377E-01  3.2407864E-01  2.8713289E-01  3.6945747E-02 -8.1211688E-04  1.9501754E-03 -2.7622923E-03
    4592  2.0432715E+03  1.3450520E+00  1.0026785E+00  3.4237353E-01  3.2445359E-01  2.8727330E-01  3.7180287E-02 -7.7408089E-04  1.9535187E-03 -2.7275996E-03
    4593  2.0432809E+03  1.3451980E+00  1.0028061E+00  3.4239193E-01  3.2483027E-01  2.8742154E-01  3.7408734E-02 -7.3796557E-04  1.9544701E-03 -2.6924356E-03
    4594  2.0432903E+03  1.3453631E+00  1.0029514E+00  3.4241162E-01  3.2512781E-01  2.8750074E-01  3.7627074E-02 -7.0016826E-04  1.9568056E-03 -2.6569738E-03
    4595  2.0432998E+03  1.3455086E+00  1.0030784E+00  3.4243016E-01  3.2544215E-01  2.8759578E-01  3.7846367E-02 -6.6231225E-04  1.9590156E-03 -2.6213278E-03
    4596  2.0433092E+03  1.3456707E+00  1.0032211E+00  3.4244963E-01  3.2571211E-01  2.8765195E-01  3.8060163E-02 -6.2436796E-04  1.9609750E-03 -2.5853430E-03
    4597  2.0433186E+03  1.3458093E+00  1.0033412E+00  3.4246813E-01  3.2585210E-01  2.8757638E-01  3.8275720E-02 -5.8565892E-04  1.9634038E-03 -2.5490627E-03
    4598  2.0433280E+03  1.3459664E+00  1.0034788E+00  3.4248757E-01  3.2616593E-01  2.8768418E-01  3.8481747E-02 -5.4700368E-04  1.9653847E-03 -2.5123884E-03
    4599  2.0433375E+03  1.3461101E+00  1.0036041E+00  3.4250602E-01  3.2625042E-01  2.8756755E-01  3.8682870E-02 -5.0725859E-04  1.9683481E-03 -2.4756067E-03
    4600  2.0433469E+03  1.3462546E+00  1.0037295E+00  3.4252502E-01  3.2641468E-01  2.8752627E-01  3.8888418E-02 -4.6819099E-04  1.9702453E-03 -2.4384363E-03
    4601  2.0433563E+03  1.3463936E+00  1.0038499E+00  3.4254365E-01  3.2651493E-01  2.8743332E-01  3.9081607E-02 -4.2893006E-04  1.9719775E-03 -2.4009076E-03
    4602  2.0433657E+03  1.3465401E+00  1.0039774E+00  3.4256270E-01  3.2657783E-01  2.8730565E-01  3.9272180E-02 -3.8868558E-04  1.9745480E-03 -2.3632336E-03
    4603  2.0433751E+03  1.3466746E+00  1.0040933E+00  3.4258131E-01  3.2660719E-01  2.8714173E-01  3.9465463E-02 -3.4877122E-04  1.9765241E-03 -2.3252954E-03
    4604  2.0433846E+03  1.3468074E+00  1.0042076E+00  3.4259981E-01  3.2662263E-01  2.8697546E-01  3.9647175E-02 -3.0847409E-04  1.9785135E-03 -2.2869876E-03
    4605  2.0433940E+03  1.3469419E+00  1.0043238E+00  3.4261815E-01  3.2660513E-01  2.8677577E-01  3.9829355E-02 -2.6853681E-04  1.9799648E-03 -2.2485016E-03
    4606  2.0434034E+03  1.3470697E+00  1.0044330E+00  3.4263668E-01  3.2651649E-01  2.8651101E-01  4.0005483E-02 -2.2691967E-04  1.9828124E-03 -2.2097320E-03
    4607  2.0434128E+03  1.3472041E+00  1.0045495E+00  3.4265460E-01  3.2647236E-01  2.8629266E-01  4.0179699E-02 -1.8696545E-04  1.9837507E-03 -2.1707161E-03
    4608  2.0434223E+03  1.3473240E+00  1.0046508E+00  3.4267319E-01  3.2630335E-01  2.8595433E-01  4.0349014E-02 -1.4569952E-04  1.9857564E-03 -2.1314560E-03
    4609  2.0434317E+03  1.3474498E+00  1.0047589E+00  3.4269095E-01  3.2621278E-01  2.8569666E-01  4.0516119E-02 -1.0286055E-04  1.9890440E-03 -2.0919046E-03
    4610  2.0434411E+03  1.3475672E+00  1.0048582E+00  3.4270907E-01  3.2596747E-01  2.8529238E-01  4.0675090E-02 -6.2881380E-05  1.9892602E-03 -2.0521416E-03
    4611  2.0434505E+03  1.3476906E+00  1.0049638E+00  3.4272686E-01  3.2580137E-01  2.8496712E-01  4.0834251E-02 -1.9641481E-05  1.9925137E-03 -2.0121552E-03
    4612  2.0434600E+03  1.3477991E+00  1.0050548E+00  3.4274424E-01  3.2551531E-01  2.8452742E-01  4.0987892E-02  2.2292232E-05  1.9941909E-03 -1.9718987E-03
    4613  2.0434694E+03  1.3479168E+00  1.0051548E+00  3.4276202E-01  3.2528491E-01  2.8414655E-01  4.1138359E-02  6.4699836E-05  1.9961063E-03 -1.9314065E-03
    4614  2.0434788E+03  1.3480242E+00  1.0052450E+00  3.4277918E-01  3.2494064E-01  2.8365876E-01  4.1281876E-02  1.0751919E-04  1.9982418E-03 -1.8907226E-03
    4615  2.0434882E+03  1.3481302E+00  1.0053338E+00  3.4279642E-01  3.2461169E-01  2.8318650E-01  4.1425195E-02  1.5013482E-04  1.9999299E-03 -1.8497951E-03
    4616  2.0434977E+03  1.3482309E+00  1.0054174E+00  3.4281351E-01  3.2423649E-01  2.8267397E-01  4.1562517E-02  1.9322148E-04  2.0018659E-03 -1.8086444E-03
    4617  2.0435071E+03  1.3483368E+00  1.0055066E+00  3.4283021E-01  3.2384110E-01  2.8214528E-01  4.1695815E-02  2.3662396E-04  2.0039317E-03 -1.7673078E-03
    4618  2.0435165E+03  1.3484328E+00  1.0055857E+00  3.4284718E-01  3.2340122E-01  2.8157522E-01  4.1826004E-02  2.7903636E-04  2.0047758E-03 -1.7257394E-03
    4619  2.0435259E+03  1.3485275E+00  1.0056642E+00  3.4286333E-01  3.2294137E-01  2.8098978E-01  4.1951596E-02  3.2410175E-04  2.0080539E-03 -1.6839522E-03
    4620  2.0435353E+03  1.3486198E+00  1.0057399E+00  3.4287986E-01  3.2244389E-01  2.8037030E-01  4.2073598E-02  3.6749467E-04  2.0094812E-03 -1.6419865E-03
    4621  2.0435448E+03  1.3487095E+00  1.0058134E+00  3.4289607E-01  3.2192602E-01  2.7973401E-01  4.2192006E-02  4.1070354E-04  2.0105021E-03 -1.5997985E-03
    4622  2.0435542E+03  1.3487934E+00  1.0058817E+00  3.4291172E-01  3.2135834E-01  2.7905450E-01  4.2303839E-02  4.5658216E-04  2.0139989E-03 -1.5574167E-03
    4623  2.0435636E+03  1.3488765E+00  1.0059489E+00  3.4292763E-01  3.2076946E-01  2.7835451E-01  4.2414950E-02  5.0002962E-04  2.0148869E-03 -1.5148573E-03
    4624  2.0435730E+03  1.3489562E+00  1.0060130E+00  3.4294321E-01  3.2015575E-01  2.7763527E-01  4.2520479E-02  5.4560086E-04  2.0176922E-03 -1.4720914E-03
    4625  2.0435825E+03  1.3490305E+00  1.0060723E+00  3.4295821E-01  3.1949966E-01  2.7687852E-01  4.2621144E-02  5.8948074E-04  2.0186327E-03 -1.4291519E-03
    4626  2.0435919E+03  1.3491068E+00  1.0061334E+00  3.4297332E-01  3.1882756E-01  2.7611097E-01  4.2716584E-02  6.3558467E-04  2.0216071E-03 -1.3860225E-03
    4627  2.0436013E+03  1.3491722E+00  1.0061843E+00  3.4298790E-01  3.1810917E-01  2.7529842E-01  4.2810756E-02  6.7952942E-04  2.0222900E-03 -1.3427606E-03
    4628  2.0436107E+03  1.3492424E+00  1.0062395E+00  3.4300284E-01  3.1737063E-01  2.7447127E-01  4.2899360E-02  7.2463685E-04  2.0239371E-03 -1.2993003E-03
    4629  2.0436202E+03  1.3493063E+00  1.0062894E+00  3.4301693E-01  3.1660487E-01  2.7362125E-01  4.2983619E-02  7.6924685E-04  2.0249450E-03 -1.2556982E-03
    4630  2.0436296E+03  1.3493638E+00  1.0063328E+00  3.4303096E-01  3.1579715E-01  2.7273276E-01  4.3064393E-02  8.1493650E-04  2.0268724E-03 -1.2119359E-03
    4631  2.0436390E+03  1.3494200E+00  1.0063750E+00  3.4304500E-01  3.1496412E-01  2.7182370E-01  4.3140419E-02  8.6031675E-04  2.0283379E-03 -1.1680212E-03
    4632  2.0436484E+03  1.3494736E+00  1.0064154E+00  3.4305811E-01  3.1410171E-01  2.7088958E-01  4.3212131E-02  9.0506318E-04  2.0290300E-03 -1.1239669E-03
    4633  2.0436578E+03  1.3495244E+00  1.0064523E+00  3.4307211E-01  3.1319457E-01  2.6991117E-01  4.3283397E-02  9.5320509E-04  2.0329544E-03 -1.0797493E-03
    4634  2.0436673E+03  1.3495726E+00  1.0064875E+00  3.4308502E-01  3.1231852E-01  2.6897119E-01  4.3347330E-02  9.9929000E-04  2.0346033E-03 -1.0353133E-03
    4635  2.0436767E+03  1.3496080E+00  1.0065102E+00  3.4309781E-01  3.1129830E-01  2.6789160E-01  4.3406699E-02  1.0461967E-03  2.0370170E-03 -9.9082028E-04
    4636  2.0436861E+03  1.3496583E+00  1.0065477E+00  3.4311058E-01  3.1040023E-01  2.6693614E-01  4.3464086E-02  1.0923688E-03  2.0385011E-03 -9.4613231E-04
    4637  2.0436955E+03  1.3496853E+00  1.0065637E+00  3.4312160E-01  3.0931707E-01  2.6580895E-01  4.3508125E-02  1.1376971E-03  2.0390639E-03 -9.0136680E-04
    4638  2.0437050E+03  1.3497233E+00  1.0065893E+00  3.4313400E-01  3.0831999E-01  2.6476181E-01  4.3558182E-02  1.1844433E-03  2.0410045E-03 -8.5656118E-04
    4639  2.0437144E+03  1.3497462E+00  1.0066007E+00  3.4314546E-01  3.0720758E-01  2.6360700E-01  4.3600574E-02  1.2310667E-03  2.0426081E-03 -8.1154139E-04
    4640  2.0437238E+03  1.3497826E+00  1.0066254E+00  3.4315721E-01  3.0616259E-01  2.6252213E-01  4.3640457E-02  1.2771628E-03  2.0435140E-03 -7.6635121E-04
    4641  2.0437332E+03  1.3497922E+00  1.0066249E+00  3.4316732E-01  3.0497090E-01  2.6129837E-01  4.3672532E-02  1.3254598E-03  2.0465874E-03 -7.2112760E-04
    4642  2.0437427E+03  1.3498164E+00  1.0066377E+00  3.4317872E-01  3.0384904E-01  2.6014402E-01  4.3705015E-02  1.3699687E-03  2.0457669E-03 -6.7579827E-04
    4643  2.0437521E+03  1.3498331E+00  1.0066446E+00  3.4318848E-01  3.0266557E-01  2.5893574E-01  4.3729830E-02  1.4184513E-03  2.0487983E-03 -6.3034698E-04
    4644  2.0437615E+03  1.3498408E+00  1.0066423E+00  3.4319853E-01  3.0143572E-01  2.5768310E-01  4.3752621E-02  1.4661012E-03  2.0508967E-03 -5.8479551E-04
    4645  2.0437709E+03  1.3498533E+00  1.0066441E+00  3.4320919E-01  3.0020802E-01  2.5643606E-01  4.3771961E-02  1.5122921E-03  2.0514067E-03 -5.3911464E-04
    4646  2.0437803E+03  1.3498489E+00  1.0066312E+00  3.4321777E-01  2.9888686E-01  2.5510294E-01  4.3783918E-02  1.5602695E-03  2.0536587E-03 -4.9338917E-04
    4647  2.0437898E+03  1.3498629E+00  1.0066356E+00  3.4322728E-01  2.9766310E-01  2.5386850E-01  4.3794595E-02  1.6064923E-03  2.0540457E-03 -4.4755337E-04
    4648  2.0437992E+03  1.3498536E+00  1.0066175E+00  3.4323610E-01  2.9628165E-01  2.5248422E-01  4.3797424E-02  1.6561954E-03  2.0578822E-03 -4.0168674E-04
    4649  2.0438086E+03  1.3498381E+00  1.0065940E+00  3.4324410E-01  2.9488693E-01  2.5108826E-01  4.3798666E-02  1.7023715E-03  2.0580467E-03 -3.5567523E-04
    4650  2.0438180E+03  1.3498479E+00  1.0065949E+00  3.4325297E-01  2.9360727E-01  2.4980884E-01  4.3798429E-02  1.7491997E-03  2.0588162E-03 -3.0961648E-04
    4651  2.0438275E+03  1.3498112E+00  1.0065522E+00  3.4325904E-01  2.9206450E-01  2.4828121E-01  4.3783287E-02  1.7968514E-03  2.0603884E-03 -2.6353696E-04
    4652  2.0438369E+03  1.3498188E+00  1.0065503E+00  3.4326850E-01  2.9074049E-01  2.4696068E-01  4.3779812E-02  1.8442180E-03  2.0615876E-03 -2.1736954E-04
    4653  2.0438463E+03  1.3497757E+00  1.0065021E+00  3.4327357E-01  2.8918535E-01  2.4542783E-01  4.3757519E-02  1.8922149E-03  2.0633160E-03 -1.7110108E-04
    4654  2.0438557E+03  1.3497718E+00  1.0064897E+00  3.4328208E-01  2.8774100E-01  2.4399973E-01  4.3741266E-02  1.9390856E-03  2.0639273E-03 -1.2484165E-04
    4655  2.0438652E+03  1.3497290E+00  1.0064418E+00  3.4328713E-01  2.8618496E-01  2.4246724E-01  4.3717719E-02  1.9881442E-03  2.0666204E-03 -7.8476158E-05
    4656  2.0438746E+03  1.3497079E+00  1.0064145E+00  3.4329344E-01  2.8465771E-01  2.4097073E-01  4.3686978E-02  2.0347588E-03  2.0668114E-03 -3.2052593E-05
    4657  2.0438840E+03  1.3496697E+00  1.0063696E+00  3.4330009E-01  2.8305138E-01  2.3939332E-01  4.3658054E-02  2.0827592E-03  2.0684136E-03  1.4345530E-05
    4658  2.0438934E+03  1.3496338E+00  1.0063295E+00  3.4330427E-01  2.8146761E-01  2.3784744E-01  4.3620172E-02  2.1306107E-03  2.0697593E-03  6.0851429E-05
    4659  2.0439029E+03  1.3495930E+00  1.0062827E+00  3.4331032E-01  2.7984477E-01  2.3626510E-01  4.3579674E-02  2.1788453E-03  2.0715494E-03  1.0729587E-04
    4660  2.0439123E+03  1.3495423E+00  1.0062276E+00  3.4331469E-01  2.7813699E-01  2.3460120E-01  4.3535787E-02  2.2255482E-03  2.0716824E-03  1.5386583E-04
    4661  2.0439217E+03  1.3494989E+00  1.0061813E+00  3.4331758E-01  2.7649532E-01  2.3301324E-01  4.3482071E-02  2.2749140E-03  2.0744581E-03  2.0045590E-04
    4662  2.0439311E+03  1.3494465E+00  1.0061235E+00  3.4332300E-01  2.7478130E-01  2.3134994E-01  4.3431362E-02  2.3223487E-03  2.0754404E-03  2.4690836E-04
    4663  2.0439405E+03  1.3493910E+00  1.0060656E+00  3.4332540E-01  2.7301740E-01  2.2964541E-01  4.3371993E-02  2.3687823E-03  2.0752204E-03  2.9356188E-04
    4664  2.0439500E+03  1.3493345E+00  1.0060068E+00  3.4332776E-01  2.7126846E-01  2.2796173E-01  4.3306729E-02  2.4180112E-03  2.0778735E-03  3.4013762E-04
    4665  2.0439594E+03  1.3492690E+00  1.0059372E+00  3.4333176E-01  2.6948094E-01  2.2623927E-01  4.3241666E-02  2.4655436E-03  2.0788527E-03  3.8669085E-04
    4666  2.0439688E+03  1.3492080E+00  1.0058738E+00  3.4333415E-01  2.6767200E-01  2.2449568E-01  4.3176328E-02  2.5130610E-03  2.0797908E-03  4.3327012E-04
    4667  2.0439782E+03  1.3491380E+00  1.0058025E+00  3.4333550E-01  2.6581276E-01  2.2271302E-01  4.3099737E-02  2.5601651E-03  2.0802412E-03  4.7992397E-04
    4668  2.0439877E+03  1.3490697E+00  1.0057319E+00  3.4333779E-01  2.6396132E-01  2.2094114E-01  4.3020177E-02  2.6078796E-03  2.0813741E-03  5.2650554E-04
    4669  2.0439971E+03  1.3489875E+00  1.0056492E+00  3.4333825E-01  2.6206235E-01  2.1912493E-01  4.2937414E-02  2.6567030E-03  2.0836516E-03  5.7305147E-04
    4670  2.0440065E+03  1.3489167E+00  1.0055774E+00  3.4333929E-01  2.6016039E-01  2.1730946E-01  4.2850935E-02  2.7023142E-03  2.0827270E-03  6.1958716E-04
    4671  2.0440159E+03  1.3488281E+00  1.0054882E+00  3.4333997E-01  2.5819118E-01  2.1543108E-01  4.2760104E-02  2.7503359E-03  2.0842599E-03  6.6607602E-04
    4672  2.0440254E+03  1.3487548E+00  1.0054149E+00  3.4333989E-01  2.5626385E-01  2.1359806E-01  4.2665785E-02  2.7972206E-03  2.0846248E-03  7.1259579E-04
    4673  2.0440348E+03  1.3486539E+00  1.0053141E+00  3.4333981E-01  2.5423563E-01  2.1166806E-01  4.2567572E-02  2.8462814E-03  2.0872352E-03  7.5904620E-04
    4674  2.0440442E+03  1.3485791E+00  1.0052397E+00  3.4333946E-01  2.5226485E-01  2.0980025E-01  4.2464598E-02  2.8922081E-03  2.0866933E-03  8.0551479E-04
    4675  2.0440536E+03  1.3484725E+00  1.0051350E+00  3.4333753E-01  2.5020739E-01  2.0785306E-01  4.2354322E-02  2.9414662E-03  2.0895903E-03  8.5187596E-04
    4676  2.0440630E+03  1.3483805E+00  1.0050439E+00  3.4333660E-01  2.4813223E-01  2.0588944E-01  4.2242792E-02  2.9879252E-03  2.0897557E-03  8.9816946E-04
    4677  2.0440725E+03  1.3482748E+00  1.0049402E+00  3.4333465E-01  2.4605169E-01  2.0392170E-01  4.2129985E-02  3.0355782E-03  2.0911088E-03  9.4446944E-04
    4678  2.0440819E+03  1.3481829E+00  1.0048497E+00  3.4333315E-01  2.4397354E-01  2.0196274E-01  4.2010803E-02  3.0831256E-03  2.0923312E-03  9.9079433E-04
    4679  2.0440913E+03  1.3480691E+00  1.0047394E+00  3.4332965E-01  2.4179582E-01  1.9991092E-01  4.1884907E-02  3.1297137E-03  2.0927359E-03  1.0369778E-03
    4680  2.0441007E+03  1.3479645E+00  1.0046375E+00  3.4332700E-01  2.3967530E-01  1.9791551E-01  4.1759798E-02  3.1770554E-03  2.0939638E-03  1.0830915E-03
    4681  2.0441102E+03  1.3478566E+00  1.0045323E+00  3.4332431E-01  2.3749090E-01  1.9586250E-01  4.1628396E-02  3.2225670E-03  2.0933936E-03  1.1291734E-03
    4682  2.0441196E+03  1.3477339E+00  1.0044142E+00  3.4331971E-01  2.3529004E-01  1.9379747E-01  4.1492572E-02  3.2703594E-03  2.0951778E-03  1.1751816E-03
    4683  2.0441290E+03  1.3476233E+00  1.0043062E+00  3.4331708E-01  2.3306443E-01  1.9170877E-01  4.1355658E-02  3.3175067E-03  2.0964058E-03  1.2211010E-03
    4684  2.0441384E+03  1.3475063E+00  1.0041939E+00  3.4331239E-01  2.3082955E-01  1.8961781E-01  4.1211742E-02  3.3612549E-03  2.0942904E-03  1.2669645E-03
    4685  2.0441479E+03  1.3473748E+00  1.0040680E+00  3.4330682E-01  2.2856203E-01  1.8749930E-01  4.1062724E-02  3.4103729E-03  2.0977006E-03  1.3126723E-03
    4686  2.0441573E+03  1.3472587E+00  1.0039563E+00  3.4330235E-01  2.2626030E-01  1.8534861E-01  4.0911685E-02  3.4548335E-03  2.0965152E-03  1.3583183E-03
    4687  2.0441667E+03  1.3471268E+00  1.0038298E+00  3.4329707E-01  2.2397916E-01  1.8322085E-01  4.0758314E-02  3.5028371E-03  2.0989241E-03  1.4039130E-03
    4688  2.0441761E+03  1.3470027E+00  1.0037119E+00  3.4329087E-01  2.2161470E-01  1.8101513E-01  4.0599574E-02  3.5470985E-03  2.0977014E-03  1.4493971E-03
    4689  2.0441855E+03  1.3468605E+00  1.0035758E+00  3.4328474E-01  2.1929207E-01  1.7885429E-01  4.0437782E-02  3.5966499E-03  2.1018327E-03  1.4948173E-03
    4690  2.0441950E+03  1.3467385E+00  1.0034599E+00  3.4327861E-01  2.1689672E-01  1.7662599E-01  4.0270723E-02  3.6414201E-03  2.1013055E-03  1.5401146E-03
    4691  2.0442044E+03  1.3465912E+00  1.0033197E+00  3.4327146E-01  2.1453909E-01  1.7443890E-01  4.0100190E-02  3.6848987E-03  2.0996108E-03  1.5852878E-03
    4692  2.0442138E+03  1.3464624E+00  1.0031980E+00  3.4326444E-01  2.1209166E-01  1.7216774E-01  3.9923920E-02  3.7322736E-03  2.1019708E-03  1.6303027E-03
    4693  2.0442232E+03  1.3463086E+00  1.0030522E+00  3.4325644E-01  2.0967117E-01  1.6992410E-01  3.9747067E-02  3.7780329E-03  2.1027913E-03  1.6752415E-03
    4694  2.0442327E+03  1.3461759E+00  1.0029271E+00  3.4324878E-01  2.0721879E-01  1.6765405E-01  3.9564744E-02  3.8231088E-03  2.1030487E-03  1.7200600E-03
    4695  2.0442421E+03  1.3460267E+00  1.0027864E+00  3.4324023E-01  2.0476223E-01  1.6538334E-01  3.9378896E-02  3.8678247E-03  2.1030710E-03  1.7647537E-03
    4696  2.0442515E+03  1.3458709E+00  1.0026387E+00  3.4323216E-01  2.0222082E-01  1.6303089E-01  3.9189933E-02  3.9134900E-03  2.1041609E-03  1.8093292E-03
    4697  2.0442609E+03  1.3457312E+00  1.0025081E+00  3.4322312E-01  1.9976281E-01  1.6076521E-01  3.8997602E-02  3.9594028E-03  2.1056120E-03  1.8537908E-03
    4698  2.0442704E+03  1.3455774E+00  1.0023633E+00  3.4321411E-01  1.9720959E-01  1.5840952E-01  3.8800074E-02  4.0018018E-03  2.1037588E-03  1.8980430E-03
    4699  2.0442798E+03  1.3454141E+00  1.0022098E+00  3.4320431E-01  1.9463729E-01  1.5603581E-01  3.8601487E-02  4.0481751E-03  2.1059250E-03  1.9422501E-03
    4700  2.0442892E+03  1.3452729E+00  1.0020784E+00  3.4319452E-01  1.9211065E-01  1.5371483E-01  3.8395821E-02  4.0917848E-03  2.1054765E-03  1.9863083E-03
    4701  2.0442986E+03  1.3451107E+00  1.0019263E+00  3.4318443E-01  1.8951563E-01  1.5132670E-01  3.8188936E-02  4.1370982E-03  2.1070138E-03  2.0300843E-03
    4702  2.0443080E+03  1.3449475E+00  1.0017741E+00  3.4317340E-01  1.8688957E-01  1.4891327E-01  3.7976299E-02  4.1794655E-03  2.1056426E-03  2.0738228E-03
    4703  2.0443175E+03  1.3447864E+00  1.0016235E+00  3.4316289E-01  1.8427010E-01  1.4651021E-01  3.7759888E-02  4.2242106E-03  2.1068433E-03  2.1173673E-03
    4704  2.0443269E+03  1.3446320E+00  1.0014797E+00  3.4315229E-01  1.8165912E-01  1.4411543E-01  3.7543692E-02  4.2690733E-03  2.1083587E-03  2.1607146E-03
    4705  2.0443363E+03  1.3444618E+00  1.0013222E+00  3.4313960E-01  1.7898241E-01  1.4166391E-01  3.7318499E-02  4.3099537E-03  2.1059881E-03  2.2039657E-03
    4706  2.0443457E+03  1.3442923E+00  1.0011638E+00  3.4312854E-01  1.7628623E-01  1.3919461E-01  3.7091617E-02  4.3546071E-03  2.1076285E-03  2.2469786E-03
    4707  2.0443552E+03  1.3441358E+00  1.0010188E+00  3.4311696E-01  1.7363747E-01  1.3677128E-01  3.6866186E-02  4.3983538E-03  2.1085085E-03  2.2898453E-03
    4708  2.0443646E+03  1.3439580E+00  1.0008544E+00  3.4310360E-01  1.7090798E-01  1.3427849E-01  3.6629490E-02  4.4404769E-03  2.1078969E-03  2.3325800E-03
    4709  2.0443740E+03  1.3437942E+00  1.0007022E+00  3.4309200E-01  1.6817153E-01  1.3177666E-01  3.6394867E-02  4.4838078E-03  2.1087457E-03  2.3750621E-03
    4710  2.0443834E+03  1.3436254E+00  1.0005466E+00  3.4307877E-01  1.6546393E-01  1.2930753E-01  3.6156396E-02  4.5261733E-03  2.1087606E-03  2.4174127E-03
    4711  2.0443929E+03  1.3434489E+00  1.0003833E+00  3.4306553E-01  1.6266615E-01  1.2675462E-01  3.5911523E-02  4.5690747E-03  2.1095006E-03  2.4595740E-03
    4712  2.0444023E+03  1.3432750E+00  1.0002231E+00  3.4305189E-01  1.5994083E-01  1.2427636E-01  3.5664468E-02  4.6104945E-03  2.1089809E-03  2.5015137E-03
    4713  2.0444117E+03  1.3431079E+00  1.0000693E+00  3.4303861E-01  1.5711874E-01  1.2170545E-01  3.5413290E-02  4.6521735E-03  2.1089457E-03  2.5432279E-03
    4714  2.0444211E+03  1.3429254E+00  9.9990122E-01  3.4302421E-01  1.5433390E-01  1.1917386E-01  3.5160042E-02  4.6943934E-03  2.1095964E-03  2.5847970E-03
    4715  2.0444306E+03  1.3427516E+00  9.9974101E-01  3.4301060E-01  1.5150799E-01  1.1660439E-01  3.4903594E-02  4.7363509E-03  2.1102075E-03  2.6261434E-03
    4716  2.0444400E+03  1.3425787E+00  9.9958267E-01  3.4299601E-01  1.4868060E-01  1.1403573E-01  3.4644869E-02  4.7774510E-03  2.1101415E-03  2.6673095E-03
    4717  2.0444494E+03  1.3423983E+00  9.9941759E-01  3.4298072E-01  1.4584401E-01  1.1146378E-01  3.4380228E-02  4.8176477E-03  2.1093857E-03  2.7082620E-03
    4718  2.0444588E+03  1.3422236E+00  9.9925694E-01  3.4296669E-01  1.4297089E-01  1.0885896E-01  3.4111928E-02  4.8584522E-03  2.1095211E-03  2.7489311E-03
    4719  2.0444682E+03  1.3420379E+00  9.9908718E-01  3.4295075E-01  1.4009828E-01  1.0625545E-01  3.3842833E-02  4.8992768E-03  2.1099044E-03  2.7893724E-03
    4720  2.0444777E+03  1.3418650E+00  9.9892885E-01  3.4293614E-01  1.3721935E-01  1.0365004E-01  3.3569314E-02  4.9382871E-03  2.1086197E-03  2.8296674E-03
    4721  2.0444871E+03  1.3416797E+00  9.9875962E-01  3.4292012E-01  1.3431266E-01  1.0102061E-01  3.3292051E-02  4.9785345E-03  2.1088448E-03  2.8696896E-03
    4722  2.0444965E+03  1.3415084E+00  9.9860401E-01  3.4290442E-01  1.3140496E-01  9.8391455E-02  3.3013505E-02  5.0183199E-03  2.1088354E-03  2.9094845E-03
    4723  2.0445059E+03  1.3413184E+00  9.9843043E-01  3.4288795E-01  1.2846948E-01  9.5740101E-02  3.2729378E-02  5.0570713E-03  2.1080097E-03  2.9490616E-03
    4724  2.0445154E+03  1.3411444E+00  9.9827231E-01  3.4287209E-01  1.2553882E-01  9.3095434E-02  3.2443384E-02  5.0982329E-03  2.1098674E-03  2.9883655E-03
    4725  2.0445248E+03  1.3409601E+00  9.9810465E-01  3.4285540E-01  1.2258712E-01  9.0432825E-02  3.2154296E-02  5.1371860E-03  2.1097129E-03  3.0274731E-03
    4726  2.0445342E+03  1.3407815E+00  9.9794257E-01  3.4283888E-01  1.1962439E-01  8.7763844E-02  3.1860545E-02  5.1745300E-03  2.1082126E-03  3.0663174E-03
    4727  2.0445436E+03  1.3405989E+00  9.9777680E-01  3.4282215E-01  1.1664955E-01  8.5084209E-02  3.1565345E-02  5.2136072E-03  2.1087333E-03  3.1048739E-03
    4728  2.0445531E+03  1.3404172E+00  9.9761192E-01  3.4280531E-01  1.1366719E-01  8.2398113E-02  3.1269075E-02  5.2528862E-03  2.1096698E-03  3.1432164E-03
    4729  2.0445625E+03  1.3402373E+00  9.9744975E-01  3.4278751E-01  1.1066913E-01  7.9704039E-02  3.0965093E-02  5.2908498E-03  2.1095157E-03  3.1813341E-03
    4730  2.0445719E+03  1.3400571E+00  9.9728583E-01  3.4277124E-01  1.0765987E-01  7.6998479E-02  3.0661392E-02  5.3271188E-03  2.1079862E-03  3.2191326E-03
    4731  2.0445813E+03  1.3398742E+00  9.9712155E-01  3.4275265E-01  1.0464399E-01  7.4290115E-02  3.0353878E-02  5.3646825E-03  2.1080029E-03  3.2566796E-03
    4732  2.0445907E+03  1.3396970E+00  9.9696106E-01  3.4273592E-01  1.0161361E-01  7.1570149E-02  3.0043465E-02  5.4013147E-03  2.1073378E-03  3.2939769E-03
    4733  2.0446002E+03  1.3395143E+00  9.9679657E-01  3.4271771E-01  9.8579011E-02  6.8848639E-02  2.9730373E-02  5.4374543E-03  2.1064630E-03  3.3309912E-03
    4734  2.0446096E+03  1.3393377E+00  9.9663757E-01  3.4270009E-01  9.5530708E-02  6.6116350E-02  2.9414358E-02  5.4741026E-03  2.1063769E-03  3.3677256E-03
    4735  2.0446190E+03  1.3391541E+00  9.9647197E-01  3.4268212E-01  9.2462469E-02  6.3365656E-02  2.9096813E-02  5.5104132E-03  2.1062291E-03  3.4041840E-03
    4736  2.0446284E+03  1.3389809E+00  9.9631690E-01  3.4266399E-01  8.9420627E-02  6.0644848E-02  2.8775780E-02  5.5465748E-03  2.1061588E-03  3.4404160E-03
    4737  2.0446379E+03  1.3387998E+00  9.9615435E-01  3.4264543E-01  8.6329306E-02  5.7880529E-02  2.8448777E-02  5.5818566E-03  2.1055559E-03  3.4763007E-03
    4738  2.0446473E+03  1.3386205E+00  9.9599329E-01  3.4262717E-01  8.3245299E-02  5.5122786E-02  2.8122513E-02  5.6158915E-03  2.1040342E-03  3.5118574E-03
    4739  2.0446567E+03  1.3384531E+00  9.9584379E-01  3.4260932E-01  8.0157079E-02  5.2362391E-02  2.7794688E-02  5.6530951E-03  2.1058920E-03  3.5472031E-03
    4740  2.0446661E+03  1.3382681E+00  9.9567830E-01  3.4258976E-01  7.7062133E-02  4.9602052E-02  2.7460081E-02  5.6864909E-03  2.1042107E-03  3.5822802E-03
    4741  2.0446756E+03  1.3381011E+00  9.9552890E-01  3.4257224E-01  7.3946171E-02  4.6820263E-02  2.7125908E-02  5.7204399E-03  2.1035008E-03  3.6169392E-03
    4742  2.0446850E+03  1.3379204E+00  9.9536777E-01  3.4255266E-01  7.0840677E-02  4.4052727E-02  2.6787951E-02  5.7545465E-03  2.1031457E-03  3.6514008E-03
    4743  2.0446944E+03  1.3377485E+00  9.9521494E-01  3.4253361E-01  6.7708605E-02  4.1262416E-02  2.6446189E-02  5.7891551E-03  2.1036161E-03  3.6855390E-03
    4744  2.0447038E+03  1.3375838E+00  9.9506769E-01  3.4251607E-01  6.4589659E-02  3.8482814E-02  2.6106845E-02  5.8207856E-03  2.1014294E-03  3.7193562E-03
    4745  2.0447132E+03  1.3374098E+00  9.9491377E-01  3.4249603E-01  6.1452491E-02  3.5695802E-02  2.5756689E-02  5.8546762E-03  2.1017978E-03  3.7528784E-03
    4746  2.0447227E+03  1.3372396E+00  9.9476224E-01  3.4247734E-01  5.8311285E-02  3.2898478E-02  2.5412807E-02  5.8869976E-03  2.1009930E-03  3.7860046E-03
    4747  2.0447321E+03  1.3370709E+00  9.9461283E-01  3.4245807E-01  5.5155541E-02  3.0092206E-02  2.5063335E-02  5.9209649E-03  2.1020068E-03  3.8189580E-03
    4748  2.0447415E+03  1.3369067E+00  9.9446720E-01  3.4243954E-01  5.2017878E-02  2.7310730E-02  2.4707148E-02  5.9510113E-03  2.0994470E-03  3.8515644E-03
    4749  2.0447509E+03  1.3367449E+00  9.9432426E-01  3.4242064E-01  4.8851621E-02  2.4499630E-02  2.4351991E-02  5.9829158E-03  2.0992191E-03  3.8836968E-03
    4750  2.0447604E+03  1.3365770E+00  9.9417613E-01  3.4240084E-01  4.5686168E-02  2.1689183E-02  2.3996986E-02  6.0139592E-03  2.0983588E-03  3.9156004E-03
    4751  2.0447698E+03  1.3364187E+00  9.9403630E-01  3.4238239E-01  4.2528486E-02  1.8891488E-02  2.3636998E-02  6.0446826E-03  2.0974287E-03  3.9472539E-03
    4752  2.0447792E+03  1.3362527E+00  9.9388982E-01  3.4236283E-01  3.9349200E-02  1.6077542E-02  2.3271658E-02  6.0754529E-03  2.0969714E-03  3.9784814E-03
    4753  2.0447886E+03  1.3361011E+00  9.9375690E-01  3.4234420E-01  3.6167830E-02  1.3259346E-02  2.2908484E-02  6.1044292E-03  2.0951201E-03  4.0093091E-03
    4754  2.0447981E+03  1.3359424E+00  9.9361758E-01  3.4232478E-01  3.3001259E-02  1.0457081E-02  2.2544178E-02  6.1358045E-03  2.0958754E-03  4.0399291E-03
    4755  2.0448075E+03  1.3357831E+00  9.9347754E-01  3.4230555E-01  2.9807706E-02  7.6348679E-03  2.2172838E-02  6.1648348E-03  2.0946315E-03  4.0702032E-03
    4756  2.0448169E+03  1.3356366E+00  9.9334988E-01  3.4228668E-01  2.6628259E-02  4.8261653E-03  2.1802094E-02  6.1941527E-03  2.0941388E-03  4.1000139E-03
    4757  2.0448263E+03  1.3354805E+00  9.9321272E-01  3.4226781E-01  2.3426374E-02  1.9956562E-03  2.1430718E-02  6.2226883E-03  2.0930968E-03  4.1295915E-03
    4758  2.0448358E+03  1.3353336E+00  9.9308479E-01  3.4224886E-01  2.0248249E-02 -8.0620158E-04  2.1054450E-02  6.2504293E-03  2.0916013E-03  4.1588280E-03
    4759  2.0448452E+03  1.3351872E+00  9.9295770E-01  3.4222955E-01  1.7047333E-02 -3.6298653E-03  2.0677199E-02  6.2800317E-03  2.0924035E-03  4.1876282E-03
    4760  2.0448546E+03  1.3350426E+00  9.9283155E-01  3.4221104E-01  1.3851563E-02 -6.4469034E-03  2.0298466E-02  6.3060861E-03  2.0899498E-03  4.2161363E-03
    4761  2.0448640E+03  1.3349003E+00  9.9270815E-01  3.4219214E-01  1.0649259E-02 -9.2681056E-03  1.9917364E-02  6.3347302E-03  2.0904713E-03  4.2442589E-03
    4762  2.0448734E+03  1.3347551E+00  9.9258203E-01  3.4217307E-01  7.4554973E-03 -1.2077510E-02  1.9533007E-02  6.3605050E-03  2.0884744E-03  4.2720305E-03
    4763  2.0448829E+03  1.3346195E+00  9.9246464E-01  3.4215482E-01  4.2532902E-03 -1.4896509E-02  1.9149799E-02  6.3867890E-03  2.0873489E-03  4.2994401E-03
    4764  2.0448923E+03  1.3344865E+00  9.9235042E-01  3.4213613E-01  1.0427616E-03 -1.7718938E-02  1.8761699E-02  6.4134123E-03  2.0869317E-03  4.3264806E-03
    4765  2.0449017E+03  1.3343545E+00  9.9223685E-01  3.4211763E-01 -2.1433688E-03 -2.0518165E-02  1.8374796E-02  6.4387210E-03  2.0855598E-03  4.3531612E-03
    4766  2.0449111E+03  1.3342167E+00  9.9211757E-01  3.4209917E-01 -5.3530995E-03 -2.3337624E-02  1.7984524E-02  6.4649751E-03  2.0854955E-03  4.3794797E-03
    4767  2.0449206E+03  1.3340910E+00  9.9201018E-01  3.4208086E-01 -8.5500509E-03 -2.6141212E-02  1.7591162E-02  6.4880889E-03  2.0826843E-03  4.4054046E-03
    4768  2.0449300E+03  1.3339635E+00  9.9190099E-01  3.4206255E-01 -1.1759323E-02 -2.8956572E-02  1.7197249E-02  6.5142650E-03  2.0833247E-03  4.4309403E-03
    4769  2.0449394E+03  1.3338459E+00  9.9180056E-01  3.4204531E-01 -1.4953949E-02 -3.1756880E-02  1.6802931E-02  6.5378469E-03  2.0817172E-03  4.4561297E-03
    4770  2.0449488E+03  1.3337187E+00  9.9169275E-01  3.4202599E-01 -1.8157571E-02 -3.4562378E-02  1.6404806E-02  6.5603311E-03  2.0793938E-03  4.4809373E-03
    4771  2.0449583E+03  1.3336045E+00  9.9159539E-01  3.4200907E-01 -2.1354956E-02 -3.7361784E-02  1.6006828E-02  6.5848651E-03  2.0795286E-03  4.5053365E-03
    4772  2.0449677E+03  1.3334847E+00  9.9149365E-01  3.4199103E-01 -2.4552586E-02 -4.0159322E-02  1.5606736E-02  6.6068421E-03  2.0774572E-03  4.5293849E-03
    4773  2.0449771E+03  1.3333783E+00  9.9140432E-01  3.4197400E-01 -2.7740552E-02 -4.2944029E-02  1.5203477E-02  6.6302872E-03  2.0772630E-03  4.5530243E-03
    4774  2.0449865E+03  1.3332606E+00  9.9130438E-01  3.4195627E-01 -3.0941732E-02 -4.5741276E-02  1.4799544E-02  6.6522936E-03  2.0760676E-03  4.5762260E-03
    4775  2.0449959E+03  1.3331604E+00  9.9122143E-01  3.4193901E-01 -3.4127864E-02 -4.8523818E-02  1.4395954E-02  6.6728760E-03  2.0738045E-03  4.5990715E-03
    4776  2.0450054E+03  1.3330536E+00  9.9113146E-01  3.4192219E-01 -3.7315016E-02 -5.1304634E-02  1.3989618E-02  6.6946368E-03  2.0730715E-03  4.6215653E-03
    4777  2.0450148E+03  1.3329528E+00  9.9104747E-01  3.4190536E-01 -4.0502928E-02 -5.4084811E-02  1.3581884E-02  6.7162656E-03  2.0726429E-03  4.6436228E-03
    4778  2.0450242E+03  1.3328578E+00  9.9096944E-01  3.4188836E-01 -4.3665306E-02 -5.6839270E-02  1.3173964E-02  6.7363415E-03  2.0710457E-03  4.6652957E-03
    4779  2.0450336E+03  1.3327517E+00  9.9088038E-01  3.4187131E-01 -4.6866278E-02 -5.9629469E-02  1.2763190E-02  6.7573595E-03  2.0707759E-03  4.6865836E-03
    4780  2.0450431E+03  1.3326732E+00  9.9081685E-01  3.4185633E-01 -5.0016935E-02 -6.2367540E-02  1.2350606E-02  6.7752847E-03  2.0678599E-03  4.7074248E-03
    4781  2.0450525E+03  1.3325759E+00  9.9073651E-01  3.4183934E-01 -5.3203081E-02 -6.5141195E-02  1.1938114E-02  6.7954877E-03  2.0676328E-03  4.7278548E-03
    4782  2.0450619E+03  1.3324926E+00  9.9066902E-01  3.4182356E-01 -5.6352676E-02 -6.7878377E-02  1.1525701E-02  6.8140338E-03  2.0660925E-03  4.7479413E-03
    4783  2.0450713E+03  1.3324108E+00  9.9060282E-01  3.4180795E-01 -5.9514980E-02 -7.0623018E-02  1.1108038E-02  6.8321090E-03  2.0645127E-03  4.7675963E-03
    4784  2.0450808E+03  1.3323264E+00  9.9053368E-01  3.4179272E-01 -6.2669940E-02 -7.3363227E-02  1.0693286E-02  6.8508207E-03  2.0640342E-03  4.7867865E-03
    4785  2.0450902E+03  1.3322555E+00  9.9047878E-01  3.4177669E-01 -6.5813557E-02 -7.6090569E-02  1.0277012E-02  6.8666452E-03  2.0610309E-03  4.8056143E-03
    4786  2.0450996E+03  1.3321800E+00  9.9041768E-01  3.4176228E-01 -6.8955479E-02 -7.8813673E-02  9.8581936E-03  6.8841578E-03  2.0601154E-03  4.8240424E-03
    4787  2.0451090E+03  1.3321149E+00  9.9036821E-01  3.4174665E-01 -7.2086600E-02 -8.1525485E-02  9.4388847E-03  6.8998733E-03  2.0578630E-03  4.8420103E-03
    4788  2.0451184E+03  1.3320405E+00  9.9030751E-01  3.4173303E-01 -7.5218273E-02 -8.4236993E-02  9.0187194E-03  6.9159221E-03  2.0563664E-03  4.8595557E-03
    4789  2.0451279E+03  1.3319786E+00  9.9026115E-01  3.4171747E-01 -7.8337848E-02 -8.6935549E-02  8.5977010E-03  6.9316732E-03  2.0550104E-03  4.8766629E-03
    4790  2.0451373E+03  1.3319249E+00  9.9022029E-01  3.4170462E-01 -8.1451845E-02 -8.9628031E-02  8.1761854E-03  6.9473579E-03  2.0539752E-03  4.8933827E-03
    4791  2.0451467E+03  1.3318604E+00  9.9017036E-01  3.4169008E-01 -8.4562919E-02 -9.2315843E-02  7.7529232E-03  6.9628959E-03  2.0532317E-03  4.9096642E-03
    4792  2.0451561E+03  1.3318165E+00  9.9013983E-01  3.4167671E-01 -8.7651360E-02 -9.4980994E-02  7.3296340E-03  6.9785801E-03  2.0530334E-03  4.9255467E-03
    4793  2.0451656E+03  1.3317554E+00  9.9009219E-01  3.4166325E-01 -9.0751430E-02 -9.7656877E-02  6.9054468E-03  6.9921302E-03  2.0511233E-03  4.9410069E-03
    4794  2.0451750E+03  1.3317186E+00  9.9006760E-01  3.4165105E-01 -9.3827477E-02 -1.0030785E-01  6.4803766E-03  7.0037839E-03  2.0477653E-03  4.9560186E-03
    4795  2.0451844E+03  1.3316710E+00  9.9003289E-01  3.4163807E-01 -9.6900596E-02 -1.0295509E-01  6.0544957E-03  7.0178614E-03  2.0472774E-03  4.9705840E-03
    4796  2.0451938E+03  1.3316337E+00  9.9000808E-01  3.4162563E-01 -9.9974708E-02 -1.0560288E-01  5.6281767E-03  7.0297011E-03  2.0449733E-03  4.9847278E-03
    4797  2.0452033E+03  1.3316016E+00  9.8998851E-01  3.4161313E-01 -1.0300403E-01 -1.0820655E-01  5.2025260E-03  7.0421485E-03  2.0437002E-03  4.9984483E-03
    4798  2.0452127E+03  1.3315566E+00  9.8995544E-01  3.4160112E-01 -1.0608359E-01 -1.1085740E-01  4.7738068E-03  7.0538375E-03  2.0421180E-03  5.0117195E-03
    4799  2.0452221E+03  1.3315416E+00  9.8995148E-01  3.4159017E-01 -1.0909714E-01 -1.1344515E-01  4.3480099E-03  7.0640185E-03  2.0394720E-03  5.0245464E-03
    4800  2.0452315E+03  1.3315141E+00  9.8993546E-01  3.4157862E-01 -1.1212169E-01 -1.1603992E-01  3.9182369E-03  7.0773740E-03  2.0404169E-03  5.0369571E-03
    4801  2.0452410E+03  1.3314822E+00  9.8991491E-01  3.4156732E-01 -1.1513968E-01 -1.1862910E-01  3.4894240E-03  7.0842480E-03  2.0353304E-03  5.0489176E-03
    4802  2.0452504E+03  1.3314735E+00  9.8991567E-01  3.4155781E-01 -1.1815399E-01 -1.2121530E-01  3.0613105E-03  7.0970155E-03  2.0365894E-03  5.0604261E-03
    4803  2.0452598E+03  1.3314568E+00  9.8991105E-01  3.4154575E-01 -1.2112819E-01 -1.2375886E-01  2.6306667E-03  7.1058939E-03  2.0343633E-03  5.0715307E-03
    4804  2.0452692E+03  1.3314473E+00  9.8990964E-01  3.4153771E-01 -1.2411114E-01 -1.2631173E-01  2.2005989E-03  7.1144545E-03  2.0323135E-03  5.0821410E-03
    4805  2.0452786E+03  1.3314371E+00  9.8990992E-01  3.4152722E-01 -1.2709095E-01 -1.2886359E-01  1.7726405E-03  7.1210405E-03  2.0287258E-03  5.0923147E-03
    4806  2.0452881E+03  1.3314356E+00  9.8991929E-01  3.4151627E-01 -1.3003463E-01 -1.3137770E-01  1.3430673E-03  7.1340325E-03  2.0319336E-03  5.1020989E-03
    4807  2.0452975E+03  1.3314306E+00  9.8992304E-01  3.4150758E-01 -1.3299742E-01 -1.3390849E-01  9.1106775E-04  7.1370394E-03  2.0256331E-03  5.1114063E-03
    4808  2.0453069E+03  1.3314376E+00  9.8993827E-01  3.4149932E-01 -1.3591317E-01 -1.3639456E-01  4.8138557E-04  7.1465034E-03  2.0262917E-03  5.1202117E-03
    4809  2.0453163E+03  1.3314400E+00  9.8994954E-01  3.4149043E-01 -1.3884052E-01 -1.3889203E-01  5.1514896E-05  7.1510244E-03  2.0224212E-03  5.1286032E-03
    4810  2.0453258E+03  1.3314545E+00  9.8997195E-01  3.4148253E-01 -1.4174124E-01 -1.4136121E-01 -3.8003170E-04  7.1598498E-03  2.0232872E-03  5.1365626E-03
    4811  2.0453352E+03  1.3314682E+00  9.8999267E-01  3.4147554E-01 -1.4464629E-01 -1.4383614E-01 -8.1014772E-04  7.1623686E-03  2.0183177E-03  5.1440509E-03
    4812  2.0453446E+03  1.3314815E+00  9.9001412E-01  3.4146740E-01 -1.4751105E-01 -1.4627161E-01 -1.2394403E-03  7.1698086E-03  2.0186954E-03  5.1511132E-03
    4813  2.0453540E+03  1.3315050E+00  9.9004408E-01  3.4146093E-01 -1.5038542E-01 -1.4871442E-01 -1.6709963E-03  7.1743699E-03  2.0166447E-03  5.1577252E-03
    4814  2.0453635E+03  1.3315316E+00  9.9007708E-01  3.4145453E-01 -1.5322451E-01 -1.5112366E-01 -2.1008439E-03  7.1784276E-03  2.0145871E-03  5.1638406E-03
    4815  2.0453729E+03  1.3315563E+00  9.9010859E-01  3.4144771E-01 -1.5607126E-01 -1.5353994E-01 -2.5313255E-03  7.1826566E-03  2.0131441E-03  5.1695125E-03
    4816  2.0453823E+03  1.3315841E+00  9.9014212E-01  3.4144202E-01 -1.5889780E-01 -1.5593694E-01 -2.9608560E-03  7.1845394E-03  2.0097928E-03  5.1747467E-03
    4817  2.0453917E+03  1.3316290E+00  9.9019249E-01  3.4143653E-01 -1.6167356E-01 -1.5828365E-01 -3.3899068E-03  7.1879633E-03  2.0084480E-03  5.1795152E-03
    4818  2.0454011E+03  1.3316591E+00  9.9022849E-01  3.4143057E-01 -1.6449645E-01 -1.6067584E-01 -3.8206135E-03  7.1914944E-03  2.0076755E-03  5.1838189E-03
    4819  2.0454106E+03  1.3317017E+00  9.9027559E-01  3.4142610E-01 -1.6726039E-01 -1.6301224E-01 -4.2481545E-03  7.1941716E-03  2.0064772E-03  5.1876944E-03
    4820  2.0454200E+03  1.3317535E+00  9.9033240E-01  3.4142107E-01 -1.6999939E-01 -1.6532271E-01 -4.6766820E-03  7.1920503E-03  2.0009650E-03  5.1910853E-03
    4821  2.0454294E+03  1.3317956E+00  9.9037842E-01  3.4141719E-01 -1.7277420E-01 -1.6766795E-01 -5.1062424E-03  7.1954377E-03  2.0013995E-03  5.1940382E-03
    4822  2.0454388E+03  1.3318500E+00  9.9043668E-01  3.4141334E-01 -1.7548165E-01 -1.6994999E-01 -5.5316635E-03  7.1981190E-03  2.0015908E-03  5.1965282E-03
    4823  2.0454483E+03  1.3319073E+00  9.9049722E-01  3.4141012E-01 -1.7818418E-01 -1.7222446E-01 -5.9597221E-03  7.1943527E-03  1.9957932E-03  5.1985595E-03
    4824  2.0454577E+03  1.3319597E+00  9.9055321E-01  3.4140646E-01 -1.8088624E-01 -1.7449967E-01 -6.3865728E-03  7.1951916E-03  1.9950550E-03  5.2001366E-03
    4825  2.0454671E+03  1.3320270E+00  9.9062230E-01  3.4140467E-01 -1.8356244E-01 -1.7675020E-01 -6.8122353E-03  7.1977619E-03  1.9965316E-03  5.2012303E-03
    4826  2.0454765E+03  1.3320977E+00  9.9069574E-01  3.4140195E-01 -1.8620389E-01 -1.7896693E-01 -7.2369650E-03  7.1911111E-03  1.9892413E-03  5.2018698E-03
    4827  2.0454860E+03  1.3321553E+00  9.9075515E-01  3.4140020E-01 -1.8885501E-01 -1.8119320E-01 -7.6618135E-03  7.1922460E-03  1.9901611E-03  5.2020849E-03
    4828  2.0454954E+03  1.3322344E+00  9.9083608E-01  3.4139835E-01 -1.9146786E-01 -1.8338173E-01 -8.0861274E-03  7.1902844E-03  1.9884651E-03  5.2018193E-03
    4829  2.0455048E+03  1.3323092E+00  9.9091118E-01  3.4139799E-01 -1.9407487E-01 -1.8556483E-01 -8.5100310E-03  7.1853440E-03  1.9842662E-03  5.2010779E-03
    4830  2.0455142E+03  1.3323877E+00  9.9099120E-01  3.4139653E-01 -1.9665324E-01 -1.8772221E-01 -8.9310251E-03  7.1852274E-03  1.9853316E-03  5.1998958E-03
    4831  2.0455236E+03  1.3324696E+00  9.9107327E-01  3.4139631E-01 -1.9922088E-01 -1.8986771E-01 -9.3531724E-03  7.1798498E-03  1.9815895E-03  5.1982604E-03
    4832  2.0455331E+03  1.3325496E+00  9.9115396E-01  3.4139565E-01 -2.0176827E-01 -1.9199464E-01 -9.7736238E-03  7.1765638E-03  1.9804067E-03  5.1961571E-03
    4833  2.0455425E+03  1.3326459E+00  9.9124929E-01  3.4139659E-01 -2.0427221E-01 -1.9407937E-01 -1.0192841E-02  7.1710045E-03  1.9774242E-03  5.1935803E-03
    4834  2.0455519E+03  1.3327320E+00  9.9133516E-01  3.4139683E-01 -2.0680436E-01 -1.9619154E-01 -1.0612818E-02  7.1649360E-03  1.9743976E-03  5.1905384E-03
    4835  2.0455613E+03  1.3328267E+00  9.9142862E-01  3.4139808E-01 -2.0927409E-01 -1.9824497E-01 -1.1029113E-02  7.1603662E-03  1.9733265E-03  5.1870397E-03
    4836  2.0455708E+03  1.3329263E+00  9.9152660E-01  3.4139968E-01 -2.1175042E-01 -2.0030379E-01 -1.1446624E-02  7.1533880E-03  1.9703011E-03  5.1830869E-03
    4837  2.0455802E+03  1.3330247E+00  9.9162348E-01  3.4140121E-01 -2.1419365E-01 -2.0233126E-01 -1.1862386E-02  7.1478180E-03  1.9691618E-03  5.1786561E-03
    4838  2.0455896E+03  1.3331290E+00  9.9172559E-01  3.4140337E-01 -2.1659221E-01 -2.0431621E-01 -1.2276008E-02  7.1394237E-03  1.9656500E-03  5.1737736E-03
    4839  2.0455990E+03  1.3332299E+00  9.9182379E-01  3.4140616E-01 -2.1903007E-01 -2.0633971E-01 -1.2690359E-02  7.1331821E-03  1.9647278E-03  5.1684544E-03
    4840  2.0456085E+03  1.3333470E+00  9.9193751E-01  3.4140945E-01 -2.2138407E-01 -2.0828322E-01 -1.3100856E-02  7.1262920E-03  1.9636130E-03  5.1626790E-03
    4841  2.0456179E+03  1.3334534E+00  9.9204214E-01  3.4141130E-01 -2.2376703E-01 -2.1025351E-01 -1.3513522E-02  7.1179552E-03  1.9615285E-03  5.1564267E-03
    4842  2.0456273E+03  1.3335676E+00  9.9215180E-01  3.4141583E-01 -2.2609508E-01 -2.1217318E-01 -1.3921897E-02  7.1073244E-03  1.9576115E-03  5.1497129E-03
    4843  2.0456367E+03  1.3336850E+00  9.9226544E-01  3.4141959E-01 -2.2840984E-01 -2.1407868E-01 -1.4331166E-02  7.0993171E-03  1.9567544E-03  5.1425627E-03
    4844  2.0456461E+03  1.3338081E+00  9.9238387E-01  3.4142424E-01 -2.3069767E-01 -2.1596019E-01 -1.4737483E-02  7.0896736E-03  1.9547396E-03  5.1349339E-03
    4845  2.0456556E+03  1.3339288E+00  9.9250024E-01  3.4142855E-01 -2.3297981E-01 -2.1783647E-01 -1.5143341E-02  7.0796816E-03  1.9528112E-03  5.1268704E-03
    4846  2.0456650E+03  1.3340553E+00  9.9262189E-01  3.4143340E-01 -2.3521128E-01 -2.1966424E-01 -1.5547038E-02  7.0663947E-03  1.9480581E-03  5.1183366E-03
    4847  2.0456744E+03  1.3341781E+00  9.9273868E-01  3.4143943E-01 -2.3746431E-01 -2.2151409E-01 -1.5950215E-02  7.0596970E-03  1.9503466E-03  5.1093504E-03
    4848  2.0456838E+03  1.3343101E+00  9.9286478E-01  3.4144536E-01 -2.3965494E-01 -2.2330553E-01 -1.6349419E-02  7.0445844E-03  1.9446489E-03  5.0999355E-03
    4849  2.0456933E+03  1.3344473E+00  9.9299608E-01  3.4145124E-01 -2.4182098E-01 -2.2507127E-01 -1.6749710E-02  7.0338828E-03  1.9438294E-03  5.0900534E-03
    4850  2.0457027E+03  1.3345762E+00  9.9311880E-01  3.4145743E-01 -2.4400300E-01 -2.2685379E-01 -1.7149210E-02  7.0230076E-03  1.9433138E-03  5.0796938E-03
    4851  2.0457121E+03  1.3347184E+00  9.9325296E-01  3.4146540E-01 -2.4610472E-01 -2.2856255E-01 -1.7542171E-02  7.0056953E-03  1.9367961E-03  5.0688992E-03
    4852  2.0457215E+03  1.3348536E+00  9.9338153E-01  3.4147207E-01 -2.4824180E-01 -2.3030595E-01 -1.7935842E-02  6.9950812E-03  1.9373844E-03  5.0576969E-03
    4853  2.0457310E+03  1.3350011E+00  9.9352103E-01  3.4148005E-01 -2.5029998E-01 -2.3197042E-01 -1.8329561E-02  6.9799539E-03  1.9339560E-03  5.0459979E-03
    4854  2.0457404E+03  1.3351379E+00  9.9365080E-01  3.4148714E-01 -2.5238138E-01 -2.3365938E-01 -1.8722004E-02  6.9646551E-03  1.9308415E-03  5.0338137E-03
    4855  2.0457498E+03  1.3352856E+00  9.9378961E-01  3.4149599E-01 -2.5443485E-01 -2.3532485E-01 -1.9110000E-02  6.9515874E-03  1.9303792E-03  5.0212083E-03
    4856  2.0457592E+03  1.3354414E+00  9.9393719E-01  3.4150422E-01 -2.5635677E-01 -2.3686088E-01 -1.9495883E-02  6.9349963E-03  1.9268122E-03  5.0081840E-03
    4857  2.0457687E+03  1.3355812E+00  9.9406848E-01  3.4151272E-01 -2.5845229E-01 -2.3856527E-01 -1.9887021E-02  6.9204954E-03  1.9258083E-03  4.9946872E-03
    4858  2.0457781E+03  1.3357402E+00  9.9421681E-01  3.4152339E-01 -2.6033718E-01 -2.4007375E-01 -2.0263439E-02  6.9056162E-03  1.9248437E-03  4.9807725E-03
    4859  2.0457875E+03  1.3358921E+00  9.9436062E-01  3.4153149E-01 -2.6231554E-01 -2.4166837E-01 -2.0647173E-02  6.8872106E-03  1.9207545E-03  4.9664561E-03
    4860  2.0457969E+03  1.3360474E+00  9.9450550E-01  3.4154191E-01 -2.6421441E-01 -2.4318748E-01 -2.1026934E-02  6.8711787E-03  1.9195495E-03  4.9516292E-03
    4861  2.0458063E+03  1.3362047E+00  9.9465263E-01  3.4155203E-01 -2.6605521E-01 -2.4465142E-01 -2.1403790E-02  6.8530826E-03  1.9167126E-03  4.9363699E-03
    4862  2.0458158E+03  1.3363619E+00  9.9479894E-01  3.4156300E-01 -2.6797997E-01 -2.4620078E-01 -2.1779192E-02  6.8360101E-03  1.9153020E-03  4.9207080E-03
    4863  2.0458252E+03  1.3365306E+00  9.9495682E-01  3.4157377E-01 -2.6975484E-01 -2.4760234E-01 -2.2152504E-02  6.8161561E-03  1.9115329E-03  4.9046232E-03
    4864  2.0458346E+03  1.3366877E+00  9.9510333E-01  3.4158433E-01 -2.7159565E-01 -2.4907065E-01 -2.2524998E-02  6.7988574E-03  1.9108344E-03  4.8880231E-03
    4865  2.0458440E+03  1.3368486E+00  9.9525221E-01  3.4159641E-01 -2.7335478E-01 -2.5046367E-01 -2.2891105E-02  6.7789523E-03  1.9079067E-03  4.8710456E-03
    4866  2.0458535E+03  1.3370191E+00  9.9541087E-01  3.4160820E-01 -2.7511174E-01 -2.5185282E-01 -2.3258919E-02  6.7578712E-03  1.9042179E-03  4.8536532E-03
    4867  2.0458629E+03  1.3371846E+00  9.9556465E-01  3.4161991E-01 -2.7684484E-01 -2.5322037E-01 -2.3624467E-02  6.7401663E-03  1.9043690E-03  4.8357973E-03
    4868  2.0458723E+03  1.3373532E+00  9.9572112E-01  3.4163211E-01 -2.7853162E-01 -2.5454543E-01 -2.3986182E-02  6.7173760E-03  1.8998946E-03  4.8174814E-03
    4869  2.0458817E+03  1.3375190E+00  9.9587420E-01  3.4164484E-01 -2.8020707E-01 -2.5586112E-01 -2.4345950E-02  6.6949594E-03  1.8961896E-03  4.7987698E-03
    4870  2.0458912E+03  1.3376958E+00  9.9603816E-01  3.4165763E-01 -2.8183201E-01 -2.5712779E-01 -2.4704221E-02  6.6760745E-03  1.8964334E-03  4.7796411E-03
    4871  2.0459006E+03  1.3378621E+00  9.9619172E-01  3.4167037E-01 -2.8348428E-01 -2.5842349E-01 -2.5060791E-02  6.6532536E-03  1.8932071E-03  4.7600465E-03
    4872  2.0459100E+03  1.3380402E+00  9.9635559E-01  3.4168460E-01 -2.8504799E-01 -2.5963733E-01 -2.5410654E-02  6.6321139E-03  1.8920548E-03  4.7400591E-03
    4873  2.0459194E+03  1.3382079E+00  9.9651021E-01  3.4169770E-01 -2.8661648E-01 -2.6085624E-01 -2.5760235E-02  6.6087799E-03  1.8890608E-03  4.7197191E-03
    4874  2.0459288E+03  1.3383897E+00  9.9667753E-01  3.4171212E-01 -2.8812446E-01 -2.6201597E-01 -2.6108495E-02  6.5872725E-03  1.8883508E-03  4.6989217E-03
    4875  2.0459383E+03  1.3385569E+00  9.9683102E-01  3.4172589E-01 -2.8966722E-01 -2.6321194E-01 -2.6455273E-02  6.5630808E-03  1.8854078E-03  4.6776730E-03
    4876  2.0459477E+03  1.3387408E+00  9.9700020E-01  3.4174059E-01 -2.9111879E-01 -2.6432330E-01 -2.6795493E-02  6.5385943E-03  1.8825619E-03  4.6560324E-03
    4877  2.0459571E+03  1.3389148E+00  9.9715955E-01  3.4175524E-01 -2.9256772E-01 -2.6543186E-01 -2.7135855E-02  6.5139701E-03  1.8799639E-03  4.6340062E-03
    4878  2.0459665E+03  1.3390944E+00  9.9732435E-01  3.4177005E-01 -2.9398973E-01 -2.6651509E-01 -2.7474640E-02  6.4905609E-03  1.8790222E-03  4.6115387E-03
    4879  2.0459760E+03  1.3392682E+00  9.9748308E-01  3.4178508E-01 -2.9538524E-01 -2.6757699E-01 -2.7808255E-02  6.4638689E-03  1.8752169E-03  4.5886520E-03
    4880  2.0459854E+03  1.3394536E+00  9.9765280E-01  3.4180084E-01 -2.9673643E-01 -2.6859725E-01 -2.8139178E-02  6.4392032E-03  1.8737961E-03  4.5654071E-03
    4881  2.0459948E+03  1.3396314E+00  9.9781505E-01  3.4181631E-01 -2.9806718E-01 -2.6959771E-01 -2.8469475E-02  6.4126738E-03  1.8709345E-03  4.5417393E-03
    4882  2.0460042E+03  1.3398078E+00  9.9797614E-01  3.4183165E-01 -2.9938272E-01 -2.7058542E-01 -2.8797302E-02  6.3862821E-03  1.8686462E-03  4.5176359E-03
    4883  2.0460137E+03  1.3399888E+00  9.9814072E-01  3.4184804E-01 -3.0066241E-01 -2.7154265E-01 -2.9119754E-02  6.3608096E-03  1.8676540E-03  4.4931556E-03
    4884  2.0460231E+03  1.3401710E+00  9.9830679E-01  3.4186417E-01 -3.0184941E-01 -2.7240972E-01 -2.9439696E-02  6.3318541E-03  1.8635473E-03  4.4683069E-03
    4885  2.0460325E+03  1.3403549E+00  9.9847413E-01  3.4188082E-01 -3.0315849E-01 -2.7339694E-01 -2.9761550E-02  6.3049648E-03  1.8619307E-03  4.4430341E-03
    4886  2.0460419E+03  1.3405254E+00  9.9862826E-01  3.4189713E-01 -3.0425871E-01 -2.7418838E-01 -3.0070330E-02  6.2765378E-03  1.8591437E-03  4.4173941E-03
    4887  2.0460513E+03  1.3407157E+00  9.9880190E-01  3.4191379E-01 -3.0548787E-01 -2.7510020E-01 -3.0387672E-02  6.2473893E-03  1.8560075E-03  4.3913819E-03
    4888  2.0460608E+03  1.3408931E+00  9.9896200E-01  3.4193108E-01 -3.0653596E-01 -2.7584252E-01 -3.0693442E-02  6.2198835E-03  1.8550208E-03  4.3648626E-03
    4889  2.0460702E+03  1.3410729E+00  9.9912530E-01  3.4194765E-01 -3.0770132E-01 -2.7669958E-01 -3.1001747E-02  6.1911642E-03  1.8530770E-03  4.3380873E-03
    4890  2.0460796E+03  1.3412536E+00  9.9928866E-01  3.4196497E-01 -3.0869088E-01 -2.7738852E-01 -3.1302363E-02  6.1634300E-03  1.8525202E-03  4.3109097E-03
    4891  2.0460890E+03  1.3414341E+00  9.9945116E-01  3.4198298E-01 -3.0983803E-01 -2.7822971E-01 -3.1608323E-02  6.1306088E-03  1.8472148E-03  4.2833940E-03
    4892  2.0460985E+03  1.3416144E+00  9.9961421E-01  3.4200015E-01 -3.1073529E-01 -2.7883588E-01 -3.1899412E-02  6.1028222E-03  1.8474167E-03  4.2554055E-03
    4893  2.0461079E+03  1.3417934E+00  9.9977547E-01  3.4201790E-01 -3.1177545E-01 -2.7958044E-01 -3.2195005E-02  6.0708111E-03  1.8436999E-03  4.2271112E-03
    4894  2.0461173E+03  1.3419735E+00  9.9993762E-01  3.4203588E-01 -3.1269112E-01 -2.8020629E-01 -3.2484829E-02  6.0402961E-03  1.8418164E-03  4.1984797E-03
    4895  2.0461267E+03  1.3421512E+00  1.0000977E+00  3.4205348E-01 -3.1361112E-01 -2.8083910E-01 -3.2772015E-02  6.0087081E-03  1.8392768E-03  4.1694314E-03
    4896  2.0461362E+03  1.3423276E+00  1.0002558E+00  3.4207181E-01 -3.1451893E-01 -2.8146103E-01 -3.3057896E-02  5.9769457E-03  1.8369135E-03  4.1400322E-03
    4897  2.0461456E+03  1.3425089E+00  1.0004189E+00  3.4209000E-01 -3.1532387E-01 -2.8198622E-01 -3.3337654E-02  5.9445784E-03  1.8343339E-03  4.1102445E-03
    4898  2.0461550E+03  1.3426841E+00  1.0005756E+00  3.4210851E-01 -3.1618498E-01 -2.8256932E-01 -3.3615661E-02  5.9134434E-03  1.8333048E-03  4.0801386E-03
    4899  2.0461644E+03  1.3428568E+00  1.0007300E+00  3.4212676E-01 -3.1697233E-01 -2.8308021E-01 -3.3892129E-02  5.8805147E-03  1.8308029E-03  4.0497118E-03
    4900  2.0461739E+03  1.3430335E+00  1.0008882E+00  3.4214534E-01 -3.1772514E-01 -2.8356353E-01 -3.4161605E-02  5.8461827E-03  1.8273760E-03  4.0188067E-03
    4901  2.0461833E+03  1.3432104E+00  1.0010464E+00  3.4216397E-01 -3.1844440E-01 -2.8401499E-01 -3.4429404E-02  5.8139726E-03  1.8263054E-03  3.9876672E-03
    4902  2.0461927E+03  1.3433818E+00  1.0011993E+00  3.4218245E-01 -3.1915743E-01 -2.8446122E-01 -3.4696203E-02  5.7793372E-03  1.8231427E-03  3.9561945E-03
    4903  2.0462021E+03  1.3435524E+00  1.0013511E+00  3.4220129E-01 -3.1982199E-01 -2.8486167E-01 -3.4960320E-02  5.7463646E-03  1.8221227E-03  3.9242420E-03
    4904  2.0462115E+03  1.3437225E+00  1.0015021E+00  3.4222045E-01 -3.2047357E-01 -2.8525996E-01 -3.5213611E-02  5.7103275E-03  1.8183387E-03  3.8919887E-03
    4905  2.0462210E+03  1.3438978E+00  1.0016585E+00  3.4223931E-01 -3.2105579E-01 -2.8558588E-01 -3.5469906E-02  5.6772287E-03  1.8176261E-03  3.8596026E-03
    4906  2.0462304E+03  1.3440593E+00  1.0018014E+00  3.4225789E-01 -3.2162840E-01 -2.8590642E-01 -3.5721981E-02  5.6407680E-03  1.8141389E-03  3.8266290E-03
    4907  2.0462398E+03  1.3442322E+00  1.0019554E+00  3.4227681E-01 -3.2220902E-01 -2.8623965E-01 -3.5969372E-02  5.6067129E-03  1.8132845E-03  3.7934283E-03
    4908  2.0462492E+03  1.3443910E+00  1.0020952E+00  3.4229576E-01 -3.2267504E-01 -2.8646794E-01 -3.6207100E-02  5.5705006E-03  1.8105008E-03  3.7599998E-03
    4909  2.0462587E+03  1.3445648E+00  1.0022495E+00  3.4231525E-01 -3.2318236E-01 -2.8672701E-01 -3.6455346E-02  5.5345887E-03  1.8083518E-03  3.7262369E-03
    4910  2.0462681E+03  1.3447204E+00  1.0023866E+00  3.4233382E-01 -3.2361589E-01 -2.8692281E-01 -3.6693085E-02  5.4989950E-03  1.8070798E-03  3.6919153E-03
    4911  2.0462775E+03  1.3448852E+00  1.0025321E+00  3.4235310E-01 -3.2407368E-01 -2.8715140E-01 -3.6922275E-02  5.4611574E-03  1.8037273E-03  3.6574301E-03
    4912  2.0462869E+03  1.3450399E+00  1.0026680E+00  3.4237189E-01 -3.2439049E-01 -2.8723710E-01 -3.7153391E-02  5.4256666E-03  1.8028960E-03  3.6227706E-03
    4913  2.0462964E+03  1.3452091E+00  1.0028174E+00  3.4239170E-01 -3.2482413E-01 -2.8743702E-01 -3.7387111E-02  5.3872521E-03  1.7996338E-03  3.5876183E-03
    4914  2.0463058E+03  1.3453541E+00  1.0029442E+00  3.4240991E-01 -3.2510905E-01 -2.8750953E-01 -3.7599521E-02  5.3498246E-03  1.7976586E-03  3.5521659E-03
    4915  2.0463152E+03  1.3455102E+00  1.0030808E+00  3.4242947E-01 -3.2536627E-01 -2.8754564E-01 -3.7820630E-02  5.3114358E-03  1.7948536E-03  3.5165822E-03
    4916  2.0463246E+03  1.3456688E+00  1.0032203E+00  3.4244851E-01 -3.2569796E-01 -2.8765851E-01 -3.8039443E-02  5.2741823E-03  1.7936029E-03  3.4805794E-03
    4917  2.0463340E+03  1.3458148E+00  1.0033480E+00  3.4246686E-01 -3.2587402E-01 -2.8763110E-01 -3.8242920E-02  5.2361545E-03  1.7918775E-03  3.4442770E-03
    4918  2.0463435E+03  1.3459641E+00  1.0034775E+00  3.4248661E-01 -3.2606700E-01 -2.8760972E-01 -3.8457280E-02  5.1952169E-03  1.7875209E-03  3.4076960E-03
    4919  2.0463529E+03  1.3461105E+00  1.0036055E+00  3.4250503E-01 -3.2627569E-01 -2.8761548E-01 -3.8660218E-02  5.1577130E-03  1.7869582E-03  3.3707548E-03
    4920  2.0463623E+03  1.3462558E+00  1.0037319E+00  3.4252388E-01 -3.2639753E-01 -2.8754021E-01 -3.8857323E-02  5.1178386E-03  1.7841241E-03  3.3337145E-03
    4921  2.0463717E+03  1.3463987E+00  1.0038554E+00  3.4254330E-01 -3.2645910E-01 -2.8739801E-01 -3.9061091E-02  5.0792562E-03  1.7829664E-03  3.2962897E-03
    4922  2.0463812E+03  1.3465397E+00  1.0039786E+00  3.4256117E-01 -3.2657409E-01 -2.8732634E-01 -3.9247759E-02  5.0382501E-03  1.7797973E-03  3.2584528E-03
    4923  2.0463906E+03  1.3466742E+00  1.0040942E+00  3.4257997E-01 -3.2662329E-01 -2.8718328E-01 -3.9440007E-02  4.9999691E-03  1.7792813E-03  3.2206878E-03
    4924  2.0464000E+03  1.3468095E+00  1.0042106E+00  3.4259881E-01 -3.2659495E-01 -2.8697323E-01 -3.9621719E-02  4.9582973E-03  1.7759558E-03  3.1823415E-03
    4925  2.0464094E+03  1.3469448E+00  1.0043279E+00  3.4261689E-01 -3.2654907E-01 -2.8674793E-01 -3.9801139E-02  4.9186339E-03  1.7746922E-03  3.1439417E-03
    4926  2.0464189E+03  1.3470778E+00  1.0044419E+00  3.4263591E-01 -3.2656271E-01 -2.8657647E-01 -3.9986237E-02  4.8760335E-03  1.7708985E-03  3.1051349E-03
    4927  2.0464283E+03  1.3472036E+00  1.0045501E+00  3.4265343E-01 -3.2642830E-01 -2.8626770E-01 -4.0160597E-02  4.8379521E-03  1.7719439E-03  3.0660081E-03
    4928  2.0464377E+03  1.3473288E+00  1.0046570E+00  3.4267183E-01 -3.2634156E-01 -2.8602152E-01 -4.0320041E-02  4.7955340E-03  1.7687698E-03  3.0267642E-03
    4929  2.0464471E+03  1.3474536E+00  1.0047637E+00  3.4268994E-01 -3.2615042E-01 -2.8566091E-01 -4.0489514E-02  4.7549573E-03  1.7674927E-03  2.9874646E-03
    4930  2.0464565E+03  1.3475741E+00  1.0048661E+00  3.4270798E-01 -3.2600354E-01 -2.8534524E-01 -4.0658303E-02  4.7135132E-03  1.7659209E-03  2.9475923E-03
    4931  2.0464660E+03  1.3476916E+00  1.0049662E+00  3.4272534E-01 -3.2578499E-01 -2.8497923E-01 -4.0805768E-02  4.6704239E-03  1.7628886E-03  2.9075353E-03
    4932  2.0464754E+03  1.3478041E+00  1.0050607E+00  3.4274332E-01 -3.2550828E-01 -2.8454290E-01 -4.0965372E-02  4.6277355E-03  1.7602216E-03  2.8675139E-03
    4933  2.0464848E+03  1.3479244E+00  1.0051632E+00  3.4276120E-01 -3.2528669E-01 -2.8416644E-01 -4.1120252E-02  4.5842836E-03  1.7574034E-03  2.8268802E-03
    4934  2.0464942E+03  1.3480269E+00  1.0052490E+00  3.4277795E-01 -3.2496106E-01 -2.8370028E-01 -4.1260781E-02  4.5421230E-03  1.7560214E-03  2.7861016E-03
    4935  2.0465037E+03  1.3481379E+00  1.0053424E+00  3.4279552E-01 -3.2460285E-01 -2.8320340E-01 -4.1399447E-02  4.5003384E-03  1.7550135E-03  2.7453249E-03
    4936  2.0465131E+03  1.3482384E+00  1.0054261E+00  3.4281231E-01 -3.2423578E-01 -2.8269121E-01 -4.1544571E-02  4.4561597E-03  1.7519364E-03  2.7042234E-03
    4937  2.0465225E+03  1.3483432E+00  1.0055138E+00  3.4282932E-01 -3.2385748E-01 -2.8217855E-01 -4.1678927E-02  4.4128472E-03  1.7501395E-03  2.6627077E-03
    4938  2.0465319E+03  1.3484389E+00  1.0055932E+00  3.4284574E-01 -3.2342996E-01 -2.8162465E-01 -4.1805305E-02  4.3706573E-03  1.7494769E-03  2.6211804E-03
    4939  2.0465414E+03  1.3485318E+00  1.0056693E+00  3.4286251E-01 -3.2291345E-01 -2.8098097E-01 -4.1932480E-02  4.3247704E-03  1.7453214E-03  2.5794490E-03
    4940  2.0465508E+03  1.3486346E+00  1.0057553E+00  3.4287933E-01 -3.2249178E-01 -2.8043318E-01 -4.2058603E-02  4.2839326E-03  1.7464992E-03  2.5374334E-03
    4941  2.0465602E+03  1.3487115E+00  1.0058173E+00  3.4289420E-01 -3.2192766E-01 -2.7976305E-01 -4.2164613E-02  4.2388568E-03  1.7435596E-03  2.4952972E-03
    4942  2.0465696E+03  1.3488023E+00  1.0058912E+00  3.4291114E-01 -3.2136615E-01 -2.7907950E-01 -4.2286659E-02  4.1941579E-03  1.7410771E-03  2.4530808E-03
    4943  2.0465790E+03  1.3488856E+00  1.0059594E+00  3.4292616E-01 -3.2080376E-01 -2.7840646E-01 -4.2397300E-02  4.1507330E-03  1.7403483E-03  2.4103847E-03
    4944  2.0465885E+03  1.3489683E+00  1.0060263E+00  3.4294196E-01 -3.2017985E-01 -2.7768173E-01 -4.2498127E-02  4.1049407E-03  1.7373198E-03  2.3676210E-03
    4945  2.0465979E+03  1.3490394E+00  1.0060824E+00  3.4295704E-01 -3.1952298E-01 -2.7692304E-01 -4.2599944E-02  4.0614014E-03  1.7366510E-03  2.3247505E-03
    4946  2.0466073E+03  1.3491124E+00  1.0061403E+00  3.4297210E-01 -3.1882436E-01 -2.7612830E-01 -4.2696057E-02  4.0144441E-03  1.7327718E-03  2.2816723E-03
    4947  2.0466167E+03  1.3491879E+00  1.0062007E+00  3.4298719E-01 -3.1816162E-01 -2.7536927E-01 -4.2792350E-02  3.9703879E-03  1.7319666E-03  2.2384213E-03
    4948  2.0466262E+03  1.3492500E+00  1.0062487E+00  3.4300128E-01 -3.1738022E-01 -2.7450107E-01 -4.2879151E-02  3.9262529E-03  1.7312913E-03  2.1949617E-03
    4949  2.0466356E+03  1.3493174E+00  1.0063012E+00  3.4301617E-01 -3.1664449E-01 -2.7367836E-01 -4.2966126E-02  3.8786325E-03  1.7272924E-03  2.1513401E-03
    4950  2.0466450E+03  1.3493721E+00  1.0063423E+00  3.4302984E-01 -3.1580580E-01 -2.7275920E-01 -4.3046604E-02  3.8349765E-03  1.7273966E-03  2.1075798E-03
    4951  2.0466544E+03  1.3494358E+00  1.0063917E+00  3.4304408E-01 -3.1502436E-01 -2.7190134E-01 -4.3123020E-02  3.7885996E-03  1.7249965E-03  2.0636031E-03
    4952  2.0466639E+03  1.3494837E+00  1.0064262E+00  3.4305749E-01 -3.1411486E-01 -2.7092149E-01 -4.3193366E-02  3.7436597E-03  1.7240530E-03  2.0196068E-03
    4953  2.0466733E+03  1.3495383E+00  1.0064675E+00  3.4307077E-01 -3.1325528E-01 -2.6999063E-01 -4.3264649E-02  3.6974299E-03  1.7220232E-03  1.9754068E-03
    4954  2.0466827E+03  1.3495808E+00  1.0064971E+00  3.4308370E-01 -3.1232100E-01 -2.6899389E-01 -4.3327110E-02  3.6519349E-03  1.7209407E-03  1.9309942E-03
    4955  2.0466921E+03  1.3496274E+00  1.0065308E+00  3.4309659E-01 -3.1138204E-01 -2.6799574E-01 -4.3386303E-02  3.6058007E-03  1.7192811E-03  1.8865196E-03
    4956  2.0467016E+03  1.3496652E+00  1.0065564E+00  3.4310878E-01 -3.1039100E-01 -2.6694921E-01 -4.3441790E-02  3.5591695E-03  1.7172182E-03  1.8419513E-03
    4957  2.0467110E+03  1.3497009E+00  1.0065797E+00  3.4312115E-01 -3.0936780E-01 -2.6587319E-01 -4.3494612E-02  3.5131036E-03  1.7159348E-03  1.7971688E-03
    4958  2.0467204E+03  1.3497367E+00  1.0066036E+00  3.4313307E-01 -3.0836205E-01 -2.6481984E-01 -4.3542214E-02  3.4652274E-03  1.7129867E-03  1.7522408E-03
    4959  2.0467298E+03  1.3497632E+00  1.0066187E+00  3.4314450E-01 -3.0726964E-01 -2.6368639E-01 -4.3583258E-02  3.4190037E-03  1.7117429E-03  1.7072609E-03
    4960  2.0467392E+03  1.3497899E+00  1.0066340E+00  3.4315594E-01 -3.0617542E-01 -2.6255165E-01 -4.3623776E-02  3.3713827E-03  1.7092492E-03  1.6621335E-03
    4961  2.0467487E+03  1.3498148E+00  1.0066478E+00  3.4316703E-01 -3.0505054E-01 -2.6139166E-01 -4.3658881E-02  3.3252698E-03  1.7084060E-03  1.6168638E-03
    4962  2.0467581E+03  1.3498297E+00  1.0066522E+00  3.4317752E-01 -3.0389198E-01 -2.6020415E-01 -4.3687833E-02  3.2775501E-03  1.7060338E-03  1.5715163E-03
    4963  2.0467675E+03  1.3498476E+00  1.0066595E+00  3.4318809E-01 -3.0271245E-01 -2.5899688E-01 -4.3715566E-02  3.2321034E-03  1.7060148E-03  1.5260886E-03
    4964  2.0467769E+03  1.3498567E+00  1.0066585E+00  3.4319820E-01 -3.0147317E-01 -2.5773466E-01 -4.3738510E-02  3.1836931E-03  1.7031791E-03  1.4805140E-03
    4965  2.0467864E+03  1.3498700E+00  1.0066621E+00  3.4320790E-01 -3.0026829E-01 -2.5651266E-01 -4.3755623E-02  3.1389439E-03  1.7041045E-03  1.4348394E-03
    4966  2.0467958E+03  1.3498683E+00  1.0066514E+00  3.4321684E-01 -2.9896710E-01 -2.5520086E-01 -4.3766233E-02  3.0916503E-03  1.7024672E-03  1.3891830E-03
    4967  2.0468052E+03  1.3498758E+00  1.0066490E+00  3.4322678E-01 -2.9768654E-01 -2.5390815E-01 -4.3778395E-02  3.0451067E-03  1.7016946E-03  1.3434121E-03
    4968  2.0468146E+03  1.3498646E+00  1.0066296E+00  3.4323501E-01 -2.9632318E-01 -2.5254057E-01 -4.3782610E-02  2.9960100E-03  1.6985312E-03  1.2974788E-03
    4969  2.0468241E+03  1.3498728E+00  1.0066288E+00  3.4324402E-01 -2.9502132E-01 -2.5123345E-01 -4.3787870E-02  2.9464884E-03  1.6950080E-03  1.2514804E-03
    4970  2.0468335E+03  1.3498450E+00  1.0065935E+00  3.4325153E-01 -2.9357096E-01 -2.4978870E-01 -4.3782268E-02  2.8996663E-03  1.6942670E-03  1.2053993E-03
    4971  2.0468429E+03  1.3498514E+00  1.0065915E+00  3.4325992E-01 -2.9222583E-01 -2.4844948E-01 -4.3776347E-02  2.8540948E-03  1.6948078E-03  1.1592869E-03
    4972  2.0468523E+03  1.3498196E+00  1.0065532E+00  3.4326644E-01 -2.9073881E-01 -2.4697711E-01 -4.3761693E-02  2.8061408E-03  1.6929981E-03  1.1131427E-03
    4973  2.0468617E+03  1.3498087E+00  1.0065345E+00  3.4327420E-01 -2.8928785E-01 -2.4554091E-01 -4.3746939E-02  2.7586990E-03  1.6917713E-03  1.0669277E-03
    4974  2.0468712E+03  1.3497800E+00  1.0064998E+00  3.4328019E-01 -2.8778507E-01 -2.4405801E-01 -4.3727061E-02  2.7106466E-03  1.6899994E-03  1.0206472E-03
    4975  2.0468806E+03  1.3497566E+00  1.0064691E+00  3.4328744E-01 -2.8625980E-01 -2.4255637E-01 -4.3703424E-02  2.6637112E-03  1.6894261E-03  9.7428517E-04
    4976  2.0468900E+03  1.3497224E+00  1.0064298E+00  3.4329256E-01 -2.8472279E-01 -2.4104865E-01 -4.3674138E-02  2.6148691E-03  1.6869829E-03  9.2788622E-04
    4977  2.0468994E+03  1.3496921E+00  1.0063933E+00  3.4329882E-01 -2.8313396E-01 -2.3949109E-01 -4.3642866E-02  2.5662181E-03  1.6847448E-03  8.8147327E-04
    4978  2.0469089E+03  1.3496498E+00  1.0063456E+00  3.4330427E-01 -2.8152016E-01 -2.3791318E-01 -4.3606978E-02  2.5196195E-03  1.6846478E-03  8.3497165E-04
    4979  2.0469183E+03  1.3496161E+00  1.0063069E+00  3.4330924E-01 -2.7991310E-01 -2.3634734E-01 -4.3565760E-02  2.4724414E-03  1.6839752E-03  7.8846620E-04
    4980  2.0469277E+03  1.3495632E+00  1.0062498E+00  3.4331335E-01 -2.7824346E-01 -2.3472199E-01 -4.3521472E-02  2.4228192E-03  1.6808603E-03  7.4195898E-04
    4981  2.0469371E+03  1.3495211E+00  1.0062037E+00  3.4331739E-01 -2.7656356E-01 -2.3309355E-01 -4.3470007E-02  2.3769047E-03  1.6815297E-03  6.9537503E-04
    4982  2.0469466E+03  1.3494696E+00  1.0061481E+00  3.4332151E-01 -2.7484352E-01 -2.3142716E-01 -4.3416362E-02  2.3293381E-03  1.6804684E-03  6.4886972E-04
    4983  2.0469560E+03  1.3494114E+00  1.0060869E+00  3.4332452E-01 -2.7311809E-01 -2.2975829E-01 -4.3359806E-02  2.2804241E-03  1.6781119E-03  6.0231218E-04
    4984  2.0469654E+03  1.3493545E+00  1.0060261E+00  3.4332837E-01 -2.7134825E-01 -2.2805069E-01 -4.3297561E-02  2.2334563E-03  1.6777607E-03  5.5569563E-04
    4985  2.0469748E+03  1.3492934E+00  1.0059626E+00  3.4333088E-01 -2.6954135E-01 -2.2630892E-01 -4.3232425E-02  2.1878156E-03  1.6786890E-03  5.0912656E-04
    4986  2.0469842E+03  1.3492326E+00  1.0058994E+00  3.4333326E-01 -2.6777534E-01 -2.2461157E-01 -4.3163773E-02  2.1363605E-03  1.6738429E-03  4.6251762E-04
    4987  2.0469937E+03  1.3491610E+00  1.0058260E+00  3.4333497E-01 -2.6589896E-01 -2.2281215E-01 -4.3086815E-02  2.0912476E-03  1.6753212E-03  4.1592634E-04
    4988  2.0470031E+03  1.3490871E+00  1.0057502E+00  3.4333688E-01 -2.6403343E-01 -2.2102213E-01 -4.3011297E-02  2.0429762E-03  1.6736099E-03  3.6936634E-04
    4989  2.0470125E+03  1.3490172E+00  1.0056791E+00  3.4333806E-01 -2.6217162E-01 -2.1924295E-01 -4.2928665E-02  1.9945182E-03  1.6717410E-03  3.2277715E-04
    4990  2.0470219E+03  1.3489387E+00  1.0056002E+00  3.4333855E-01 -2.6023019E-01 -2.1739115E-01 -4.2839034E-02  1.9481441E-03  1.6718860E-03  2.7625814E-04
    4991  2.0470314E+03  1.3488571E+00  1.0055172E+00  3.4333988E-01 -2.5829966E-01 -2.1554886E-01 -4.2750794E-02  1.8990643E-03  1.6692945E-03  2.2976982E-04
    4992  2.0470408E+03  1.3487685E+00  1.0054292E+00  3.4333930E-01 -2.5633110E-01 -2.1367607E-01 -4.2655039E-02  1.8530503E-03  1.6698172E-03  1.8323313E-04
    4993  2.0470502E+03  1.3486895E+00  1.0053502E+00  3.4333926E-01 -2.5436836E-01 -2.1181197E-01 -4.2556394E-02  1.8048068E-03  1.6680398E-03  1.3676699E-04
    4994  2.0470596E+03  1.3485929E+00  1.0052546E+00  3.4333833E-01 -2.5231547E-01 -2.0986186E-01 -4.2453606E-02  1.7568967E-03  1.6665551E-03  9.0341644E-05
    4995  2.0470691E+03  1.3485034E+00  1.0051658E+00  3.4333760E-01 -2.5031485E-01 -2.0796669E-01 -4.2348158E-02  1.7094522E-03  1.6655484E-03  4.3903840E-05
    4996  2.0470785E+03  1.3484031E+00  1.0050670E+00  3.4333614E-01 -2.4823756E-01 -2.0600352E-01 -4.2234036E-02  1.6625664E-03  1.6650063E-03 -2.4398941E-06
    4997  2.0470879E+03  1.3483079E+00  1.0049732E+00  3.4333464E-01 -2.4615215E-01 -2.0403065E-01 -4.2121500E-02  1.6154564E-03  1.6641780E-03 -4.8721625E-05
    4998  2.0470973E+03  1.3482052E+00  1.0048734E+00  3.4333186E-01 -2.4406014E-01 -2.0205689E-01 -4.2003250E-02  1.5685644E-03  1.6635847E-03 -9.5020216E-05
    4999  2.0471068E+03  1.3480979E+00  1.0047680E+00  3.4332982E-01 -2.4193418E-01 -2.0005498E-01 -4.1879203E-02  1.5220520E-03  1.6632726E-03 -1.4122059E-04
    5000  2.0471162E+03  1.3479865E+00  1.0046596E+00  3.4332699E-01 -2.3973680E-01 -1.9798371E-01 -4.1753086E-02  1.4734078E-03  1.6607557E-03 -1.8734795E-04
    5001  2.0471256E+03  1.3478804E+00  1.0045566E+00  3.4332379E-01 -2.3761075E-01 -1.9598926E-01 -4.1621491E-02  1.4275765E-03  1.6610058E-03 -2.3342925E-04
    5002  2.0471350E+03  1.3477666E+00  1.0044458E+00  3.4332078E-01 -2.3539670E-01 -1.9391145E-01 -4.1485255E-02  1.3819444E-03  1.6613178E-03 -2.7937347E-04
    5003  2.0471444E+03  1.3476467E+00  1.0043308E+00  3.4331587E-01 -2.3316847E-01 -1.9182070E-01 -4.1347769E-02  1.3342707E-03  1.6595808E-03 -3.2531009E-04
    5004  2.0471539E+03  1.3475314E+00  1.0042190E+00  3.4331241E-01 -2.3093520E-01 -1.8973180E-01 -4.1203404E-02  1.2861095E-03  1.6572751E-03 -3.7116563E-04
    5005  2.0471633E+03  1.3474081E+00  1.0041013E+00  3.4330672E-01 -2.2867979E-01 -1.8762046E-01 -4.1059330E-02  1.2423078E-03  1.6592164E-03 -4.1690854E-04
    5006  2.0471727E+03  1.3472860E+00  1.0039837E+00  3.4330233E-01 -2.2637264E-01 -1.8546783E-01 -4.0904811E-02  1.1950644E-03  1.6577280E-03 -4.6266352E-04
    5007  2.0471821E+03  1.3471529E+00  1.0038563E+00  3.4329660E-01 -2.2406307E-01 -1.8331335E-01 -4.0749718E-02  1.1485410E-03  1.6567080E-03 -5.0816696E-04
    5008  2.0471916E+03  1.3470292E+00  1.0037383E+00  3.4329083E-01 -2.2175710E-01 -1.8116291E-01 -4.0594186E-02  1.1024001E-03  1.6560483E-03 -5.5364822E-04
    5009  2.0472010E+03  1.3468946E+00  1.0036099E+00  3.4328471E-01 -2.1938300E-01 -1.7895144E-01 -4.0431553E-02  1.0572361E-03  1.6563147E-03 -5.9907858E-04
    5010  2.0472104E+03  1.3467610E+00  1.0034826E+00  3.4327835E-01 -2.1703806E-01 -1.7677465E-01 -4.0263407E-02  1.0092542E-03  1.6536332E-03 -6.4437895E-04
    5011  2.0472198E+03  1.3466243E+00  1.0033532E+00  3.4327107E-01 -2.1461106E-01 -1.7451861E-01 -4.0092449E-02  9.6539611E-04  1.6548913E-03 -6.8949515E-04
    5012  2.0472293E+03  1.3464826E+00  1.0032183E+00  3.4326433E-01 -2.1223373E-01 -1.7231294E-01 -3.9920792E-02  9.1899349E-04  1.6535596E-03 -7.3456610E-04
    5013  2.0472387E+03  1.3463457E+00  1.0030897E+00  3.4325597E-01 -2.0978118E-01 -1.7004114E-01 -3.9740046E-02  8.7363044E-04  1.6531602E-03 -7.7952975E-04
    5014  2.0472481E+03  1.3461997E+00  1.0029502E+00  3.4324952E-01 -2.0733462E-01 -1.6777230E-01 -3.9562323E-02  8.2710913E-04  1.6514686E-03 -8.2435950E-04
    5015  2.0472575E+03  1.3460560E+00  1.0028159E+00  3.4324003E-01 -2.0487565E-01 -1.6550127E-01 -3.9374383E-02  7.8318419E-04  1.6522807E-03 -8.6909652E-04
    5016  2.0472669E+03  1.3459047E+00  1.0026728E+00  3.4323192E-01 -2.0235789E-01 -1.6317467E-01 -3.9183216E-02  7.3709981E-04  1.6507268E-03 -9.1362696E-04
    5017  2.0472764E+03  1.3457592E+00  1.0025361E+00  3.4322306E-01 -1.9986986E-01 -1.6087638E-01 -3.8993479E-02  6.9282082E-04  1.6508636E-03 -9.5804275E-04
    5018  2.0472858E+03  1.3456046E+00  1.0023907E+00  3.4321390E-01 -1.9732834E-01 -1.5853099E-01 -3.8797347E-02  6.4684846E-04  1.6492746E-03 -1.0024261E-03
    5019  2.0472952E+03  1.3454513E+00  1.0022469E+00  3.4320442E-01 -1.9479391E-01 -1.5619815E-01 -3.8595768E-02  6.0375489E-04  1.6503623E-03 -1.0466074E-03
    5020  2.0473046E+03  1.3452954E+00  1.0021006E+00  3.4319479E-01 -1.9219440E-01 -1.5380248E-01 -3.8391915E-02  5.5863509E-04  1.6492321E-03 -1.0905970E-03
    5021  2.0473141E+03  1.3451408E+00  1.0019567E+00  3.4318401E-01 -1.8964995E-01 -1.5146263E-01 -3.8187316E-02  5.1553217E-04  1.6500146E-03 -1.1344824E-03
    5022  2.0473235E+03  1.3449822E+00  1.0018087E+00  3.4317354E-01 -1.8703189E-01 -1.4906052E-01 -3.7971367E-02  4.7049910E-04  1.6487030E-03 -1.1782039E-03
    5023  2.0473329E+03  1.3448148E+00  1.0016523E+00  3.4316249E-01 -1.8440128E-01 -1.4664347E-01 -3.7757811E-02  4.2712764E-04  1.6488336E-03 -1.2217059E-03
    5024  2.0473423E+03  1.3446580E+00  1.0015061E+00  3.4315192E-01 -1.8176874E-01 -1.4423009E-01 -3.7538648E-02  3.8415296E-04  1.6492983E-03 -1.2651453E-03
    5025  2.0473518E+03  1.3444957E+00  1.0013550E+00  3.4314075E-01 -1.7910525E-01 -1.4178806E-01 -3.7317196E-02  3.4063984E-04  1.6489826E-03 -1.3083427E-03
    5026  2.0473612E+03  1.3443282E+00  1.0011994E+00  3.4312875E-01 -1.7644686E-01 -1.3935334E-01 -3.7093523E-02  2.9574626E-04  1.6471622E-03 -1.3514160E-03
    5027  2.0473706E+03  1.3441608E+00  1.0010442E+00  3.4311654E-01 -1.7374976E-01 -1.3688746E-01 -3.6862300E-02  2.5347901E-04  1.6477990E-03 -1.3943200E-03
    5028  2.0473800E+03  1.3439931E+00  1.0008883E+00  3.4310473E-01 -1.7103706E-01 -1.3440676E-01 -3.6630300E-02  2.1006308E-04  1.6470549E-03 -1.4369919E-03
    5029  2.0473894E+03  1.3438236E+00  1.0007321E+00  3.4309152E-01 -1.6832253E-01 -1.3192933E-01 -3.6393195E-02  1.6793981E-04  1.6474714E-03 -1.4795316E-03
    5030  2.0473989E+03  1.3436568E+00  1.0005777E+00  3.4307907E-01 -1.6557671E-01 -1.2942279E-01 -3.6153921E-02  1.2431745E-04  1.6461842E-03 -1.5218667E-03
    5031  2.0474083E+03  1.3434779E+00  1.0004121E+00  3.4306584E-01 -1.6282933E-01 -1.2691986E-01 -3.5909475E-02  8.2385071E-05  1.6464268E-03 -1.5640417E-03
    5032  2.0474177E+03  1.3433130E+00  1.0002600E+00  3.4305293E-01 -1.6005937E-01 -1.2439558E-01 -3.5663788E-02  3.9102049E-05  1.6450671E-03 -1.6059650E-03
    5033  2.0474271E+03  1.3431299E+00  1.0000914E+00  3.4303850E-01 -1.5724416E-01 -1.2183098E-01 -3.5413176E-02 -4.9098987E-07  1.6472863E-03 -1.6477773E-03
    5034  2.0474366E+03  1.3429635E+00  9.9993893E-01  3.4302453E-01 -1.5449443E-01 -1.1933390E-01 -3.5160530E-02 -4.4406615E-05  1.6449353E-03 -1.6893419E-03
    5035  2.0474460E+03  1.3427824E+00  9.9977208E-01  3.4301032E-01 -1.5163114E-01 -1.1673221E-01 -3.4898929E-02 -8.3843058E-05  1.6468064E-03 -1.7306495E-03
    5036  2.0474554E+03  1.3426070E+00  9.9961103E-01  3.4299593E-01 -1.4882154E-01 -1.1417752E-01 -3.4644020E-02 -1.2570028E-04  1.6460596E-03 -1.7717599E-03
    5037  2.0474648E+03  1.3424334E+00  9.9945213E-01  3.4298128E-01 -1.4597731E-01 -1.1159756E-01 -3.4379745E-02 -1.6683352E-04  1.6459587E-03 -1.8127922E-03
    5038  2.0474743E+03  1.3422508E+00  9.9928409E-01  3.4296671E-01 -1.4311784E-01 -1.0900730E-01 -3.4110532E-02 -2.0690626E-04  1.6465885E-03 -1.8534947E-03
    5039  2.0474837E+03  1.3420738E+00  9.9912196E-01  3.4295182E-01 -1.4024234E-01 -1.0640041E-01 -3.3841932E-02 -2.4752506E-04  1.6463909E-03 -1.8939159E-03
    5040  2.0474931E+03  1.3418938E+00  9.9895801E-01  3.4293582E-01 -1.3734648E-01 -1.0377523E-01 -3.3571248E-02 -2.8767535E-04  1.6465469E-03 -1.9342222E-03
    5041  2.0475025E+03  1.3417143E+00  9.9879422E-01  3.4292006E-01 -1.3446847E-01 -1.0117634E-01 -3.3292132E-02 -3.2730749E-04  1.6470288E-03 -1.9743363E-03
    5042  2.0475119E+03  1.3415375E+00  9.9863303E-01  3.4290450E-01 -1.3154775E-01 -9.8537586E-02 -3.3010159E-02 -3.6796820E-04  1.6460617E-03 -2.0140299E-03
    5043  2.0475214E+03  1.3413501E+00  9.9846223E-01  3.4288792E-01 -1.2861140E-01 -9.5882501E-02 -3.2728898E-02 -4.0692752E-04  1.6466612E-03 -2.0535887E-03
    5044  2.0475308E+03  1.3411766E+00  9.9830387E-01  3.4287275E-01 -1.2567736E-01 -9.3234275E-02 -3.2443082E-02 -4.4549132E-04  1.6475020E-03 -2.0929933E-03
    5045  2.0475402E+03  1.3409938E+00  9.9813797E-01  3.4285580E-01 -1.2273826E-01 -9.0585273E-02 -3.2152989E-02 -4.8789764E-04  1.6441676E-03 -2.1320652E-03
    5046  2.0475496E+03  1.3408100E+00  9.9797079E-01  3.4283919E-01 -1.1976016E-01 -8.7898335E-02 -3.1861826E-02 -5.2327151E-04  1.6476486E-03 -2.1709201E-03
    5047  2.0475591E+03  1.3406316E+00  9.9780924E-01  3.4282240E-01 -1.1680592E-01 -8.5237733E-02 -3.1568190E-02 -5.6418971E-04  1.6453629E-03 -2.2095526E-03
    5048  2.0475685E+03  1.3404491E+00  9.9764358E-01  3.4280556E-01 -1.1379814E-01 -8.2527436E-02 -3.1270705E-02 -6.0128795E-04  1.6466459E-03 -2.2479339E-03
    5049  2.0475779E+03  1.3402692E+00  9.9748058E-01  3.4278859E-01 -1.1083832E-01 -7.9870443E-02 -3.0967878E-02 -6.4043114E-04  1.6456577E-03 -2.2860888E-03
    5050  2.0475873E+03  1.3400847E+00  9.9731380E-01  3.4277091E-01 -1.0778516E-01 -7.7120436E-02 -3.0664719E-02 -6.7323816E-04  1.6506078E-03 -2.3238460E-03
    5051  2.0475968E+03  1.3399118E+00  9.9715809E-01  3.4275374E-01 -1.0480946E-01 -7.4450687E-02 -3.0358776E-02 -7.1374061E-04  1.6477261E-03 -2.3614667E-03
    5052  2.0476062E+03  1.3397249E+00  9.9698902E-01  3.4273586E-01 -1.0176033E-01 -7.1715251E-02 -3.0045080E-02 -7.5067294E-04  1.6480972E-03 -2.3987701E-03
    5053  2.0476156E+03  1.3395450E+00  9.9682677E-01  3.4271825E-01 -9.8730965E-02 -6.8999155E-02 -2.9731810E-02 -7.8662901E-04  1.6490912E-03 -2.4357203E-03
    5054  2.0476250E+03  1.3393699E+00  9.9666931E-01  3.4270057E-01 -9.5676246E-02 -6.6258790E-02 -2.9417456E-02 -8.2299456E-04  1.6494589E-03 -2.4724534E-03
    5055  2.0476345E+03  1.3391885E+00  9.9650616E-01  3.4268232E-01 -9.2623507E-02 -6.3524280E-02 -2.9099227E-02 -8.5991236E-04  1.6490986E-03 -2.5090109E-03
    5056  2.0476439E+03  1.3390064E+00  9.9634239E-01  3.4266406E-01 -8.9562560E-02 -6.0787268E-02 -2.8775292E-02 -8.9646784E-04  1.6487324E-03 -2.5452003E-03
    5057  2.0476533E+03  1.3388334E+00  9.9618707E-01  3.4264634E-01 -8.6476127E-02 -5.8023355E-02 -2.8452771E-02 -9.2995009E-04  1.6510966E-03 -2.5810467E-03
    5058  2.0476627E+03  1.3386552E+00  9.9602779E-01  3.4262744E-01 -8.3402033E-02 -5.5274073E-02 -2.8127960E-02 -9.6608413E-04  1.6506645E-03 -2.6167486E-03
    5059  2.0476721E+03  1.3384782E+00  9.9586899E-01  3.4260925E-01 -8.0318016E-02 -5.2522960E-02 -2.7795056E-02 -1.0014176E-03  1.6506874E-03 -2.6521051E-03
    5060  2.0476816E+03  1.3383010E+00  9.9571027E-01  3.4259075E-01 -7.7202247E-02 -4.9739135E-02 -2.7463112E-02 -1.0357802E-03  1.6512794E-03 -2.6870596E-03
    5061  2.0476910E+03  1.3381288E+00  9.9555679E-01  3.4257204E-01 -7.4105322E-02 -4.6974165E-02 -2.7131156E-02 -1.0701059E-03  1.6517433E-03 -2.7218492E-03
    5062  2.0477004E+03  1.3379554E+00  9.9540209E-01  3.4255334E-01 -7.0997423E-02 -4.4206342E-02 -2.6791082E-02 -1.1034986E-03  1.6528481E-03 -2.7563467E-03
    5063  2.0477098E+03  1.3377802E+00  9.9524547E-01  3.4253476E-01 -6.7860474E-02 -4.1412022E-02 -2.6448451E-02 -1.1378415E-03  1.6525761E-03 -2.7904176E-03
    5064  2.0477193E+03  1.3376097E+00  9.9509389E-01  3.4251580E-01 -6.4745256E-02 -3.8636120E-02 -2.6109136E-02 -1.1710289E-03  1.6532037E-03 -2.8242326E-03
    5065  2.0477287E+03  1.3374411E+00  9.9494417E-01  3.4249688E-01 -6.1597348E-02 -3.5836298E-02 -2.5761051E-02 -1.2044380E-03  1.6533738E-03 -2.8578118E-03
    5066  2.0477381E+03  1.3372717E+00  9.9479377E-01  3.4247788E-01 -5.8473035E-02 -3.3058244E-02 -2.5414791E-02 -1.2356088E-03  1.6553857E-03 -2.8909945E-03
    5067  2.0477475E+03  1.3371015E+00  9.9464266E-01  3.4245882E-01 -5.5315672E-02 -3.0249367E-02 -2.5066305E-02 -1.2684801E-03  1.6554146E-03 -2.9238947E-03
    5068  2.0477570E+03  1.3369368E+00  9.9449687E-01  3.4243994E-01 -5.2169233E-02 -2.7458024E-02 -2.4711209E-02 -1.3003802E-03  1.6561052E-03 -2.9564855E-03
    5069  2.0477664E+03  1.3367720E+00  9.9435127E-01  3.4242074E-01 -4.9005051E-02 -2.4648400E-02 -2.4356651E-02 -1.3324347E-03  1.6562655E-03 -2.9887002E-03
    5070  2.0477758E+03  1.3366081E+00  9.9420643E-01  3.4240163E-01 -4.5848259E-02 -2.1848135E-02 -2.4000124E-02 -1.3624091E-03  1.6582473E-03 -3.0206564E-03
    5071  2.0477852E+03  1.3364447E+00  9.9406225E-01  3.4238249E-01 -4.2678057E-02 -1.9038338E-02 -2.3639720E-02 -1.3946578E-03  1.6576027E-03 -3.0522605E-03
    5072  2.0477946E+03  1.3362875E+00  9.9392375E-01  3.4236374E-01 -3.9505712E-02 -1.6227203E-02 -2.3278508E-02 -1.4242471E-03  1.6592549E-03 -3.0835020E-03
    5073  2.0478041E+03  1.3361272E+00  9.9378277E-01  3.4234446E-01 -3.6332942E-02 -1.3417052E-02 -2.2915891E-02 -1.4546525E-03  1.6598091E-03 -3.1144617E-03
    5074  2.0478135E+03  1.3359722E+00  9.9364643E-01  3.4232573E-01 -3.3153489E-02 -1.0605998E-02 -2.2547491E-02 -1.4837043E-03  1.6613690E-03 -3.1450733E-03
    5075  2.0478229E+03  1.3358132E+00  9.9350719E-01  3.4230604E-01 -2.9964843E-02 -7.7846574E-03 -2.2180185E-02 -1.5149688E-03  1.6603292E-03 -3.1752979E-03
    5076  2.0478323E+03  1.3356640E+00  9.9337686E-01  3.4228718E-01 -2.6785975E-02 -4.9755077E-03 -2.1810467E-02 -1.5419494E-03  1.6632861E-03 -3.2052355E-03
    5077  2.0478418E+03  1.3355092E+00  9.9324086E-01  3.4226834E-01 -2.3589004E-02 -2.1552324E-03 -2.1433772E-02 -1.5714736E-03  1.6633127E-03 -3.2347863E-03
    5078  2.0478512E+03  1.3353609E+00  9.9311177E-01  3.4224910E-01 -2.0396521E-02  6.6662785E-04 -2.1063149E-02 -1.6015377E-03  1.6624284E-03 -3.2639661E-03
    5079  2.0478606E+03  1.3352161E+00  9.9298566E-01  3.4223039E-01 -1.7212847E-02  3.4723861E-03 -2.0685234E-02 -1.6266854E-03  1.6662319E-03 -3.2929173E-03
    5080  2.0478700E+03  1.3350699E+00  9.9285835E-01  3.4221153E-01 -1.4006613E-02  6.2935330E-03 -2.0300146E-02 -1.6566658E-03  1.6647311E-03 -3.3213968E-03
    5081  2.0478795E+03  1.3349284E+00  9.9273582E-01  3.4219262E-01 -1.0808081E-02  9.1165554E-03 -1.9924636E-02 -1.6831999E-03  1.6662351E-03 -3.3494350E-03
    5082  2.0478889E+03  1.3347841E+00  9.9261013E-01  3.4217400E-01 -7.6145671E-03  1.1923914E-02 -1.9538481E-02 -1.7117157E-03  1.6656275E-03 -3.3773433E-03
    5083  2.0478983E+03  1.3346451E+00  9.9249029E-01  3.4215485E-01 -4.4081877E-03  1.4749770E-02 -1.9157958E-02 -1.7334672E-03  1.6712295E-03 -3.4046967E-03
    5084  2.0479077E+03  1.3345174E+00  9.9238061E-01  3.4213678E-01 -1.2154183E-03  1.7556079E-02 -1.8771497E-02 -1.7652108E-03  1.6666386E-03 -3.4318494E-03
    5085  2.0479171E+03  1.3343714E+00  9.9225342E-01  3.4211794E-01  1.9940039E-03  2.0373868E-02 -1.8379865E-02 -1.7872373E-03  1.6713186E-03 -3.4585559E-03
    5086  2.0479266E+03  1.3342527E+00  9.9215259E-01  3.4210006E-01  5.1885493E-03  2.3178225E-02 -1.7989676E-02 -1.8127351E-03  1.6720856E-03 -3.4848207E-03
    5087  2.0479360E+03  1.3341101E+00  9.9202898E-01  3.4208114E-01  8.4079938E-03  2.6005863E-02 -1.7597869E-02 -1.8382910E-03  1.6724594E-03 -3.5107504E-03
    5088  2.0479454E+03  1.3340007E+00  9.9193737E-01  3.4206334E-01  1.1584591E-02  2.8788374E-02 -1.7203783E-02 -1.8619528E-03  1.6744038E-03 -3.5363565E-03
    5089  2.0479548E+03  1.3338609E+00  9.9181593E-01  3.4204493E-01  1.4806473E-02  3.1615097E-02 -1.6808625E-02 -1.8866947E-03  1.6748389E-03 -3.5615335E-03
    5090  2.0479643E+03  1.3337488E+00  9.9172145E-01  3.4202731E-01  1.7996611E-02  3.4409009E-02 -1.6412398E-02 -1.9094679E-03  1.6768963E-03 -3.5863642E-03
    5091  2.0479737E+03  1.3336288E+00  9.9161952E-01  3.4200932E-01  2.1192327E-02  3.7204305E-02 -1.6011979E-02 -1.9347457E-03  1.6760499E-03 -3.6107956E-03
    5092  2.0479831E+03  1.3335090E+00  9.9151744E-01  3.4199158E-01  2.4401877E-02  4.0013012E-02 -1.5611135E-02 -1.9566119E-03  1.6781845E-03 -3.6347964E-03
    5093  2.0479925E+03  1.3334030E+00  9.9142856E-01  3.4197441E-01  2.7580908E-02  4.2794361E-02 -1.5213453E-02 -1.9786733E-03  1.6798188E-03 -3.6584921E-03
    5094  2.0480020E+03  1.3332881E+00  9.9133155E-01  3.4195652E-01  3.0781325E-02  4.5588116E-02 -1.4806791E-02 -2.0008546E-03  1.6809628E-03 -3.6818173E-03
    5095  2.0480114E+03  1.3331819E+00  9.9124209E-01  3.4193978E-01  3.3971474E-02  4.8372669E-02 -1.4401195E-02 -2.0235118E-03  1.6811022E-03 -3.7046140E-03
    5096  2.0480208E+03  1.3330760E+00  9.9115332E-01  3.4192273E-01  3.7163881E-02  5.1160317E-02 -1.3996436E-02 -2.0433536E-03  1.6837311E-03 -3.7270847E-03
    5097  2.0480302E+03  1.3329791E+00  9.9107376E-01  3.4190534E-01  4.0335520E-02  5.3924686E-02 -1.3589166E-02 -2.0659877E-03  1.6832124E-03 -3.7492001E-03
    5098  2.0480397E+03  1.3328786E+00  9.9098964E-01  3.4188894E-01  4.3521388E-02  5.6701663E-02 -1.3180274E-02 -2.0855243E-03  1.6853825E-03 -3.7709068E-03
    5099  2.0480491E+03  1.3327764E+00  9.9090385E-01  3.4187251E-01  4.6706007E-02  5.9475887E-02 -1.2769880E-02 -2.1049652E-03  1.6872301E-03 -3.7921953E-03
    5100  2.0480585E+03  1.3326983E+00  9.9084186E-01  3.4185639E-01  4.9855079E-02  6.2213583E-02 -1.2358504E-02 -2.1259757E-03  1.6870868E-03 -3.8130626E-03
    5101  2.0480679E+03  1.3325969E+00  9.9075753E-01  3.4183939E-01  5.3049341E-02  6.4995669E-02 -1.1946328E-02 -2.1440021E-03  1.6895431E-03 -3.8335452E-03
    5102  2.0480773E+03  1.3325148E+00  9.9069064E-01  3.4182417E-01  5.6193420E-02  6.7726146E-02 -1.1532727E-02 -2.1624160E-03  1.6912431E-03 -3.8536591E-03
    5103  2.0480868E+03  1.3324307E+00  9.9062246E-01  3.4180823E-01  5.9365398E-02  7.0481855E-02 -1.1116457E-02 -2.1824602E-03  1.6908450E-03 -3.8733052E-03
    5104  2.0480962E+03  1.3323527E+00  9.9055977E-01  3.4179291E-01  6.2514194E-02  7.3215419E-02 -1.0701225E-02 -2.1978712E-03  1.6946670E-03 -3.8925382E-03
    5105  2.0481056E+03  1.3322749E+00  9.9049758E-01  3.4177735E-01  6.5650685E-02  7.5934376E-02 -1.0283690E-02 -2.2175473E-03  1.6938373E-03 -3.9113846E-03
    5106  2.0481150E+03  1.3322023E+00  9.9043983E-01  3.4176246E-01  6.8808137E-02  7.8673775E-02 -9.8656376E-03 -2.2326430E-03  1.6971687E-03 -3.9298118E-03
    5107  2.0481245E+03  1.3321311E+00  9.9038344E-01  3.4174763E-01  7.1927004E-02  8.1373562E-02 -9.4465583E-03 -2.2506832E-03  1.6971392E-03 -3.9478224E-03
    5108  2.0481339E+03  1.3320644E+00  9.9033136E-01  3.4173303E-01  7.5069588E-02  8.4096533E-02 -9.0269448E-03 -2.2659791E-03  1.6994074E-03 -3.9653864E-03
    5109  2.0481433E+03  1.3320009E+00  9.9028212E-01  3.4171875E-01  7.8182516E-02  8.6788198E-02 -8.6056815E-03 -2.2802665E-03  1.7022759E-03 -3.9825423E-03
    5110  2.0481527E+03  1.3319404E+00  9.9023607E-01  3.4170435E-01  8.1298711E-02  8.9482726E-02 -8.1840144E-03 -2.2976905E-03  1.7015766E-03 -3.9992671E-03
    5111  2.0481622E+03  1.3318846E+00  9.9019422E-01  3.4169038E-01  8.4406613E-02  9.2167846E-02 -7.7612329E-03 -2.3112999E-03  1.7042826E-03 -4.0155825E-03
    5112  2.0481716E+03  1.3318305E+00  9.9015382E-01  3.4167666E-01  8.7501335E-02  9.4839778E-02 -7.3384428E-03 -2.3265160E-03  1.7049670E-03 -4.0314829E-03
    5113  2.0481810E+03  1.3317783E+00  9.9011465E-01  3.4166363E-01  9.0597138E-02  9.7510580E-02 -6.9134416E-03 -2.3410105E-03  1.7059460E-03 -4.0469565E-03
    5114  2.0481904E+03  1.3317342E+00  9.9008275E-01  3.4165141E-01  9.3677199E-02  1.0016585E-01 -6.4886466E-03 -2.3536716E-03  1.7083018E-03 -4.0619734E-03
    5115  2.0481998E+03  1.3316935E+00  9.9005580E-01  3.4163769E-01  9.6748031E-02  1.0281116E-01 -6.0631253E-03 -2.3673513E-03  1.7092290E-03 -4.0765803E-03
    5116  2.0482093E+03  1.3316491E+00  9.9002347E-01  3.4162559E-01  9.9824003E-02  1.0546059E-01 -5.6365854E-03 -2.3794827E-03  1.7112795E-03 -4.0907622E-03
    5117  2.0482187E+03  1.3316125E+00  9.8999925E-01  3.4161329E-01  1.0287060E-01  1.0808100E-01 -5.2104012E-03 -2.3923041E-03  1.7122040E-03 -4.1045082E-03
    5118  2.0482281E+03  1.3315892E+00  9.8998768E-01  3.4160151E-01  1.0589974E-01  1.1068328E-01 -4.7835405E-03 -2.4040713E-03  1.7137314E-03 -4.1178027E-03
    5119  2.0482375E+03  1.3315459E+00  9.8995675E-01  3.4158913E-01  1.0896618E-01  1.1332093E-01 -4.3547540E-03 -2.4148536E-03  1.7158109E-03 -4.1306645E-03
    5120  2.0482470E+03  1.3315286E+00  9.8994946E-01  3.4157912E-01  1.1197794E-01  1.1590570E-01 -3.9277629E-03 -2.4242786E-03  1.7188009E-03 -4.1430795E-03
    5121  2.0482564E+03  1.3315062E+00  9.8993908E-01  3.4156709E-01  1.1498687E-01  1.1848520E-01 -3.4983373E-03 -2.4362404E-03  1.7188204E-03 -4.1550608E-03
    5122  2.0482658E+03  1.3314867E+00  9.8992987E-01  3.4155688E-01  1.1799572E-01  1.2106477E-01 -3.0690426E-03 -2.4455141E-03  1.7210880E-03 -4.1666021E-03
    5123  2.0482752E+03  1.3314752E+00  9.8992809E-01  3.4154711E-01  1.2099104E-01  1.2363135E-01 -2.6403155E-03 -2.4542907E-03  1.7234117E-03 -4.1777024E-03
    5124  2.0482847E+03  1.3314568E+00  9.8992110E-01  3.4153572E-01  1.2397341E-01  1.2618360E-01 -2.2101901E-03 -2.4646097E-03  1.7237476E-03 -4.1883574E-03
    5125  2.0482941E+03  1.3314518E+00  9.8992435E-01  3.4152747E-01  1.2693520E-01  1.2871581E-01 -1.7806130E-03 -2.4721172E-03  1.7264592E-03 -4.1985764E-03
    5126  2.0483035E+03  1.3314498E+00  9.8993214E-01  3.4151769E-01  1.2989883E-01  1.3124931E-01 -1.3504784E-03 -2.4815564E-03  1.7267875E-03 -4.2083440E-03
    5127  2.0483129E+03  1.3314469E+00  9.8993902E-01  3.4150789E-01  1.3284289E-01  1.3376269E-01 -9.1980475E-04 -2.4874412E-03  1.7302298E-03 -4.2176710E-03
    5128  2.0483223E+03  1.3314498E+00  9.8995037E-01  3.4149941E-01  1.3577691E-01  1.3626621E-01 -4.8930790E-04 -2.4960374E-03  1.7304916E-03 -4.2265290E-03
    5129  2.0483318E+03  1.3314558E+00  9.8996445E-01  3.4149132E-01  1.3869878E-01  1.3875786E-01 -5.9086118E-05 -2.5024385E-03  1.7325251E-03 -4.2349636E-03
    5130  2.0483412E+03  1.3314662E+00  9.8998363E-01  3.4148259E-01  1.4159994E-01  1.4122889E-01  3.7105474E-04 -2.5076562E-03  1.7352744E-03 -4.2429306E-03
    5131  2.0483506E+03  1.3314776E+00  9.9000213E-01  3.4147547E-01  1.4450078E-01  1.4369894E-01  8.0184647E-04 -2.5137184E-03  1.7367221E-03 -4.2504405E-03
    5132  2.0483600E+03  1.3314971E+00  9.9002890E-01  3.4146818E-01  1.4737421E-01  1.4614265E-01  1.2315572E-03 -2.5191517E-03  1.7383603E-03 -4.2575120E-03
    5133  2.0483695E+03  1.3315182E+00  9.9005766E-01  3.4146049E-01  1.5023749E-01  1.4857545E-01  1.6620363E-03 -2.5231345E-03  1.7409993E-03 -4.2641338E-03
    5134  2.0483789E+03  1.3315397E+00  9.9008571E-01  3.4145404E-01  1.5309403E-01  1.5100104E-01  2.0929926E-03 -2.5285697E-03  1.7417112E-03 -4.2702809E-03
    5135  2.0483883E+03  1.3315681E+00  9.9011990E-01  3.4144823E-01  1.5592968E-01  1.5340755E-01  2.5221321E-03 -2.5314030E-03  1.7445776E-03 -4.2759806E-03
    5136  2.0483977E+03  1.3316005E+00  9.9015830E-01  3.4144223E-01  1.5875076E-01  1.5579917E-01  2.9515879E-03 -2.5370460E-03  1.7442102E-03 -4.2812561E-03
    5137  2.0484072E+03  1.3316327E+00  9.9019685E-01  3.4143590E-01  1.6155295E-01  1.5817123E-01  3.3817249E-03 -2.5374717E-03  1.7485891E-03 -4.2860609E-03
    5138  2.0484166E+03  1.3316716E+00  9.9024057E-01  3.4143105E-01  1.6435290E-01  1.6054141E-01  3.8114906E-03 -2.5419560E-03  1.7484281E-03 -4.2903842E-03
    5139  2.0484260E+03  1.3317132E+00  9.9028668E-01  3.4142651E-01  1.6712143E-01  1.6288208E-01  4.2393520E-03 -2.5425100E-03  1.7517608E-03 -4.2942709E-03
    5140  2.0484354E+03  1.3317607E+00  9.9033932E-01  3.4142136E-01  1.6988037E-01  1.6521241E-01  4.6679612E-03 -2.5443397E-03  1.7533705E-03 -4.2977102E-03
    5141  2.0484449E+03  1.3318038E+00  9.9038673E-01  3.4141707E-01  1.7262520E-01  1.6752812E-01  5.0970725E-03 -2.5453342E-03  1.7553489E-03 -4.3006831E-03
    5142  2.0484543E+03  1.3318584E+00  9.9044463E-01  3.4141375E-01  1.7536082E-01  1.6983669E-01  5.5241278E-03 -2.5463666E-03  1.7568210E-03 -4.3031876E-03
    5143  2.0484637E+03  1.3319167E+00  9.9050686E-01  3.4140987E-01  1.7803780E-01  1.7208757E-01  5.9502270E-03 -2.5462028E-03  1.7590544E-03 -4.3052572E-03
    5144  2.0484731E+03  1.3319696E+00  9.9056281E-01  3.4140679E-01  1.8077379E-01  1.7439431E-01  6.3794814E-03 -2.5470054E-03  1.7598515E-03 -4.3068569E-03
    5145  2.0484825E+03  1.3320311E+00  9.9062734E-01  3.4140378E-01  1.8342643E-01  1.7662364E-01  6.8027919E-03 -2.5434762E-03  1.7645163E-03 -4.3079925E-03
    5146  2.0484920E+03  1.3321075E+00  9.9070525E-01  3.4140220E-01  1.8605792E-01  1.7882930E-01  7.2286193E-03 -2.5454573E-03  1.7632121E-03 -4.3086694E-03
    5147  2.0485014E+03  1.3321582E+00  9.9075819E-01  3.4139997E-01  1.8876112E-01  1.8110544E-01  7.6556820E-03 -2.5417891E-03  1.7670854E-03 -4.3088745E-03
    5148  2.0485108E+03  1.3322465E+00  9.9084802E-01  3.4139847E-01  1.9131489E-01  1.8323849E-01  8.0763993E-03 -2.5385289E-03  1.7700969E-03 -4.3086258E-03
    5149  2.0485202E+03  1.3323098E+00  9.9091288E-01  3.4139693E-01  1.9397032E-01  1.8546808E-01  8.5022418E-03 -2.5372787E-03  1.7706290E-03 -4.3079077E-03
    5150  2.0485297E+03  1.3323970E+00  9.9100066E-01  3.4139638E-01  1.9650652E-01  1.8758354E-01  8.9229873E-03 -2.5308931E-03  1.7758349E-03 -4.3067280E-03
    5151  2.0485391E+03  1.3324715E+00  9.9107633E-01  3.4139518E-01  1.9911230E-01  1.8976613E-01  9.3461675E-03 -2.5306332E-03  1.7744537E-03 -4.3050869E-03
    5152  2.0485485E+03  1.3325625E+00  9.9116685E-01  3.4139569E-01  2.0162776E-01  1.9186128E-01  9.7664847E-03 -2.5248372E-03  1.7781670E-03 -4.3030042E-03
    5153  2.0485579E+03  1.3326399E+00  9.9124521E-01  3.4139472E-01  2.0418502E-01  1.9399789E-01  1.0187131E-02 -2.5226947E-03  1.7777501E-03 -4.3004447E-03
    5154  2.0485674E+03  1.3327421E+00  9.9134443E-01  3.4139763E-01  2.0666060E-01  1.9605683E-01  1.0603768E-02 -2.5163321E-03  1.7811029E-03 -4.2974350E-03
    5155  2.0485768E+03  1.3328271E+00  9.9142979E-01  3.4139728E-01  2.0917263E-01  1.9815062E-01  1.1022003E-02 -2.5111006E-03  1.7829092E-03 -4.2940098E-03
    5156  2.0485862E+03  1.3329337E+00  9.9153449E-01  3.4139918E-01  2.1161073E-01  2.0017200E-01  1.1438730E-02 -2.5053334E-03  1.7847421E-03 -4.2900755E-03
    5157  2.0485956E+03  1.3330222E+00  9.9162158E-01  3.4140059E-01  2.1408063E-01  2.0222503E-01  1.1855600E-02 -2.4984298E-03  1.7872457E-03 -4.2856755E-03
    5158  2.0486050E+03  1.3331320E+00  9.9172889E-01  3.4140309E-01  2.1649892E-01  2.0423057E-01  1.2268351E-02 -2.4914879E-03  1.7893564E-03 -4.2808443E-03
    5159  2.0486145E+03  1.3332370E+00  9.9183100E-01  3.4140600E-01  2.1889687E-01  2.0621554E-01  1.2681333E-02 -2.4837743E-03  1.7917949E-03 -4.2755692E-03
    5160  2.0486239E+03  1.3333451E+00  9.9193683E-01  3.4140823E-01  2.2128970E-01  2.0819472E-01  1.3094979E-02 -2.4759881E-03  1.7938105E-03 -4.2697986E-03
    5161  2.0486333E+03  1.3334561E+00  9.9204454E-01  3.4141160E-01  2.2362825E-01  2.1012323E-01  1.3505023E-02 -2.4677389E-03  1.7958306E-03 -4.2635694E-03
    5162  2.0486427E+03  1.3335711E+00  9.9215502E-01  3.4141603E-01  2.2599395E-01  2.1207972E-01  1.3914232E-02 -2.4593751E-03  1.7975219E-03 -4.2568970E-03
    5163  2.0486522E+03  1.3336866E+00  9.9226739E-01  3.4141920E-01  2.2830430E-01  2.1398116E-01  1.4323139E-02 -2.4485359E-03  1.8012310E-03 -4.2497669E-03
    5164  2.0486616E+03  1.3338078E+00  9.9238383E-01  3.4142393E-01  2.3059038E-01  2.1586100E-01  1.4729386E-02 -2.4416469E-03  1.8005091E-03 -4.2421560E-03
    5165  2.0486710E+03  1.3339289E+00  9.9250041E-01  3.4142845E-01  2.3285508E-01  2.1771877E-01  1.5136310E-02 -2.4287418E-03  1.8053670E-03 -4.2341088E-03
    5166  2.0486804E+03  1.3340517E+00  9.9261864E-01  3.4143305E-01  2.3513435E-01  2.1959339E-01  1.5540954E-02 -2.4186155E-03  1.8069821E-03 -4.2255976E-03
    5167  2.0486899E+03  1.3341822E+00  9.9274335E-01  3.4143887E-01  2.3732950E-01  2.2138763E-01  1.5941868E-02 -2.4087479E-03  1.8078935E-03 -4.2166415E-03
    5168  2.0486993E+03  1.3343105E+00  9.9286599E-01  3.4144454E-01  2.3956156E-01  2.2321747E-01  1.6344091E-02 -2.3950871E-03  1.8121455E-03 -4.2072327E-03
    5169  2.0487087E+03  1.3344432E+00  9.9299257E-01  3.4145061E-01  2.4172034E-01  2.2497746E-01  1.6742879E-02 -2.3841956E-03  1.8131624E-03 -4.1973580E-03
    5170  2.0487181E+03  1.3345760E+00  9.9311908E-01  3.4145690E-01  2.4390477E-01  2.2676176E-01  1.7143015E-02 -2.3730921E-03  1.8139263E-03 -4.1870184E-03
    5171  2.0487275E+03  1.3347151E+00  9.9325076E-01  3.4146430E-01  2.4600014E-01  2.2846442E-01  1.7535719E-02 -2.3561405E-03  1.8200973E-03 -4.1762378E-03
    5172  2.0487370E+03  1.3348546E+00  9.9338283E-01  3.4147173E-01  2.4815057E-01  2.3021988E-01  1.7930695E-02 -2.3485795E-03  1.8164683E-03 -4.1650478E-03
    5173  2.0487464E+03  1.3349942E+00  9.9351503E-01  3.4147919E-01  2.5020043E-01  2.3187729E-01  1.8323141E-02 -2.3294984E-03  1.8238875E-03 -4.1533860E-03
    5174  2.0487558E+03  1.3351393E+00  9.9365284E-01  3.4148642E-01  2.5228387E-01  2.3356780E-01  1.8716077E-02 -2.3177568E-03  1.8234788E-03 -4.1412355E-03
    5175  2.0487652E+03  1.3352828E+00  9.9378737E-01  3.4149539E-01  2.5431452E-01  2.3521123E-01  1.9103285E-02 -2.3039786E-03  1.8246840E-03 -4.1286626E-03
    5176  2.0487747E+03  1.3354319E+00  9.9392783E-01  3.4150408E-01  2.5634046E-01  2.3684998E-01  1.9490480E-02 -2.2862554E-03  1.8294446E-03 -4.1157000E-03
    5177  2.0487841E+03  1.3355869E+00  9.9407483E-01  3.4151205E-01  2.5826040E-01  2.3838359E-01  1.9876804E-02 -2.2725845E-03  1.8296648E-03 -4.1022493E-03
    5178  2.0487935E+03  1.3357296E+00  9.9420848E-01  3.4152109E-01  2.6032164E-01  2.4005688E-01  2.0264757E-02 -2.2549509E-03  1.8333496E-03 -4.0883005E-03
    5179  2.0488029E+03  1.3358851E+00  9.9435403E-01  3.4153107E-01  2.6221340E-01  2.4157239E-01  2.0641008E-02 -2.2405379E-03  1.8334343E-03 -4.0739722E-03
    5180  2.0488124E+03  1.3360492E+00  9.9450809E-01  3.4154108E-01  2.6407653E-01  2.4305469E-01  2.1021836E-02 -2.2199611E-03  1.8392536E-03 -4.0592147E-03
    5181  2.0488218E+03  1.3361963E+00  9.9464502E-01  3.4155126E-01  2.6604611E-01  2.4464290E-01  2.1403211E-02 -2.2055891E-03  1.8383707E-03 -4.0439597E-03
    5182  2.0488312E+03  1.3363596E+00  9.9479769E-01  3.4156186E-01  2.6785855E-01  2.4608553E-01  2.1773012E-02 -2.1860362E-03  1.8422594E-03 -4.0282956E-03
    5183  2.0488406E+03  1.3365213E+00  9.9494827E-01  3.4157300E-01  2.6968156E-01  2.4753265E-01  2.2148912E-02 -2.1684456E-03  1.8437811E-03 -4.0122267E-03
    5184  2.0488500E+03  1.3366823E+00  9.9509802E-01  3.4158426E-01  2.7150320E-01  2.4898290E-01  2.2520294E-02 -2.1485665E-03  1.8470939E-03 -3.9956604E-03
    5185  2.0488595E+03  1.3368452E+00  9.9525015E-01  3.4159504E-01  2.7328980E-01  2.5040299E-01  2.2886803E-02 -2.1298817E-03  1.8488020E-03 -3.9786837E-03
    5186  2.0488689E+03  1.3370136E+00  9.9540610E-01  3.4160753E-01  2.7500675E-01  2.5175179E-01  2.3254953E-02 -2.1090377E-03  1.8522637E-03 -3.9613014E-03
    5187  2.0488783E+03  1.3371711E+00  9.9555297E-01  3.4161809E-01  2.7678612E-01  2.5316415E-01  2.3621973E-02 -2.0912054E-03  1.8522475E-03 -3.9434529E-03
    5188  2.0488877E+03  1.3373508E+00  9.9571914E-01  3.4163165E-01  2.7845132E-01  2.5447079E-01  2.3980531E-02 -2.0690271E-03  1.8561356E-03 -3.9251627E-03
    5189  2.0488972E+03  1.3375155E+00  9.9587118E-01  3.4164430E-01  2.8012578E-01  2.5578282E-01  2.4342960E-02 -2.0518703E-03  1.8546713E-03 -3.9065416E-03
    5190  2.0489066E+03  1.3376827E+00  9.9602640E-01  3.4165626E-01  2.8177249E-01  2.5707353E-01  2.4698960E-02 -2.0269900E-03  1.8604137E-03 -3.8874037E-03
    5191  2.0489160E+03  1.3378581E+00  9.9618789E-01  3.4167026E-01  2.8339917E-01  2.5834556E-01  2.5053616E-02 -2.0077775E-03  1.8601539E-03 -3.8679314E-03
    5192  2.0489254E+03  1.3380266E+00  9.9634329E-01  3.4168330E-01  2.8497482E-01  2.5956786E-01  2.5406955E-02 -1.9835287E-03  1.8644868E-03 -3.8480155E-03
    5193  2.0489349E+03  1.3382064E+00  9.9650971E-01  3.4169669E-01  2.8655075E-01  2.6079159E-01  2.5759164E-02 -1.9615972E-03  1.8659894E-03 -3.8275866E-03
    5194  2.0489443E+03  1.3383732E+00  9.9666169E-01  3.4171156E-01  2.8808166E-01  2.6197759E-01  2.6104067E-02 -1.9366615E-03  1.8700978E-03 -3.8067593E-03
    5195  2.0489537E+03  1.3385537E+00  9.9682877E-01  3.4172490E-01  2.8958496E-01  2.6313619E-01  2.6448768E-02 -1.9142393E-03  1.8713827E-03 -3.7856221E-03
    5196  2.0489631E+03  1.3387308E+00  9.9699062E-01  3.4174016E-01  2.9104389E-01  2.6425125E-01  2.6792643E-02 -1.8907071E-03  1.8732864E-03 -3.7639934E-03
    5197  2.0489726E+03  1.3389044E+00  9.9715045E-01  3.4175399E-01  2.9252016E-01  2.6538692E-01  2.7133241E-02 -1.8655137E-03  1.8764023E-03 -3.7419160E-03
    5198  2.0489820E+03  1.3390848E+00  9.9731534E-01  3.4176942E-01  2.9392440E-01  2.6645589E-01  2.7468511E-02 -1.8418962E-03  1.8776061E-03 -3.7195024E-03
    5199  2.0489914E+03  1.3392587E+00  9.9747448E-01  3.4178418E-01  2.9534607E-01  2.6754066E-01  2.7805406E-02 -1.8151553E-03  1.8815314E-03 -3.6966867E-03
    5200  2.0490008E+03  1.3394447E+00  9.9764519E-01  3.4179955E-01  2.9662863E-01  2.6849191E-01  2.8136720E-02 -1.7925640E-03  1.8808304E-03 -3.6733944E-03
    5201  2.0490102E+03  1.3396161E+00  9.9780065E-01  3.4181542E-01  2.9806333E-01  2.6959535E-01  2.8467983E-02 -1.7640519E-03  1.8856589E-03 -3.6497108E-03
    5202  2.0490197E+03  1.3397981E+00  9.9796738E-01  3.4183072E-01  2.9931898E-01  2.7052674E-01  2.8792235E-02 -1.7392571E-03  1.8864493E-03 -3.6257063E-03
    5203  2.0490291E+03  1.3399855E+00  9.9813769E-01  3.4184776E-01  3.0057015E-01  2.7145443E-01  2.9115724E-02 -1.7123439E-03  1.8888727E-03 -3.6012166E-03
    5204  2.0490385E+03  1.3401564E+00  9.9829363E-01  3.4186273E-01  3.0183656E-01  2.7239694E-01  2.9439613E-02 -1.6854433E-03  1.8909469E-03 -3.5763902E-03
    5205  2.0490479E+03  1.3403381E+00  9.9845841E-01  3.4187965E-01  3.0307971E-01  2.7332342E-01  2.9756290E-02 -1.6567967E-03  1.8943311E-03 -3.5511278E-03
    5206  2.0490574E+03  1.3405204E+00  9.9862422E-01  3.4189620E-01  3.0424318E-01  2.7417161E-01  3.0071574E-02 -1.6299655E-03  1.8955482E-03 -3.5255138E-03
    5207  2.0490668E+03  1.3407015E+00  9.9878853E-01  3.4191298E-01  3.0540216E-01  2.7502044E-01  3.0381721E-02 -1.6030587E-03  1.8964529E-03 -3.4995116E-03
    5208  2.0490762E+03  1.3408806E+00  9.9895121E-01  3.4192938E-01  3.0651525E-01  2.7582247E-01  3.0692779E-02 -1.5737922E-03  1.8993737E-03 -3.4731658E-03
    5209  2.0490856E+03  1.3410621E+00  9.9911444E-01  3.4194766E-01  3.0763972E-01  2.7663942E-01  3.1000300E-02 -1.5439986E-03  1.9023451E-03 -3.4463436E-03
    5210  2.0490951E+03  1.3412413E+00  9.9927688E-01  3.4196440E-01  3.0870017E-01  2.7739674E-01  3.1303435E-02 -1.5145357E-03  1.9046346E-03 -3.4191704E-03
    5211  2.0491045E+03  1.3414233E+00  9.9944189E-01  3.4198139E-01  3.0971889E-01  2.7811789E-01  3.1601005E-02 -1.4831486E-03  1.9084362E-03 -3.3915847E-03
    5212  2.0491139E+03  1.3415977E+00  9.9959843E-01  3.4199928E-01  3.1074176E-01  2.7883908E-01  3.1902687E-02 -1.4528896E-03  1.9108360E-03 -3.3637256E-03
    5213  2.0491233E+03  1.3417842E+00  9.9976683E-01  3.4201733E-01  3.1172689E-01  2.7953119E-01  3.2195700E-02 -1.4241276E-03  1.9112222E-03 -3.3353498E-03
    5214  2.0491327E+03  1.3419582E+00  9.9992346E-01  3.4203475E-01  3.1266598E-01  2.8018262E-01  3.2483361E-02 -1.3925270E-03  1.9141753E-03 -3.3067023E-03
    5215  2.0491422E+03  1.3421399E+00  1.0000872E+00  3.4205270E-01  3.1357026E-01  2.8079925E-01  3.2771007E-02 -1.3617985E-03  1.9159550E-03 -3.2777535E-03
    5216  2.0491516E+03  1.3423149E+00  1.0002445E+00  3.4207031E-01  3.1448960E-01  2.8143252E-01  3.3057085E-02 -1.3292412E-03  1.9191346E-03 -3.2483758E-03
    5217  2.0491610E+03  1.3424929E+00  1.0004041E+00  3.4208884E-01  3.1527343E-01  2.8193675E-01  3.3336685E-02 -1.2990876E-03  1.9195105E-03 -3.2185981E-03
    5218  2.0491704E+03  1.3426689E+00  1.0005613E+00  3.4210756E-01  3.1618216E-01  2.8256411E-01  3.3618047E-02 -1.2656927E-03  1.9227786E-03 -3.1884713E-03
    5219  2.0491799E+03  1.3428478E+00  1.0007222E+00  3.4212561E-01  3.1694244E-01  2.8305028E-01  3.3892166E-02 -1.2328555E-03  1.9251731E-03 -3.1580286E-03
    5220  2.0491893E+03  1.3430173E+00  1.0008729E+00  3.4214432E-01  3.1767820E-01  2.8351701E-01  3.4161187E-02 -1.2000590E-03  1.9271493E-03 -3.1272082E-03
    5221  2.0491987E+03  1.3431955E+00  1.0010320E+00  3.4216356E-01  3.1845009E-01  2.8401631E-01  3.4433780E-02 -1.1669536E-03  1.9291282E-03 -3.0960818E-03
    5222  2.0492081E+03  1.3433648E+00  1.0011840E+00  3.4218074E-01  3.1912599E-01  2.8443084E-01  3.4695152E-02 -1.1338622E-03  1.9306876E-03 -3.0645498E-03
    5223  2.0492176E+03  1.3435413E+00  1.0013406E+00  3.4220074E-01  3.1979289E-01  2.8483553E-01  3.4957364E-02 -1.0979746E-03  1.9347571E-03 -3.0327317E-03
    5224  2.0492270E+03  1.3437087E+00  1.0014892E+00  3.4221950E-01  3.2045842E-01  2.8524045E-01  3.5217967E-02 -1.0649728E-03  1.9355716E-03 -3.0005444E-03
    5225  2.0492364E+03  1.3438759E+00  1.0016389E+00  3.4223703E-01  3.2104985E-01  2.8558061E-01  3.5469243E-02 -1.0314238E-03  1.9366069E-03 -2.9680308E-03
    5226  2.0492458E+03  1.3440517E+00  1.0017935E+00  3.4225819E-01  3.2161146E-01  2.8588920E-01  3.5722250E-02 -9.9398315E-04  1.9412249E-03 -2.9352080E-03
    5227  2.0492552E+03  1.3442125E+00  1.0019371E+00  3.4227538E-01  3.2217207E-01  2.8620192E-01  3.5970148E-02 -9.5956525E-04  1.9424427E-03 -2.9020080E-03
    5228  2.0492647E+03  1.3443835E+00  1.0020889E+00  3.4229454E-01  3.2268594E-01  2.8647351E-01  3.6212428E-02 -9.2361681E-04  1.9449067E-03 -2.8685235E-03
    5229  2.0492741E+03  1.3445401E+00  1.0022261E+00  3.4231405E-01  3.2315944E-01  2.8670669E-01  3.6452749E-02 -8.8865505E-04  1.9460645E-03 -2.8347195E-03
    5230  2.0492835E+03  1.3447099E+00  1.0023766E+00  3.4233332E-01  3.2363017E-01  2.8693803E-01  3.6692143E-02 -8.4985836E-04  1.9507319E-03 -2.8005903E-03
    5231  2.0492929E+03  1.3448653E+00  1.0025134E+00  3.4235190E-01  3.2402280E-01  2.8709908E-01  3.6923718E-02 -8.1570047E-04  1.9504127E-03 -2.7661132E-03
    5232  2.0493024E+03  1.3450316E+00  1.0026603E+00  3.4237128E-01  3.2443854E-01  2.8728470E-01  3.7153847E-02 -7.7844483E-04  1.9529029E-03 -2.7313477E-03
    5233  2.0493118E+03  1.3451814E+00  1.0027913E+00  3.4239012E-01  3.2476226E-01  2.8738047E-01  3.7381790E-02 -7.3865842E-04  1.9576419E-03 -2.6963003E-03
    5234  2.0493212E+03  1.3453478E+00  1.0029375E+00  3.4241027E-01  3.2510417E-01  2.8749689E-01  3.7607287E-02 -7.0550787E-04  1.9553699E-03 -2.6608777E-03
    5235  2.0493306E+03  1.3454942E+00  1.0030665E+00  3.4242764E-01  3.2542149E-01  2.8759923E-01  3.7822261E-02 -6.6368542E-04  1.9615071E-03 -2.6251926E-03
    5236  2.0493401E+03  1.3456480E+00  1.0032003E+00  3.4244770E-01  3.2564903E-01  2.8761060E-01  3.8038422E-02 -6.2848652E-04  1.9608047E-03 -2.5892912E-03
    5237  2.0493495E+03  1.3457999E+00  1.0033333E+00  3.4246654E-01  3.2589729E-01  2.8764504E-01  3.8252248E-02 -5.8856055E-04  1.9644214E-03 -2.5529820E-03
    5238  2.0493589E+03  1.3459493E+00  1.0034642E+00  3.4248508E-01  3.2609400E-01  2.8763592E-01  3.8458079E-02 -5.5060094E-04  1.9657983E-03 -2.5163992E-03
    5239  2.0493683E+03  1.3460944E+00  1.0035902E+00  3.4250420E-01  3.2626849E-01  2.8760484E-01  3.8663656E-02 -5.0984655E-04  1.9697533E-03 -2.4795999E-03
    5240  2.0493778E+03  1.3462356E+00  1.0037128E+00  3.4252289E-01  3.2635847E-01  2.8749443E-01  3.8864044E-02 -4.7578402E-04  1.9666504E-03 -2.4424345E-03
    5241  2.0493872E+03  1.3463847E+00  1.0038429E+00  3.4254181E-01  3.2654100E-01  2.8747997E-01  3.9061030E-02 -4.3058479E-04  1.9744148E-03 -2.4049996E-03
    5242  2.0493966E+03  1.3465191E+00  1.0039590E+00  3.4256009E-01  3.2654596E-01  2.8729685E-01  3.9249115E-02 -3.9360699E-04  1.9737867E-03 -2.3673937E-03
    5243  2.0494060E+03  1.3466628E+00  1.0040837E+00  3.4257911E-01  3.2661609E-01  2.8717317E-01  3.9442922E-02 -3.5370165E-04  1.9757480E-03 -2.3294497E-03
    5244  2.0494154E+03  1.3467916E+00  1.0041938E+00  3.4259779E-01  3.2663561E-01  2.8700729E-01  3.9628328E-02 -3.1109991E-04  1.9800907E-03 -2.2911906E-03
    5245  2.0494249E+03  1.3469301E+00  1.0043139E+00  3.4261622E-01  3.2659398E-01  2.8678465E-01  3.9809338E-02 -2.7063759E-04  1.9820792E-03 -2.2527168E-03
    5246  2.0494343E+03  1.3470564E+00  1.0044216E+00  3.4263483E-01  3.2654346E-01  2.8655268E-01  3.9990773E-02 -2.3387952E-04  1.9800552E-03 -2.2139347E-03
    5247  2.0494437E+03  1.3471884E+00  1.0045351E+00  3.4265335E-01  3.2646004E-01  2.8629652E-01  4.0163520E-02 -1.8832185E-04  1.9865701E-03 -2.1748920E-03
    5248  2.0494531E+03  1.3473129E+00  1.0046418E+00  3.4267105E-01  3.2636111E-01  2.8602893E-01  4.0332174E-02 -1.4949119E-04  1.9861839E-03 -2.1356751E-03
    5249  2.0494626E+03  1.3474344E+00  1.0047454E+00  3.4268897E-01  3.2617361E-01  2.8567828E-01  4.0495325E-02 -1.0852534E-04  1.9876653E-03 -2.0961906E-03
    5250  2.0494720E+03  1.3475591E+00  1.0048517E+00  3.4270746E-01  3.2605504E-01  2.8539050E-01  4.0664532E-02 -6.3467375E-05  1.9930281E-03 -2.0564955E-03
    5251  2.0494814E+03  1.3476679E+00  1.0049430E+00  3.4272484E-01  3.2573813E-01  2.8492119E-01  4.0816943E-02 -2.5912937E-05  1.9904808E-03 -2.0163938E-03
    5252  2.0494908E+03  1.3477986E+00  1.0050560E+00  3.4274265E-01  3.2564460E-01  2.8467277E-01  4.0971821E-02  1.9929678E-05  1.9961253E-03 -1.9761956E-03
    5253  2.0495003E+03  1.3478960E+00  1.0051365E+00  3.4275948E-01  3.2524229E-01  2.8412327E-01  4.1119023E-02  6.0790374E-05  1.9966509E-03 -1.9358606E-03
    5254  2.0495097E+03  1.3480172E+00  1.0052390E+00  3.4277824E-01  3.2500597E-01  2.8373424E-01  4.1271727E-02  1.0301966E-04  1.9981189E-03 -1.8950993E-03
    5255  2.0495191E+03  1.3481185E+00  1.0053244E+00  3.4279408E-01  3.2465261E-01  2.8324655E-01  4.1406057E-02  1.4614891E-04  2.0003207E-03 -1.8541718E-03
    5256  2.0495285E+03  1.3482211E+00  1.0054095E+00  3.4281160E-01  3.2426202E-01  2.8271526E-01  4.1546758E-02  1.8967789E-04  2.0028774E-03 -1.8131995E-03
    5257  2.0495379E+03  1.3483251E+00  1.0054965E+00  3.4282862E-01  3.2390315E-01  2.8221915E-01  4.1683999E-02  2.3194353E-04  2.0037219E-03 -1.7717784E-03
    5258  2.0495474E+03  1.3484232E+00  1.0055780E+00  3.4284525E-01  3.2344622E-01  2.8163688E-01  4.1809337E-02  2.7609868E-04  2.0063344E-03 -1.7302357E-03
    5259  2.0495568E+03  1.3485138E+00  1.0056518E+00  3.4286196E-01  3.2297881E-01  2.8103769E-01  4.1941113E-02  3.1989301E-04  2.0083929E-03 -1.6884999E-03
    5260  2.0495662E+03  1.3486137E+00  1.0057353E+00  3.4287840E-01  3.2251628E-01  2.8045419E-01  4.2062090E-02  3.6364079E-04  2.0100940E-03 -1.6464532E-03
    5261  2.0495756E+03  1.3486988E+00  1.0058052E+00  3.4289362E-01  3.2198017E-01  2.7980534E-01  4.2174830E-02  4.0635154E-04  2.0107537E-03 -1.6044022E-03
    5262  2.0495851E+03  1.3487856E+00  1.0058751E+00  3.4291042E-01  3.2141290E-01  2.7911800E-01  4.2294899E-02  4.5196144E-04  2.0140670E-03 -1.5621055E-03
    5263  2.0495945E+03  1.3488669E+00  1.0059413E+00  3.4292564E-01  3.2083013E-01  2.7843164E-01  4.2398489E-02  4.9690699E-04  2.0163450E-03 -1.5194380E-03
    5264  2.0496039E+03  1.3489462E+00  1.0060057E+00  3.4294056E-01  3.2023008E-01  2.7772853E-01  4.2501552E-02  5.3903523E-04  2.0158694E-03 -1.4768341E-03
    5265  2.0496133E+03  1.3490252E+00  1.0060675E+00  3.4295764E-01  3.1956369E-01  2.7694848E-01  4.2615216E-02  5.8546489E-04  2.0194302E-03 -1.4339653E-03
    5266  2.0496228E+03  1.3490951E+00  1.0061230E+00  3.4297204E-01  3.1891109E-01  2.7619975E-01  4.2711333E-02  6.3110284E-04  2.0217564E-03 -1.3906535E-03
    5267  2.0496322E+03  1.3491723E+00  1.0061858E+00  3.4298645E-01  3.1820378E-01  2.7540366E-01  4.2800123E-02  6.7626022E-04  2.0236622E-03 -1.3474019E-03
    5268  2.0496416E+03  1.3492300E+00  1.0062292E+00  3.4300077E-01  3.1742948E-01  2.7454138E-01  4.2888094E-02  7.2219142E-04  2.0262930E-03 -1.3041016E-03
    5269  2.0496510E+03  1.3493003E+00  1.0062850E+00  3.4301526E-01  3.1669025E-01  2.7371703E-01  4.2973217E-02  7.6576583E-04  2.0262101E-03 -1.2604443E-03
    5270  2.0496604E+03  1.3493587E+00  1.0063282E+00  3.4303060E-01  3.1589891E-01  2.7283592E-01  4.3062995E-02  8.1302967E-04  2.0297512E-03 -1.2167215E-03
    5271  2.0496699E+03  1.3494165E+00  1.0063726E+00  3.4304390E-01  3.1504175E-01  2.7190644E-01  4.3135315E-02  8.5619397E-04  2.0288517E-03 -1.1726577E-03
    5272  2.0496793E+03  1.3494651E+00  1.0064083E+00  3.4305676E-01  3.1421366E-01  2.7100876E-01  4.3204900E-02  9.0322582E-04  2.0318385E-03 -1.1286126E-03
    5273  2.0496887E+03  1.3495225E+00  1.0064519E+00  3.4307052E-01  3.1330265E-01  2.7002912E-01  4.3273531E-02  9.4820843E-04  2.0327054E-03 -1.0844969E-03
    5274  2.0496981E+03  1.3495612E+00  1.0064782E+00  3.4308302E-01  3.1238746E-01  2.6905019E-01  4.3337268E-02  9.9377713E-04  2.0339423E-03 -1.0401652E-03
    5275  2.0497076E+03  1.3496150E+00  1.0065188E+00  3.4309618E-01  3.1145274E-01  2.6805722E-01  4.3395524E-02  1.0408381E-03  2.0364885E-03 -9.9565035E-04
    5276  2.0497170E+03  1.3496431E+00  1.0065349E+00  3.4310814E-01  3.1045446E-01  2.6700197E-01  4.3452491E-02  1.0875817E-03  2.0386706E-03 -9.5108886E-04
    5277  2.0497264E+03  1.3496874E+00  1.0065666E+00  3.4312074E-01  3.0944985E-01  2.6594584E-01  4.3504018E-02  1.1337044E-03  2.0400249E-03 -9.0632043E-04
    5278  2.0497358E+03  1.3497163E+00  1.0065836E+00  3.4313267E-01  3.0841404E-01  2.6486128E-01  4.3552757E-02  1.1804727E-03  2.0419086E-03 -8.6143591E-04
    5279  2.0497453E+03  1.3497506E+00  1.0066063E+00  3.4314431E-01  3.0737249E-01  2.6377531E-01  4.3597185E-02  1.2273408E-03  2.0437657E-03 -8.1642487E-04
    5280  2.0497547E+03  1.3497694E+00  1.0066137E+00  3.4315566E-01  3.0621372E-01  2.6257859E-01  4.3635124E-02  1.2729533E-03  2.0442495E-03 -7.7129621E-04
    5281  2.0497641E+03  1.3497974E+00  1.0066305E+00  3.4316694E-01  3.0514028E-01  2.6146647E-01  4.3673807E-02  1.3201187E-03  2.0461908E-03 -7.2607211E-04
    5282  2.0497735E+03  1.3498147E+00  1.0066369E+00  3.4317785E-01  3.0397987E-01  2.6027438E-01  4.3705493E-02  1.3681797E-03  2.0488759E-03 -6.8069613E-04
    5283  2.0497829E+03  1.3498272E+00  1.0066395E+00  3.4318765E-01  3.0277298E-01  2.5904500E-01  4.3727981E-02  1.4143111E-03  2.0495206E-03 -6.3520951E-04
    5284  2.0497924E+03  1.3498464E+00  1.0066484E+00  3.4319802E-01  3.0158567E-01  2.5783628E-01  4.3749394E-02  1.4605264E-03  2.0502746E-03 -5.8974820E-04
    5285  2.0498018E+03  1.3498453E+00  1.0066383E+00  3.4320699E-01  3.0033141E-01  2.5656353E-01  4.3767874E-02  1.5100158E-03  2.0541736E-03 -5.4415785E-04
    5286  2.0498112E+03  1.3498575E+00  1.0066395E+00  3.4321807E-01  2.9905324E-01  2.5526883E-01  4.3784414E-02  1.5550567E-03  2.0534251E-03 -4.9836845E-04
    5287  2.0498206E+03  1.3498511E+00  1.0066249E+00  3.4322620E-01  2.9775674E-01  2.5396184E-01  4.3794895E-02  1.6045023E-03  2.0569942E-03 -4.5249190E-04
    5288  2.0498301E+03  1.3498598E+00  1.0066249E+00  3.4323489E-01  2.9644653E-01  2.5264933E-01  4.3797195E-02  1.6500834E-03  2.0566612E-03 -4.0657784E-04
    5289  2.0498395E+03  1.3498448E+00  1.0066017E+00  3.4324316E-01  2.9507204E-01  2.5127513E-01  4.3796907E-02  1.6989182E-03  2.0596025E-03 -3.6068433E-04
    5290  2.0498489E+03  1.3498395E+00  1.0065883E+00  3.4325119E-01  2.9369644E-01  2.4989997E-01  4.3796472E-02  1.7452698E-03  2.0599246E-03 -3.1465478E-04
    5291  2.0498583E+03  1.3498245E+00  1.0065649E+00  3.4325967E-01  2.9228647E-01  2.4849616E-01  4.3790311E-02  1.7907136E-03  2.0592355E-03 -2.6852191E-04
    5292  2.0498678E+03  1.3498101E+00  1.0065437E+00  3.4326640E-01  2.9084923E-01  2.4707286E-01  4.3776371E-02  1.8414698E-03  2.0638355E-03 -2.2236573E-04
    5293  2.0498772E+03  1.3497885E+00  1.0065144E+00  3.4327411E-01  2.8936935E-01  2.4560670E-01  4.3762651E-02  1.8864424E-03  2.0626219E-03 -1.7617944E-04
    5294  2.0498866E+03  1.3497652E+00  1.0064846E+00  3.4328068E-01  2.8789026E-01  2.4414579E-01  4.3744465E-02  1.9365971E-03  2.0664382E-03 -1.2984113E-04
    5295  2.0498960E+03  1.3497407E+00  1.0064540E+00  3.4328674E-01  2.8638036E-01  2.4266349E-01  4.3716866E-02  1.9818543E-03  2.0653509E-03 -8.3496570E-05
    5296  2.0499055E+03  1.3497028E+00  1.0064098E+00  3.4329301E-01  2.8477798E-01  2.4108795E-01  4.3690031E-02  2.0324408E-03  2.0696341E-03 -3.7193256E-05
    5297  2.0499149E+03  1.3496788E+00  1.0063792E+00  3.4329954E-01  2.8325415E-01  2.3959064E-01  4.3663509E-02  2.0790984E-03  2.0698054E-03  9.2930367E-06
    5298  2.0499243E+03  1.3496369E+00  1.0063336E+00  3.4330329E-01  2.8163799E-01  2.3801762E-01  4.3620370E-02  2.1265025E-03  2.0706929E-03  5.5809613E-05
    5299  2.0499337E+03  1.3495946E+00  1.0062855E+00  3.4330912E-01  2.7999769E-01  2.3641778E-01  4.3579904E-02  2.1744631E-03  2.0722479E-03  1.0221520E-04
    5300  2.0499431E+03  1.3495503E+00  1.0062370E+00  3.4331330E-01  2.7835448E-01  2.3481740E-01  4.3537085E-02  2.2226433E-03  2.0738894E-03  1.4875385E-04
    5301  2.0499526E+03  1.3495040E+00  1.0061861E+00  3.4331791E-01  2.7666376E-01  2.3317672E-01  4.3487045E-02  2.2697014E-03  2.0743678E-03  1.9533353E-04
    5302  2.0499620E+03  1.3494512E+00  1.0061292E+00  3.4332196E-01  2.7494590E-01  2.3151090E-01  4.3435002E-02  2.3179762E-03  2.0760852E-03  2.4189102E-04
    5303  2.0499714E+03  1.3493989E+00  1.0060741E+00  3.4332481E-01  2.7323105E-01  2.2985301E-01  4.3378032E-02  2.3655935E-03  2.0771209E-03  2.8847256E-04
    5304  2.0499808E+03  1.3493450E+00  1.0060156E+00  3.4332942E-01  2.7147230E-01  2.2815381E-01  4.3318493E-02  2.4131216E-03  2.0780740E-03  3.3504760E-04
    5305  2.0499903E+03  1.3492694E+00  1.0059391E+00  3.4333035E-01  2.6965703E-01  2.2640718E-01  4.3249851E-02  2.4618111E-03  2.0801220E-03  3.8168910E-04
    5306  2.0499997E+03  1.3492199E+00  1.0058859E+00  3.4333399E-01  2.6786250E-01  2.2468114E-01  4.3181359E-02  2.5086044E-03  2.0803543E-03  4.2825010E-04
    5307  2.0500000E+03  1.3488534E+00  1.0055172E+00  3.4333616E-01  2.6781174E-01  2.2463318E-01  4.3178565E-02  9.5733589E-03  9.1446129E-03  4.2874600E-04
